Workbook
Name Liste: parameters!$A$2:$A$3
Name liste1: #REF!
Name liste2: #REF!
Name SOCIETE: parameters!$A$8:$A$55

Sheet read me
B1: INSTRUCTIONS FOR USE
B3: The aim of this document is to follow the orderbook per week.
B5: This document has to be sent each Friday afternoon to : | H5: dashboard@diaminter.com
B11: How to fill in the document :
C13: 1 | D13: Select the worksheet for the appropriate week
C15: 2 | D15: Fill in your company name in the cell G2
C17: 3 | D17: The current month corresponding to the week is automatically mentionned: please make sure to report data for this month (and not previous or next one when the week runs over two different months)
C19: 4 | D19: Column E : Fill in product name
C21: 5 | D21: Column F : Fill in customers statut (external or internal customers)
C23: 6 | D23: Column G : fill in the customers name
C25: 7 | D25: Please never correct the worksheet of a past week
C27: 8 | D27: You can update the pivot tables on the worksheet [analysis week] to see the detailed variations by customers in the orderbook from previous week to ongoing week
C29: 9 | D29: This is a synthesis of the orders taken and the sales invoiced during the year. Please update the YTD figures at the end of each months (yellow cells) to show the
B33: IMPORTANT : At the end of the month, orders not yet delivered, have to be automatically transferred to the next month.
D34: Once the orders have been invoiced (and so the amount is indicated as turnover), the orders should disappear of the table.

Sheet parameters
D1: Entity to select
A2: Group | D2: DE HONG KONG
A3: External
D4: =VLOOKUP(D2,$A$8:$C$52,3,FALSE) -> k€
A8: TO SELECT | B8: Automatic data
A9: Diam France | B9: DFR | C9: k€ | G9: W1 | H9: January | J9: January | K9: 46023
A10: Diam Lurcy | B10: DLU | C10: k€ | G10: W2 | H10: January | I10: W1 | J10: February | K10: 46054
A11: Diam Yzeure | B11: DYZ | C11: k€ | G11: W3 | H11: January | I11: W2 | J11: March | K11: 46082
A12: Diam Tunisie | B12: DTN | C12: k€ | G12: W4 | H12: January | I12: W3 | J12: April | K12: 46113
A13: Diam Tunisie Prestige | B13: DTP | C13: k€ | G13: W5 | H13: January | I13: W4 | J13: May | K13: 46143
A14: Diam Turkey | B14: DTK | C14: k€ | G14: W6 | H14: February | I14: W5 | J14: June | K14: 46174
A15: Diam Italy | B15: DIT | C15: k€ | G15: W7 | H15: February | I15: W6 | J15: July | K15: 46204
A16: Diam Prestige Europe | B16: PEM | C16: k€ | G16: W8 | H16: February | I16: W7 | J16: August | K16: 46235
A17: Diam UK | B17: DUK | C17: k£ | G17: W9 | H17: February | I17: W8 | J17: September | K17: 46266
A18: Fieldflex UK | B18: FFUK | C18: k£ | G18: W10 | H18: March | I18: W9 | J18: October | K18: 46296
A19: Diam Germany | B19: DEU | C19: k€ | G19: W11 | H19: March | I19: W10 | J19: November | K19: 46327
A20: Diam Poland | B20: DPO | C20: k€ | G20: W12 | H20: March | I20: W11 | J20: December | K20: 46357
A21: Diam Premium North America | B21: DPN | C21: k$ | G21: W13 | H21: March | I21: W12
A22: D 3 LLC | B22: D3 | C22: k$ | G22: W14 | H22: April | I22: W13
A23: CONEX US | B23: CNX | C23: k$ | G23: W15 | H23: April | I23: W14
A24: CONEX EU | B24: CNE | C24: k€ | G24: W16 | H24: April | I24: W15
A25: CONEX APAC | B25: CNA | C25: k$ | G25: W17 | H25: April | I25: W16
A26: PRUGENT US | B26: PUS | C26: k$ | G26: W18 | H26: April | I26: W17
A27: Fieldflex US | B27: FFUS | C27: k$ | G27: W19 | H27: May | I27: W18
A28: Back to Diam | B28: B2D | C28: k$ | G28: W20 | H28: May | I28: W19
A29: Diam Mexico | B29: DMX | C29: k$ | G29: W21 | H29: May | I29: W20
A30: Diam Brazil | B30: DBR | C30: k€ | G30: W22 | H30: May | I30: W21
A31: Diam CHINA | B31: DDC | C31: k€ | G31: W23 | H31: June | I31: W22
A32: DE HONG KONG | B32: DEHK | C32: k€ | G32: W24 | H32: June | I32: W23
... A52: RETAIL 3D | B52: R3D | C52: k€ | G52: W44 | H52: October | I52: W43
G53: W45 | H53: November | I53: W44
G54: W46 | H54: November | I54: W45
G55: W47 | H55: November | I55: W46
G56: W48 | H56: November | I56: W47
G57: W49 | H57: December | I57: W48
G58: W50 | H58: December | I58: W49
G59: W51 | H59: December | I59: W50
G60: W52 | H60: December | I60: W51
G61: W53 | H61: December | I61: W52

Sheet analysis week
B2: Entity | C2: =+'W1'!G2 -> DE HONG KONG | D2: =VLOOKUP(C2, parameters!A:B, 2,0) -> DEHK
B4: Week | C4: W2 | D4: =VLOOKUP(C4, parameters!G:I,3,0) -> W1
B7: Var 2026 | H7: Var 2027
C9: External | D9: Group | E9: Total | I9: External | J9: Group | K9: Total
B10: ="Var in sales 2025 - "&D4&" to "&C4 -> Var in sales 2025 - W1 to W2 | C10: =+C16-C22 -> 65.798 | D10: =+D16-D22 -> 68.362 | E10: =+E16-E22 -> 134.16 | H10: =+"Orderbook "&$C$4 -> Orderbook W2 | I10: {=INDIRECT(ADDRESS(17,12,,,$C$4))} -> 0 | J10: {=INDIRECT(ADDRESS(18,12,,,$C$4))} -> 0 | K10: =SUM(I10:J10) -> 0
B11: ="Var in orderbook 2025 - "&D4&" to "&C4 -> Var in orderbook 2025 - W1 to W2 | C11: =+C17-C23 -> 131.202 | D11: =+D17-D23 -> 133.301 | E11: =+E17-E23 -> 264.503 | H11: =+"Orderbook "&$D$4 -> Orderbook W1 | I11: {=INDIRECT(ADDRESS(17,12,,,$D$4))} -> 0 | J11: {=INDIRECT(ADDRESS(18,12,,,$D$4))} -> 0 | K11: =SUM(I11:J11) -> 0
B12: ="Var in forecast 2025 - "&D4&" to "&C4 -> Var in forecast 2025 - W1 to W2 | C12: =+C18-C24 -> 197 | D12: =+D18-D24 -> 201.663 | E12: =+E18-E24 -> 398.663 | H12: ="Var in orderbook - "&D4&" to "&C4 -> Var in orderbook - W1 to W2 | I12: =+I10-I11 -> 0 | J12: =+J10-J11 -> 0 | K12: =+K10-K11 -> 0
C13: =+C12-SUM(C10:C11) -> -2.2737368e-13 | D13: =+D12-SUM(D10:D11) -> 0 | E13: =+E12-SUM(E10:E11) -> 0
C15: External | D15: Group | E15: Total | H15: Somme de 2027 | I15: Étiquettes de colonnes
B16: =+"Sales "&$C$4 -> Sales W2 | C16: {=INDIRECT(ADDRESS(10,8,,,$C$4))} -> 65.798 | D16: {=INDIRECT(ADDRESS(11,8,,,$C$4))} -> 68.362 | E16: =SUM(C16:D16) -> 134.16 | H16: Étiquettes de lignes | I16: W2 | J16: W1 | K16: Var
B17: =+"Orderbook "&$C$4 -> Orderbook W2 | C17: {=INDIRECT(ADDRESS(17,11,,,$C$4))} -> 7404.08 | D17: {=INDIRECT(ADDRESS(18,11,,,$C$4))} -> 4795.099 | E17: =SUM(C17:D17) -> 12199.179 | H17: 0 | I17: 0 | J17: 0 | K17: =+I17-J17 -> 0
B18: =+"Forecast "&$C$4 -> Forecast W2 | C18: =SUM(C16:C17) -> 7469.878 | D18: =SUM(D16:D17) -> 4863.461 | E18: =SUM(E16:E17) -> 12333.339 | H18: Total général | I18: 0 | J18: 0 | K18: =+I18-J18 -> 0
K19: =+I19-J19 -> 0
K20: =+I20-J20 -> 0
C21: External | D21: Group | E21: Total | K21: =+I21-J21 -> 0
B22: =+"Sales "&$D$4 -> Sales W1 | C22: {=INDIRECT(ADDRESS(10,8,,,$D$4))} -> 0 | D22: {=INDIRECT(ADDRESS(11,8,,,$D$4))} -> 0 | E22: =SUM(C22:D22) -> 0 | K22: =+I22-J22 -> 0
B23: =+"Orderbook "&$D$4 -> Orderbook W1 | C23: {=INDIRECT(ADDRESS(17,11,,,$D$4))} -> 7272.878 | D23: {=INDIRECT(ADDRESS(18,11,,,$D$4))} -> 4661.798 | E23: =SUM(C23:D23) -> 11934.676 | K23: =+I23-J23 -> 0
B24: =+"Forecast "&$D$4 -> Forecast W1 | C24: =SUM(C22:C23) -> 7272.878 | D24: =SUM(D22:D23) -> 4661.798 | E24: =SUM(E22:E23) -> 11934.676 | K24: =+I24-J24 -> 0
K25: =+I25-J25 -> 0
K26: =+I26-J26 -> 0
B27: Somme de 2026 | C27: Étiquettes de colonnes | K27: =+I27-J27 -> 0
B28: Étiquettes de lignes | C28: W2 | D28: W1 | E28: Var | K28: =+I28-J28 -> 0
B29: 0 | C29: 0 | D29: 0 | E29: =+C29-D29 -> 0 | K29: =+I29-J29 -> 0
B30: Total général | C30: 0 | D30: 0 | E30: =+C30-D30 -> 0 | K30: =+I30-J30 -> 0
E31: =+C31-D31 -> 0 | K31: =+I31-J31 -> 0
E32: =+C32-D32 -> 0 | K32: =+I32-J32 -> 0
E33: =+C33-D33 -> 0 | K33: =+I33-J33 -> 0
E34: =+C34-D34 -> 0 | K34: =+I34-J34 -> 0
E35: =+C35-D35 -> 0 | K35: =+I35-J35 -> 0
E36: =+C36-D36 -> 0 | K36: =+I36-J36 -> 0
E37: =+C37-D37 -> 0 | K37: =+I37-J37 -> 0
E38: =+C38-D38 -> 0 | K38: =+I38-J38 -> 0
E39: =+C39-D39 -> 0 | K39: =+I39-J39 -> 0
E40: =+C40-D40 -> 0 | K40: =+I40-J40 -> 0
E41: =+C41-D41 -> 0 | K41: =+I41-J41 -> 0
E42: =+C42-D42 -> 0 | K42: =+I42-J42 -> 0
... E93: =+C93-D93 -> 0 | K93: =+I93-J93 -> 0
E94: =+C94-D94 -> 0
E95: =+C95-D95 -> 0
E96: =+C96-D96 -> 0
E97: =+C97-D97 -> 0
E98: =+C98-D98 -> 0
E99: =+C99-D99 -> 0
E100: =+C100-D100 -> 0
E101: =+C101-D101 -> 0
E102: =+C102-D102 -> 0
E103: =+C103-D103 -> 0
E104: =+C104-D104 -> 0
E105: =+C105-D105 -> 0
E106: =+C106-D106 -> 0

Sheet DB analysis orders
C2: Week | D2: =+'analysis week'!C4 -> W2 | E2: =+'analysis week'!D4 -> W1
C4: 5 | D4: =+C4+1 -> 6 | E4: =+D4+1 -> 7 | F4: =+E4+1 -> 8 | G4: =+F4+1 -> 9 | H4: =+G4+1 -> 10 | I4: =+H4+1 -> 11 | J4: =+I4+1 -> 12
B5: Week | C5: Order to be delivered | D5: External or Group | E5: Customers orders | F5: Quantity | G5: DGC | H5: TOTAL ORDERBOOK | I5: 2026 | J5: 2027
A6: =+INDEX(MATCH("X", 'W1'!D:D,0),,) -> 24 | B6: =+$D$2 -> W2 | C6: {=INDIRECT(ADDRESS($A6,C$4,,,$B6))} -> D3 | D6: {=INDIRECT(ADDRESS($A6,D$4,,,$B6))} -> Group | E6: {=INDIRECT(ADDRESS($A6,E$4,,,$B6))} -> D3 | F6: {=INDIRECT(ADDRESS($A6,F$4,,,$B6))} -> 0 | G6: {=INDIRECT(ADDRESS($A6,G$4,,,$B6))} -> G | H6: {=INDIRECT(ADDRESS($A6,H$4,,,$B6))} -> 3331.75 | I6: {=INDIRECT(ADDRESS($A6,I$4,,,$B6))} -> 3331.75 | J6: {=INDIRECT(ADDRESS($A6,J$4,,,$B6))} -> 0
A7: =+A6+1 -> 25 | B7: =+$D$2 -> W2 | C7: {=INDIRECT(ADDRESS($A7,C$4,,,$B7))} -> Diam France | D7: {=INDIRECT(ADDRESS($A7,D$4,,,$B7))} -> Group | E7: {=INDIRECT(ADDRESS($A7,E$4,,,$B7))} -> Diam France | F7: {=INDIRECT(ADDRESS($A7,F$4,,,$B7))} -> 0 | G7: {=INDIRECT(ADDRESS($A7,G$4,,,$B7))} -> G | H7: {=INDIRECT(ADDRESS($A7,H$4,,,$B7))} -> 16.781 | I7: {=INDIRECT(ADDRESS($A7,I$4,,,$B7))} -> 16.781 | J7: {=INDIRECT(ADDRESS($A7,J$4,,,$B7))} -> 0
A8: =+A7+1 -> 26 | B8: =+$D$2 -> W2 | C8: {=INDIRECT(ADDRESS($A8,C$4,,,$B8))} -> DIAM Turkey | D8: {=INDIRECT(ADDRESS($A8,D$4,,,$B8))} -> Group | E8: {=INDIRECT(ADDRESS($A8,E$4,,,$B8))} -> DIAM Turkey | F8: {=INDIRECT(ADDRESS($A8,F$4,,,$B8))} -> 0 | G8: {=INDIRECT(ADDRESS($A8,G$4,,,$B8))} -> G | H8: {=INDIRECT(ADDRESS($A8,H$4,,,$B8))} -> 166.23 | I8: {=INDIRECT(ADDRESS($A8,I$4,,,$B8))} -> 166.23 | J8: {=INDIRECT(ADDRESS($A8,J$4,,,$B8))} -> 0
A9: =+A8+1 -> 27 | B9: =+$D$2 -> W2 | C9: {=INDIRECT(ADDRESS($A9,C$4,,,$B9))} -> Nevacril | D9: {=INDIRECT(ADDRESS($A9,D$4,,,$B9))} -> Group | E9: {=INDIRECT(ADDRESS($A9,E$4,,,$B9))} -> Nevacril | F9: {=INDIRECT(ADDRESS($A9,F$4,,,$B9))} -> 0 | G9: {=INDIRECT(ADDRESS($A9,G$4,,,$B9))} -> G | H9: {=INDIRECT(ADDRESS($A9,H$4,,,$B9))} -> 3.259 | I9: {=INDIRECT(ADDRESS($A9,I$4,,,$B9))} -> 3.259 | J9: {=INDIRECT(ADDRESS($A9,J$4,,,$B9))} -> 0
A10: =+A9+1 -> 28 | B10: =+$D$2 -> W2 | C10: {=INDIRECT(ADDRESS($A10,C$4,,,$B10))} -> Diam UK | D10: {=INDIRECT(ADDRESS($A10,D$4,,,$B10))} -> Group | E10: {=INDIRECT(ADDRESS($A10,E$4,,,$B10))} -> Diam UK | F10: {=INDIRECT(ADDRESS($A10,F$4,,,$B10))} -> 0 | G10: {=INDIRECT(ADDRESS($A10,G$4,,,$B10))} -> G | H10: {=INDIRECT(ADDRESS($A10,H$4,,,$B10))} -> 191 | I10: {=INDIRECT(ADDRESS($A10,I$4,,,$B10))} -> 191 | J10: {=INDIRECT(ADDRESS($A10,J$4,,,$B10))} -> 0
A11: =+A10+1 -> 29 | B11: =+$D$2 -> W2 | C11: {=INDIRECT(ADDRESS($A11,C$4,,,$B11))} -> DIAM PORTUGAL | D11: {=INDIRECT(ADDRESS($A11,D$4,,,$B11))} -> Group | E11: {=INDIRECT(ADDRESS($A11,E$4,,,$B11))} -> DIAM PORTUGAL | F11: {=INDIRECT(ADDRESS($A11,F$4,,,$B11))} -> 0 | G11: {=INDIRECT(ADDRESS($A11,G$4,,,$B11))} -> G | H11: {=INDIRECT(ADDRESS($A11,H$4,,,$B11))} -> 3.5 | I11: {=INDIRECT(ADDRESS($A11,I$4,,,$B11))} -> 3.5 | J11: {=INDIRECT(ADDRESS($A11,J$4,,,$B11))} -> 0
A12: =+A11+1 -> 30 | B12: =+$D$2 -> W2 | C12: {=INDIRECT(ADDRESS($A12,C$4,,,$B12))} -> DIAM PRESTIGE EUROPE | D12: {=INDIRECT(ADDRESS($A12,D$4,,,$B12))} -> Group | E12: {=INDIRECT(ADDRESS($A12,E$4,,,$B12))} -> DIAM PRESTIGE EUROPE | F12: {=INDIRECT(ADDRESS($A12,F$4,,,$B12))} -> 0 | G12: {=INDIRECT(ADDRESS($A12,G$4,,,$B12))} -> G | H12: {=INDIRECT(ADDRESS($A12,H$4,,,$B12))} -> 153.294 | I12: {=INDIRECT(ADDRESS($A12,I$4,,,$B12))} -> 153.294 | J12: {=INDIRECT(ADDRESS($A12,J$4,,,$B12))} -> 0
A13: =+A12+1 -> 31 | B13: =+$D$2 -> W2 | C13: {=INDIRECT(ADDRESS($A13,C$4,,,$B13))} -> PRUGENT DIAM EUROPE | D13: {=INDIRECT(ADDRESS($A13,D$4,,,$B13))} -> Group | E13: {=INDIRECT(ADDRESS($A13,E$4,,,$B13))} -> PRUGENT DIAM EUROPE | F13: {=INDIRECT(ADDRESS($A13,F$4,,,$B13))} -> 0 | G13: {=INDIRECT(ADDRESS($A13,G$4,,,$B13))} -> G | H13: {=INDIRECT(ADDRESS($A13,H$4,,,$B13))} -> 1.443 | I13: {=INDIRECT(ADDRESS($A13,I$4,,,$B13))} -> 1.443 | J13: {=INDIRECT(ADDRESS($A13,J$4,,,$B13))} -> 0
A14: =+A13+1 -> 32 | B14: =+$D$2 -> W2 | C14: {=INDIRECT(ADDRESS($A14,C$4,,,$B14))} -> Diam Japan | D14: {=INDIRECT(ADDRESS($A14,D$4,,,$B14))} -> Group | E14: {=INDIRECT(ADDRESS($A14,E$4,,,$B14))} -> Diam Japan(L) | F14: {=INDIRECT(ADDRESS($A14,F$4,,,$B14))} -> 0 | G14: {=INDIRECT(ADDRESS($A14,G$4,,,$B14))} -> G | H14: {=INDIRECT(ADDRESS($A14,H$4,,,$B14))} -> 412.895 | I14: {=INDIRECT(ADDRESS($A14,I$4,,,$B14))} -> 412.895 | J14: {=INDIRECT(ADDRESS($A14,J$4,,,$B14))} -> 0
A15: =+A14+1 -> 33 | B15: =+$D$2 -> W2 | C15: {=INDIRECT(ADDRESS($A15,C$4,,,$B15))} -> Diam Japan | D15: {=INDIRECT(ADDRESS($A15,D$4,,,$B15))} -> Group | E15: {=INDIRECT(ADDRESS($A15,E$4,,,$B15))} -> Diam Japan(PACK) | F15: {=INDIRECT(ADDRESS($A15,F$4,,,$B15))} -> 0 | G15: {=INDIRECT(ADDRESS($A15,G$4,,,$B15))} -> G | H15: {=INDIRECT(ADDRESS($A15,H$4,,,$B15))} -> 254.566 | I15: {=INDIRECT(ADDRESS($A15,I$4,,,$B15))} -> 254.566 | J15: {=INDIRECT(ADDRESS($A15,J$4,,,$B15))} -> 0
A16: =+A15+1 -> 34 | B16: =+$D$2 -> W2 | C16: {=INDIRECT(ADDRESS($A16,C$4,,,$B16))} -> DDA | D16: {=INDIRECT(ADDRESS($A16,D$4,,,$B16))} -> Group | E16: {=INDIRECT(ADDRESS($A16,E$4,,,$B16))} -> DDA(PACK) | F16: {=INDIRECT(ADDRESS($A16,F$4,,,$B16))} -> 0 | G16: {=INDIRECT(ADDRESS($A16,G$4,,,$B16))} -> G | H16: {=INDIRECT(ADDRESS($A16,H$4,,,$B16))} -> 10 | I16: {=INDIRECT(ADDRESS($A16,I$4,,,$B16))} -> 10 | J16: {=INDIRECT(ADDRESS($A16,J$4,,,$B16))} -> 0
A17: =+A16+1 -> 35 | B17: =+$D$2 -> W2 | C17: {=INDIRECT(ADDRESS($A17,C$4,,,$B17))} -> D3 | D17: {=INDIRECT(ADDRESS($A17,D$4,,,$B17))} -> Group | E17: {=INDIRECT(ADDRESS($A17,E$4,,,$B17))} -> D3(PACK) | F17: {=INDIRECT(ADDRESS($A17,F$4,,,$B17))} -> 0 | G17: {=INDIRECT(ADDRESS($A17,G$4,,,$B17))} -> G | H17: {=INDIRECT(ADDRESS($A17,H$4,,,$B17))} -> 34.496 | I17: {=INDIRECT(ADDRESS($A17,I$4,,,$B17))} -> 34.496 | J17: {=INDIRECT(ADDRESS($A17,J$4,,,$B17))} -> 0
A18: =+A17+1 -> 36 | B18: =+$D$2 -> W2 | C18: {=INDIRECT(ADDRESS($A18,C$4,,,$B18))} -> Diam Poland | D18: {=INDIRECT(ADDRESS($A18,D$4,,,$B18))} -> Group | E18: {=INDIRECT(ADDRESS($A18,E$4,,,$B18))} -> Diam Poland（PACK) | F18: {=INDIRECT(ADDRESS($A18,F$4,,,$B18))} -> 0 | G18: {=INDIRECT(ADDRESS($A18,G$4,,,$B18))} -> G | H18: {=INDIRECT(ADDRESS($A18,H$4,,,$B18))} -> 128.231 | I18: {=INDIRECT(ADDRESS($A18,I$4,,,$B18))} -> 128.231 | J18: {=INDIRECT(ADDRESS($A18,J$4,,,$B18))} -> 0
... A233: =+A232+1 -> 251 | B233: =+$D$2 -> W2 | C233: {=INDIRECT(ADDRESS($A233,C$4,,,$B233))} -> 0 | D233: {=INDIRECT(ADDRESS($A233,D$4,,,$B233))} -> 0 | E233: {=INDIRECT(ADDRESS($A233,E$4,,,$B233))} -> 0 | F233: {=INDIRECT(ADDRESS($A233,F$4,,,$B233))} -> 0 | G233: {=INDIRECT(ADDRESS($A233,G$4,,,$B233))} -> 0 | H233: {=INDIRECT(ADDRESS($A233,H$4,,,$B233))} -> 0 | I233: {=INDIRECT(ADDRESS($A233,I$4,,,$B233))} -> 0 | J233: {=INDIRECT(ADDRESS($A233,J$4,,,$B233))} -> 0
A234: =+A6 -> 24 | B234: =+$E$2 -> W1 | C234: {=INDIRECT(ADDRESS($A234,C$4,,,$B234))} -> D3 | D234: {=INDIRECT(ADDRESS($A234,D$4,,,$B234))} -> Group | E234: {=INDIRECT(ADDRESS($A234,E$4,,,$B234))} -> D3 | F234: {=INDIRECT(ADDRESS($A234,F$4,,,$B234))} -> 0 | G234: {=INDIRECT(ADDRESS($A234,G$4,,,$B234))} -> G | H234: {=INDIRECT(ADDRESS($A234,H$4,,,$B234))} -> 3385.283 | I234: {=INDIRECT(ADDRESS($A234,I$4,,,$B234))} -> 3385.283 | J234: {=INDIRECT(ADDRESS($A234,J$4,,,$B234))} -> 0
A235: =+A7 -> 25 | B235: =+$E$2 -> W1 | C235: {=INDIRECT(ADDRESS($A235,C$4,,,$B235))} -> Diam France | D235: {=INDIRECT(ADDRESS($A235,D$4,,,$B235))} -> Group | E235: {=INDIRECT(ADDRESS($A235,E$4,,,$B235))} -> Diam France | F235: {=INDIRECT(ADDRESS($A235,F$4,,,$B235))} -> 0 | G235: {=INDIRECT(ADDRESS($A235,G$4,,,$B235))} -> G | H235: {=INDIRECT(ADDRESS($A235,H$4,,,$B235))} -> 16.781 | I235: {=INDIRECT(ADDRESS($A235,I$4,,,$B235))} -> 16.781 | J235: {=INDIRECT(ADDRESS($A235,J$4,,,$B235))} -> 0
A236: =+A8 -> 26 | B236: =+$E$2 -> W1 | C236: {=INDIRECT(ADDRESS($A236,C$4,,,$B236))} -> DIAM Turkey | D236: {=INDIRECT(ADDRESS($A236,D$4,,,$B236))} -> Group | E236: {=INDIRECT(ADDRESS($A236,E$4,,,$B236))} -> DIAM Turkey | F236: {=INDIRECT(ADDRESS($A236,F$4,,,$B236))} -> 0 | G236: {=INDIRECT(ADDRESS($A236,G$4,,,$B236))} -> G | H236: {=INDIRECT(ADDRESS($A236,H$4,,,$B236))} -> 177.711 | I236: {=INDIRECT(ADDRESS($A236,I$4,,,$B236))} -> 177.711 | J236: {=INDIRECT(ADDRESS($A236,J$4,,,$B236))} -> 0
A237: =+A9 -> 27 | B237: =+$E$2 -> W1 | C237: {=INDIRECT(ADDRESS($A237,C$4,,,$B237))} -> Nevacril | D237: {=INDIRECT(ADDRESS($A237,D$4,,,$B237))} -> Group | E237: {=INDIRECT(ADDRESS($A237,E$4,,,$B237))} -> Nevacril | F237: {=INDIRECT(ADDRESS($A237,F$4,,,$B237))} -> 0 | G237: {=INDIRECT(ADDRESS($A237,G$4,,,$B237))} -> G | H237: {=INDIRECT(ADDRESS($A237,H$4,,,$B237))} -> 3.259 | I237: {=INDIRECT(ADDRESS($A237,I$4,,,$B237))} -> 3.259 | J237: {=INDIRECT(ADDRESS($A237,J$4,,,$B237))} -> 0
A238: =+A10 -> 28 | B238: =+$E$2 -> W1 | C238: {=INDIRECT(ADDRESS($A238,C$4,,,$B238))} -> Diam UK | D238: {=INDIRECT(ADDRESS($A238,D$4,,,$B238))} -> Group | E238: {=INDIRECT(ADDRESS($A238,E$4,,,$B238))} -> Diam UK | F238: {=INDIRECT(ADDRESS($A238,F$4,,,$B238))} -> 0 | G238: {=INDIRECT(ADDRESS($A238,G$4,,,$B238))} -> G | H238: {=INDIRECT(ADDRESS($A238,H$4,,,$B238))} -> 134 | I238: {=INDIRECT(ADDRESS($A238,I$4,,,$B238))} -> 134 | J238: {=INDIRECT(ADDRESS($A238,J$4,,,$B238))} -> 0
A239: =+A11 -> 29 | B239: =+$E$2 -> W1 | C239: {=INDIRECT(ADDRESS($A239,C$4,,,$B239))} -> DIAM PORTUGAL | D239: {=INDIRECT(ADDRESS($A239,D$4,,,$B239))} -> Group | E239: {=INDIRECT(ADDRESS($A239,E$4,,,$B239))} -> DIAM PORTUGAL | F239: {=INDIRECT(ADDRESS($A239,F$4,,,$B239))} -> 0 | G239: {=INDIRECT(ADDRESS($A239,G$4,,,$B239))} -> G | H239: {=INDIRECT(ADDRESS($A239,H$4,,,$B239))} -> 3.5 | I239: {=INDIRECT(ADDRESS($A239,I$4,,,$B239))} -> 3.5 | J239: {=INDIRECT(ADDRESS($A239,J$4,,,$B239))} -> 0
A240: =+A12 -> 30 | B240: =+$E$2 -> W1 | C240: {=INDIRECT(ADDRESS($A240,C$4,,,$B240))} -> DIAM PRESTIGE EUROPE | D240: {=INDIRECT(ADDRESS($A240,D$4,,,$B240))} -> Group | E240: {=INDIRECT(ADDRESS($A240,E$4,,,$B240))} -> DIAM PRESTIGE EUROPE | F240: {=INDIRECT(ADDRESS($A240,F$4,,,$B240))} -> 0 | G240: {=INDIRECT(ADDRESS($A240,G$4,,,$B240))} -> G | H240: {=INDIRECT(ADDRESS($A240,H$4,,,$B240))} -> 153.294 | I240: {=INDIRECT(ADDRESS($A240,I$4,,,$B240))} -> 153.294 | J240: {=INDIRECT(ADDRESS($A240,J$4,,,$B240))} -> 0
A241: =+A13 -> 31 | B241: =+$E$2 -> W1 | C241: {=INDIRECT(ADDRESS($A241,C$4,,,$B241))} -> PRUGENT DIAM EUROPE | D241: {=INDIRECT(ADDRESS($A241,D$4,,,$B241))} -> Group | E241: {=INDIRECT(ADDRESS($A241,E$4,,,$B241))} -> PRUGENT DIAM EUROPE | F241: {=INDIRECT(ADDRESS($A241,F$4,,,$B241))} -> 0 | G241: {=INDIRECT(ADDRESS($A241,G$4,,,$B241))} -> G | H241: {=INDIRECT(ADDRESS($A241,H$4,,,$B241))} -> 1.75 | I241: {=INDIRECT(ADDRESS($A241,I$4,,,$B241))} -> 1.75 | J241: {=INDIRECT(ADDRESS($A241,J$4,,,$B241))} -> 0
A242: =+A14 -> 32 | B242: =+$E$2 -> W1 | C242: {=INDIRECT(ADDRESS($A242,C$4,,,$B242))} -> Diam Japan | D242: {=INDIRECT(ADDRESS($A242,D$4,,,$B242))} -> Group | E242: {=INDIRECT(ADDRESS($A242,E$4,,,$B242))} -> Diam Japan(L) | F242: {=INDIRECT(ADDRESS($A242,F$4,,,$B242))} -> 0 | G242: {=INDIRECT(ADDRESS($A242,G$4,,,$B242))} -> G | H242: {=INDIRECT(ADDRESS($A242,H$4,,,$B242))} -> 385.936 | I242: {=INDIRECT(ADDRESS($A242,I$4,,,$B242))} -> 385.936 | J242: {=INDIRECT(ADDRESS($A242,J$4,,,$B242))} -> 0
A243: =+A15 -> 33 | B243: =+$E$2 -> W1 | C243: {=INDIRECT(ADDRESS($A243,C$4,,,$B243))} -> Diam Japan | D243: {=INDIRECT(ADDRESS($A243,D$4,,,$B243))} -> Group | E243: {=INDIRECT(ADDRESS($A243,E$4,,,$B243))} -> Diam Japan(PACK) | F243: {=INDIRECT(ADDRESS($A243,F$4,,,$B243))} -> 0 | G243: {=INDIRECT(ADDRESS($A243,G$4,,,$B243))} -> G | H243: {=INDIRECT(ADDRESS($A243,H$4,,,$B243))} -> 139.566 | I243: {=INDIRECT(ADDRESS($A243,I$4,,,$B243))} -> 139.566 | J243: {=INDIRECT(ADDRESS($A243,J$4,,,$B243))} -> 0
A244: =+A16 -> 34 | B244: =+$E$2 -> W1 | C244: {=INDIRECT(ADDRESS($A244,C$4,,,$B244))} -> DDA | D244: {=INDIRECT(ADDRESS($A244,D$4,,,$B244))} -> Group | E244: {=INDIRECT(ADDRESS($A244,E$4,,,$B244))} -> DDA(PACK) | F244: {=INDIRECT(ADDRESS($A244,F$4,,,$B244))} -> 0 | G244: {=INDIRECT(ADDRESS($A244,G$4,,,$B244))} -> G | H244: {=INDIRECT(ADDRESS($A244,H$4,,,$B244))} -> 10.337 | I244: {=INDIRECT(ADDRESS($A244,I$4,,,$B244))} -> 10.337 | J244: {=INDIRECT(ADDRESS($A244,J$4,,,$B244))} -> 0
A245: =+A17 -> 35 | B245: =+$E$2 -> W1 | C245: {=INDIRECT(ADDRESS($A245,C$4,,,$B245))} -> D3 | D245: {=INDIRECT(ADDRESS($A245,D$4,,,$B245))} -> Group | E245: {=INDIRECT(ADDRESS($A245,E$4,,,$B245))} -> D3(PACK) | F245: {=INDIRECT(ADDRESS($A245,F$4,,,$B245))} -> 0 | G245: {=INDIRECT(ADDRESS($A245,G$4,,,$B245))} -> G | H245: {=INDIRECT(ADDRESS($A245,H$4,,,$B245))} -> 34.496 | I245: {=INDIRECT(ADDRESS($A245,I$4,,,$B245))} -> 34.496 | J245: {=INDIRECT(ADDRESS($A245,J$4,,,$B245))} -> 0
... A461: =+A233 -> 251 | B461: =+$E$2 -> W1 | C461: {=INDIRECT(ADDRESS($A461,C$4,,,$B461))} -> 0 | D461: {=INDIRECT(ADDRESS($A461,D$4,,,$B461))} -> 0 | E461: {=INDIRECT(ADDRESS($A461,E$4,,,$B461))} -> 0 | F461: {=INDIRECT(ADDRESS($A461,F$4,,,$B461))} -> 0 | G461: {=INDIRECT(ADDRESS($A461,G$4,,,$B461))} -> 0 | H461: {=INDIRECT(ADDRESS($A461,H$4,,,$B461))} -> 0 | I461: {=INDIRECT(ADDRESS($A461,I$4,,,$B461))} -> 0 | J461: {=INDIRECT(ADDRESS($A461,J$4,,,$B461))} -> 0

Sheet Synth
A1: SYNTHESIS
A3: To be filled in (TURNOVER = BO)
A5: YTD : Year to date turnover. This means the cumulated turnover since the begining of the year.
A6: This turnover should the same as the turnover fill in Business Object (BO). See with your local accountant to know this turnover.
A8: TURNOVER | D8: ORDERBOOK 2026 | F8: FORECAST 2026 | H8: NEW ORDERS 2026 | J8: ORDERBOOK 2027
A10: W52 2025
A12: W1 | B12: =+'W1'!$J$12 -> 0 | D12: =+'W1'!$K$19 -> 11934.676 | F12: =+B12+D12 -> 11934.676 | H12: =D12+B12-D10 -> 11934.676 | J12: =+'W1'!$L$19 -> 0
A13: W2 | B13: =+'W2'!$J$12 -> 134.16 | D13: =+'W2'!$K$19 -> 12199.179 | F13: =+B13+D13 -> 12333.339 | H13: =F13-F12 -> 398.663 | J13: =+'W2'!$L$19 -> 0
A14: W3 | B14: =+'W3'!$J$12 -> 395.409 | D14: =+'W3'!$K$19 -> 12129.126 | F14: =+B14+D14 -> 12524.535 | H14: =F14-F13 -> 191.196 | J14: =+'W3'!$L$19 -> 0
A15: W4 | B15: =+'W4'!$J$12 -> 2343.93 | D15: =+'W4'!$K$19 -> 10743.055 | F15: =+B15+D15 -> 13086.985 | H15: =F15-F14 -> 562.45 | J15: =+'W4'!$L$19 -> 0
A16: W5 | B16: =+'W5'!$J$12 -> 6896.105 | D16: =+'W5'!$K$19 -> 6609.79 | F16: =+B16+D16 -> 13505.895 | H16: =F16-F15 -> 418.91 | J16: =+'W5'!$L$19 -> 0
A17: January YTD
A18: W6 | B18: =+'W6'!$J$12 -> 244.423 | D18: =+'W6'!$K$19 -> 7450.117 | F18: =+B17+B18+D18 -> 7694.54 | H18: =F18-F16 -> -5811.355 | J18: =+'W6'!$L$19 -> 0
A19: W7 | B19: =+'W7'!$J$12 -> 244.423 | D19: =+'W7'!$K$19 -> 7479.117 | F19: =+B17+B19+D19 -> 7723.54 | H19: =F19-F18 -> 29 | J19: =+'W7'!$L$19 -> 0
A20: W8 | B20: =+'W8'!$J$12 -> 244.423 | D20: =+'W8'!$K$19 -> 7479.117 | F20: =+B17+B20+D20 -> 7723.54 | H20: =F20-F19 -> 0 | J20: =+'W8'!$L$19 -> 0
A21: W9 | B21: =+'W9'!$J$12 -> 1477.552 | D21: =+'W9'!$K$19 -> 6437.674 | F21: =+B22+B21+D21 -> 7915.226 | H21: =F21-F20 -> 191.686 | J21: =+'W9'!$L$19 -> 0
A22: February YTD
A23: W10 | B23: =+'W10'!$J$12 -> 129.928 | D23: =+'W10'!$K$19 -> 6731.4 | F23: =+B22+B23+D23 -> 6861.328 | H23: =F23-F21 -> -1053.898 | J23: =+'W10'!$L$19 -> 0
A24: W11 | B24: =+'W11'!$J$12 -> 559.704 | D24: =+'W11'!$K$19 -> 6747.139 | F24: =+B22+B24+D24 -> 7306.843 | H24: =F24-F23 -> 445.515 | J24: =+'W11'!$L$19 -> 0
A25: W12 | B25: =+'W12'!$J$12 -> 776.651 | D25: =+'W12'!$K$19 -> 6566.65 | F25: =+B22+B25+D25 -> 7343.301 | H25: =F25-F24 -> 36.458 | J25: =+'W12'!$L$19 -> 0
A26: W13 | B26: =+'W13'!$J$12 -> 1302.566 | D26: =+'W13'!$K$19 -> 7502.635 | F26: =+B22+B26+D26 -> 8805.201 | H26: =F26-F25 -> 1461.9 | J26: =+'W13'!$L$19 -> 0
A27: March YTD
A28: W14 | B28: =+'W14'!$J$12 -> 0 | D28: =+'W14'!$K$19 -> 8474.303 | F28: =+B27+B28+D28 -> 8474.303 | H28: =F28-F26 -> -330.898 | J28: =+'W14'!$L$19 -> 0
A29: W15 | B29: =+'W15'!$J$12 -> 1254.829 | D29: =+'W15'!$K$19 -> 7647.474 | F29: =+B27+B29+D29 -> 8902.303 | H29: =F29-F28 -> 428 | J29: =+'W15'!$L$19 -> 0
A30: W16 | B30: =+'W16'!$J$12 -> 1796.085 | D30: =+'W16'!$K$19 -> 7677.303 | F30: =+B27+B30+D30 -> 9473.388 | H30: =F30-F29 -> 571.085 | J30: =+'W16'!$L$19 -> 0
A31: W17 | B31: =+'W17'!$J$12 -> 2828.752 | D31: =+'W17'!$K$19 -> 7692.468 | F31: =+B27+B31+D31 -> 10521.22 | H31: =F31-F30 -> 1047.832 | J31: =+'W17'!$L$19 -> 0
A32: W18 | B32: =+'W18'!$J$12 -> 2688.627 | D32: =+'W18'!$K$19 -> 8235.346 | F32: =+B33+B32+D32 -> 10923.973 | H32: =F32-F31 -> 402.753 | J32: =+'W18'!$L$19 -> 0
A33: April YTD
A34: W19 | B34: =+'W19'!$J$12 -> 0 | D34: =+'W19'!$K$19 -> 8392.347 | F34: =+B33+B34+D34 -> 8392.347 | H34: =F34-F32 -> -2531.626 | J34: =+'W19'!$L$19 -> 0
A35: W20 | B35: =+'W20'!$J$12 -> 338.931 | D35: =+'W20'!$K$19 -> 8389.723 | F35: =+B33+B35+D35 -> 8728.654 | H35: =F35-F34 -> 336.307 | J35: =+'W20'!$L$19 -> 0
A36: W21 | B36: =+'W21'!$J$12 -> 531.478 | D36: =+'W21'!$K$19 -> 8718.724 | F36: =+B33+B36+D36 -> 9250.202 | H36: =F36-F35 -> 521.548 | J36: =+'W21'!$L$19 -> 0
A37: W22 | B37: =+'W22'!$J$12 -> 2446.645 | D37: =+'W22'!$K$19 -> 7432.158 | F37: =+B38+B37+D37 -> 9878.803 | H37: =F37-F36 -> 628.601 | J37: =+'W22'!$L$19 -> 0
A38: May YTD
A39: W23 | B39: =+'W23'!$J$12 -> 0 | D39: =+'W23'!$K$19 -> 7718.502 | F39: =+B38+B39+D39 -> 7718.502 | H39: =F39-F37 -> -2160.301 | J39: =+'W23'!$L$19 -> 0
A40: W24 | B40: =+'W24'!$J$12 -> 295.789 | D40: =+'W24'!$K$19 -> 8068.568 | F40: =+B38+B40+D40 -> 8364.357 | H40: =F40-F39 -> 645.855 | J40: =+'W24'!$L$19 -> 0
A41: W25 | B41: =+'W25'!$J$12 -> 500.275 | D41: =+'W25'!$K$19 -> 8738.082 | F41: =+B38+B41+D41 -> 9238.357 | H41: =F41-F40 -> 874 | J41: =+'W25'!$L$19 -> 0
A42: W26 | B42: =+'W26'!$J$12 -> 2845.332 | D42: =+'W26'!$K$19 -> 7088.738 | F42: =+B38+B42+D42 -> 9934.07 | H42: =F42-F41 -> 695.713 | J42: =+'W26'!$L$19 -> 0
A43: June YTD
A44: W27 | B44: =+'W27'!$J$12 -> 0 | D44: =+'W27'!$K$19 -> 7548.578 | F44: =+B43+B44+D44 -> 7548.578 | H44: =F44-F42 -> -2385.492 | J44: =+'W27'!$L$19 -> 0
A45: W28 | B45: =+'W28'!$J$12 -> 442.332 | D45: =+'W28'!$K$19 -> 8415.325 | F45: =+B43+B45+D45 -> 8857.657 | H45: =F45-F44 -> 1309.079 | J45: =+'W28'!$L$19 -> 0
A46: W29 | B46: =+'W29'!$J$12 -> 2190.243 | D46: =+'W29'!$K$19 -> 7224.414 | F46: =+B43+B46+D46 -> 9414.657 | H46: =F46-F45 -> 557 | J46: =+'W29'!$L$19 -> 0
A47: W30 | B47: =+'W30'!$J$12 -> 2367.302 | D47: =+'W30'!$K$19 -> 7695.792 | F47: =+B43+B47+D47 -> 10063.094 | H47: =F47-F46 -> 648.437 | J47: =+'W30'!$L$19 -> 0
A48: W31 | B48: =+'W31'!$J$12 -> 2860.263 | D48: =+'W31'!$K$19 -> 8186.906 | F48: =+B43+B48+D48 -> 11047.169 | H48: =F48-F47 -> 984.075 | J48: =+'W31'!$L$19 -> 0
A49: July YTD
A50: W32 | B50: =+'W32'!$J$12 -> 660.066 | D50: =+'W32'!$K$19 -> 8175.406 | F50: =+B49+B50+D50 -> 8835.472 | H50: =F50-F48 -> -2211.697 | J50: =+'W32'!$L$19 -> 0
A51: W33 | B51: =+'W33'!$J$12 -> 793.823 | D51: =+'W33'!$K$19 -> 9095.613 | F51: =+B49+B51+D51 -> 9889.436 | H51: =F51-F50 -> 1053.964 | J51: =+'W33'!$L$19 -> 0
A52: W34 | B52: =+'W34'!$J$12 -> 1933.915 | D52: =+'W34'!$K$19 -> 9270.487 | F52: =+B49+B52+D52 -> 11204.402 | H52: =F52-F51 -> 1314.966 | J52: =+'W34'!$L$19 -> 0
A53: W35 | B53: =+'W35'!$J$12 -> 3131.692 | D53: =+'W35'!$K$19 -> 8775.942 | F53: =+B48+B53+D53 -> 14767.897 | H53: =F53-F52 -> 3563.495 | J53: =+'W35'!$L$19 -> 0
A54: August YTD
A55: W36 | B55: =+'W36'!$J$12 -> 529.097 | D55: =+'W36'!$K$19 -> 8510.121 | F55: =+B54+B55+D55 -> 9039.218 | H55: =F55-F53 -> -5728.679 | J55: =+'W36'!$L$19 -> 210
A56: W37 | B56: =+'W37'!$J$12 -> 0 | D56: =+'W37'!$K$19 -> 0 | F56: =+B54+B56+D56 -> 0 | H56: =F56-F55 -> -9039.218 | J56: =+'W37'!$L$19 -> 0
A57: W38 | B57: =+'W38'!$J$12 -> 0 | D57: =+'W38'!$K$19 -> 0 | F57: =+B54+B57+D57 -> 0 | H57: =F57-F56 -> 0 | J57: =+'W38'!$L$19 -> 0
A58: W39 | B58: =+'W39'!$J$12 -> 0 | D58: =+'W39'!$K$19 -> 0 | F58: =+B54+B58+D58 -> 0 | H58: =F58-F57 -> 0 | J58: =+'W39'!$L$19 -> 0
A59: September YTD
A60: W40 | B60: =+'W40'!$J$12 -> 0 | D60: =+'W40'!$K$19 -> 0 | F60: =+B59+B60+D60 -> 0 | H60: =F60-F58 -> 0 | J60: =+'W40'!$L$19 -> 0
A61: W41 | B61: =+'W41'!$J$12 -> 0 | D61: =+'W41'!$K$19 -> 0 | F61: =+B59+B61+D61 -> 0 | H61: =F61-F60 -> 0 | J61: =+'W41'!$L$19 -> 0
A62: W42 | B62: =+'W42'!$J$12 -> 0 | D62: =+'W42'!$K$19 -> 0 | F62: =+B59+B62+D62 -> 0 | H62: =F62-F61 -> 0 | J62: =+'W42'!$L$19 -> 0
A63: W43 | B63: =+'W43'!$J$12 -> 0 | D63: =+'W43'!$K$19 -> 0 | F63: =+B59+B63+D63 -> 0 | H63: =F63-F62 -> 0 | J63: =+'W43'!$L$19 -> 0
A64: W44 | B64: =+'W44'!$J$12 -> 0 | D64: =+'W44'!$K$19 -> 0 | F64: =+B65+B64+D64 -> 0 | H64: =F64-F62 -> 0 | J64: =+'W44'!$L$19 -> 0
A65: October YTD
A66: W45 | B66: =+'W45'!$J$12 -> 0 | D66: =+'W45'!$K$19 -> 0 | F66: =+B65+B66+D66 -> 0 | H66: =F66-F65 -> 0 | J66: =+'W45'!$L$19 -> 0
A67: W46 | B67: =+'W46'!$J$12 -> 0 | D67: =+'W46'!$K$19 -> 0 | F67: =+B65+B67+D67 -> 0 | H67: =F67-F66 -> 0 | J67: =+'W46'!$L$19 -> 0
A68: W47 | B68: =+'W47'!$J$12 -> 0 | D68: =+'W47'!$K$19 -> 0 | F68: =+B65+B68+D68 -> 0 | H68: =F68-F67 -> 0 | J68: =+'W47'!$L$19 -> 0
A69: W48 | B69: =+'W48'!$J$12 -> 0 | D69: =+'W48'!$K$19 -> 0 | F69: =+B65+B69+D69 -> 0 | H69: =F69-F68 -> 0 | J69: =+'W48'!$L$19 -> 0
A70: November YTD
A71: W49 | B71: =+'W49'!$J$12 -> 0 | D71: =+'W49'!$K$19 -> 0 | F71: =+B70+B71+D71 -> 0 | H71: =F71-F69 -> 0 | J71: =+'W49'!$L$19 -> 0
A72: W50 | B72: =+'W50'!$J$12 -> 0 | D72: =+'W50'!$K$19 -> 0 | F72: =+B70+B72+D72 -> 0 | H72: =F72-F71 -> 0 | J72: =+'W50'!$L$19 -> 0
A73: W51 | B73: =+'W51'!$J$12 -> 0 | D73: =+'W51'!$K$19 -> 0 | F73: =+B70+B73+D73 -> 0 | H73: =F73-F72 -> 0 | J73: =+'W51'!$L$19 -> 0
A74: W52 | B74: =+'W52'!$J$12 -> 0 | D74: =+'W52'!$K$19 -> 0 | F74: =+B70+B74+D74 -> 0 | H74: =F74-F73 -> 0 | J74: =+'W52'!$L$19 -> 0
A75: December YTD

Sheet W1
E2: ENTITY NAME : | G2: =+parameters!D2 -> DE HONG KONG | I2: ORDER BOOK SYNTHESIS in K€
E4: WEEK : | G4: W1 | I4: Cells to be filled in
E6: MONTH : | G6: =+VLOOKUP(G4, parameters!G:H, 2, 0) -> January
E8: TURNOVER | F8: =parameters!D4 -> k€ | H8: YTD Turnover | J8: =+G6&" Turnover" -> January Turnover | L8: Last estim. for the month: | O8: Forecast 2026
H9: =+"from January 1 until end of "&G4 -> from January 1 until end of W1 | J9: =+"from "&G6&" 1 until end of "&G4 -> from January 1 until end of W1 | L9: =+G6 -> January | O9: =+G4 -> W1
E10: EXTERNAL SALES INVOICED (=outside group) | H10: =J10 -> 0 | J10: =0 -> 0 | L10: =J10+N17 -> 4734.722 | O10: =+H10+K17 -> 7272.878
E11: GROUP SALES INVOICED | H11: =J11 -> 0 | J11: =0 -> 0 | L11: =J11+N18 -> 1592.873 | O11: =+H11+K18 -> 4661.798 | S11: Definition orders : you consider the orders which are sure even if the order customers paper order is not yet received
E12: TOTAL | H12: =SUM(H10:H11) -> 0 | J12: =SUM(J10:J11) -> 0 | L12: =SUM(L10:L11) -> 6327.595 | O12: =SUM(O10:O11) -> 11934.676 | S12: The quantity, value, and delivery date can be changed before final delivery
E16: ORDERBOOK | F16: =+F8 -> k€ | J16: TOTAL ORDERBOOK | K16: Total amount 2026 | L16: Total amount 2027 | N16: 46023 | O16: 46054 | P16: 46082 | Q16: 46113 | R16: 46143 | S16: 46174 | T16: 46204 | U16: 46235 | V16: 46266 | W16: 46296 | X16: 46327 | Y16: 46357 | AA16: 46388 | AB16: 46419 | AC16: 46447 | AD16: 46478 | AE16: 46508 | AF16: 46539 | AG16: 46569 | AH16: 46600 | AI16: 46631 | AJ16: 46661 | AK16: 46692 | AL16: 46722
E17: External | J17: =+SUMIF($F$24:$F$247,"External",$J$24:$J$247) -> 7272.878 | K17: =+SUMIF($F$24:$F$247,"External",$K$24:$K$247) -> 7272.878 | L17: =+SUMIF($F$24:$F$247,"External",$L$24:$L$247) -> 0 | N17: =+SUMIF($F$24:$F$247,"External",N$24:N$247) -> 4734.722 | O17: =+SUMIF($F$24:$F$247,"External",O$24:O$247) -> 1618.757 | P17: =+SUMIF($F$24:$F$247,"External",P$24:P$247) -> 96 | Q17: =+SUMIF($F$24:$F$247,"External",Q$24:Q$247) -> 135.041 | R17: =+SUMIF($F$24:$F$247,"External",R$24:R$247) -> 537.358 | S17: =+SUMIF($F$24:$F$247,"External",S$24:S$247) -> 140 | T17: =+SUMIF($F$24:$F$247,"External",T$24:T$247) -> 11 | U17: =+SUMIF($F$24:$F$247,"External",U$24:U$247) -> 0 | ... Y17: =+SUMIF($F$24:$F$247,"External",Y$24:Y$247) -> 0 | AA17: =+SUMIF($F$24:$F$247,"External",AA$24:AA$247) -> 0 | AB17: =+SUMIF($F$24:$F$247,"External",AB$24:AB$247) -> 0 | AC17: =+SUMIF($F$24:$F$247,"External",AC$24:AC$247) -> 0 | AD17: =+SUMIF($F$24:$F$247,"External",AD$24:AD$247) -> 0 | AE17: =+SUMIF($F$24:$F$247,"External",AE$24:AE$247) -> 0 | AF17: =+SUMIF($F$24:$F$247,"External",AF$24:AF$247) -> 0 | AG17: =+SUMIF($F$24:$F$247,"External",AG$24:AG$247) -> 0 | AH17: =+SUMIF($F$24:$F$247,"External",AH$24:AH$247) -> 0 | ... AL17: =+SUMIF($F$24:$F$247,"External",AL$24:AL$247) -> 0
E18: Group | J18: =+SUMIF($F$24:$F$247,"Group",$J$24:$J$247) -> 4661.798 | K18: =+SUMIF($F$24:$F$247,"Group",$K$24:$K$247) -> 4661.798 | L18: =SUMIF($F$24:$F$247,"Group",$L$24:$L$247) -> 0 | N18: =+SUMIF($F$24:$F$247,"Group",N$24:N$247) -> 1592.873 | O18: =+SUMIF($F$24:$F$247,"Group",O$24:O$247) -> 584.294 | P18: =+SUMIF($F$24:$F$247,"Group",P$24:P$247) -> 629 | Q18: =+SUMIF($F$24:$F$247,"Group",Q$24:Q$247) -> 255.631 | R18: =+SUMIF($F$24:$F$247,"Group",R$24:R$247) -> 0 | S18: =+SUMIF($F$24:$F$247,"Group",S$24:S$247) -> 1600 | T18: =+SUMIF($F$24:$F$247,"Group",T$24:T$247) -> 0 | U18: =+SUMIF($F$24:$F$247,"Group",U$24:U$247) -> 0 | ... Y18: =+SUMIF($F$24:$F$247,"Group",Y$24:Y$247) -> 0 | AA18: =+SUMIF($F$24:$F$247,"Group",AA$24:AA$247) -> 0 | AB18: =+SUMIF($F$24:$F$247,"Group",AB$24:AB$247) -> 0 | AC18: =+SUMIF($F$24:$F$247,"Group",AC$24:AC$247) -> 0 | AD18: =+SUMIF($F$24:$F$247,"Group",AD$24:AD$247) -> 0 | AE18: =+SUMIF($F$24:$F$247,"Group",AE$24:AE$247) -> 0 | AF18: =+SUMIF($F$24:$F$247,"Group",AF$24:AF$247) -> 0 | AG18: =+SUMIF($F$24:$F$247,"Group",AG$24:AG$247) -> 0 | AH18: =+SUMIF($F$24:$F$247,"Group",AH$24:AH$247) -> 0 | ... AL18: =+SUMIF($F$24:$F$247,"Group",AL$24:AL$247) -> 0
E19: TOTAL | J19: =SUM(J17:J18) -> 11934.676 | K19: =SUM(K17:K18) -> 11934.676 | L19: =SUM(L17:L18) -> 0 | N19: =SUM(N17:N18) -> 6327.595 | O19: =SUM(O17:O18) -> 2203.051 | P19: =SUM(P17:P18) -> 725 | Q19: =SUM(Q17:Q18) -> 390.672 | R19: =SUM(R17:R18) -> 537.358 | S19: =SUM(S17:S18) -> 1740 | T19: =SUM(T17:T18) -> 11 | U19: =SUM(U17:U18) -> 0 | ... Y19: =SUM(Y17:Y18) -> 0 | AA19: =SUM(AA17:AA18) -> 0 | AB19: =SUM(AB17:AB18) -> 0 | AC19: =SUM(AC17:AC18) -> 0 | AD19: =SUM(AD17:AD18) -> 0 | AE19: =SUM(AE17:AE18) -> 0 | AF19: =SUM(AF17:AF18) -> 0 | AG19: =SUM(AG17:AG18) -> 0 | AH19: =SUM(AH17:AH18) -> 0 | ... AL19: =SUM(AL17:AL18) -> 0
I21: check | J21: =IF(SUM(J24:J247)=J19, "OK", "Please correct: the sum of orders below is not equal to the total calculated above. Make sure to pick External or Group for each order and don't change the formulas in columns K and L") -> OK | N21: 2026 | AA21: 2027
E23: Order (Tooling including) to be delivered | F23: External or Group | G23: Customers orders | H23: Quantity | I23: DGC | J23: TOTAL ORDERBOOK | K23: Total amount 2026 | L23: Total amount 2027 | N23: 46023 | O23: 46054 | P23: 46082 | Q23: 46113 | R23: 46143 | S23: 46174 | T23: 46204 | U23: 46235 | V23: 46266 | W23: 46296 | X23: 46327 | Y23: 46357 | AA23: 46388 | AB23: 46419 | AC23: 46447 | AD23: 46478 | AE23: 46508 | AF23: 46539 | AG23: 46569 | AH23: 46600 | AI23: 46631 | AJ23: 46661 | AK23: 46692 | AL23: 46722
D24: X | E24: D3 | F24: Group | G24: D3 | I24: G | J24: =+K24+L24 -> 3385.283 | K24: =SUM(N24:Y24) -> 3385.283 | L24: =SUM(AA24:AL24) -> 0 | N24: 1235.283 | O24: 50 | P24: 500 | S24: 1600
E25: Diam France | F25: Group | G25: Diam France | I25: G | J25: =+K25+L25 -> 16.781 | K25: =SUM(N25:Y25) -> 16.781 | L25: =SUM(AA25:AL25) -> 0 | N25: 7.781 | P25: 9
E26: DIAM Turkey | F26: Group | G26: DIAM Turkey | I26: G | J26: =+K26+L26 -> 177.711 | K26: =SUM(N26:Y26) -> 177.711 | L26: =SUM(AA26:AL26) -> 0 | N26: 33 | Q26: 144.711
E27: Nevacril | F27: Group | G27: Nevacril | I27: G | J27: =+K27+L27 -> 3.259 | K27: =SUM(N27:Y27) -> 3.259 | L27: =SUM(AA27:AL27) -> 0 | N27: 3.259
E28: Diam UK | F28: Group | G28: Diam UK | I28: G | J28: =+K28+L28 -> 134 | K28: =SUM(N28:Y28) -> 134 | L28: =SUM(AA28:AL28) -> 0 | N28: 14 | P28: 120
E29: DIAM PORTUGAL | F29: Group | G29: DIAM PORTUGAL | I29: G | J29: =+K29+L29 -> 3.5 | K29: =SUM(N29:Y29) -> 3.5 | L29: =SUM(AA29:AL29) -> 0 | N29: 3.5
E30: DIAM PRESTIGE EUROPE | F30: Group | G30: DIAM PRESTIGE EUROPE | I30: G | J30: =+K30+L30 -> 153.294 | K30: =SUM(N30:Y30) -> 153.294 | L30: =SUM(AA30:AL30) -> 0 | N30: 3 | O30: 150.294
E31: PRUGENT DIAM EUROPE | F31: Group | G31: PRUGENT DIAM EUROPE | I31: G | J31: =+K31+L31 -> 1.75 | K31: =SUM(N31:Y31) -> 1.75 | L31: =SUM(AA31:AL31) -> 0 | N31: 1.75
E32: Diam Japan | F32: Group | G32: Diam Japan(L) | I32: G | J32: =+K32+L32 -> 385.936 | K32: =SUM(N32:Y32) -> 385.936 | L32: =SUM(AA32:AL32) -> 0 | N32: 121.936 | O32: 264
E33: Diam Japan | F33: Group | G33: Diam Japan(PACK) | I33: G | J33: =+K33+L33 -> 139.566 | K33: =SUM(N33:Y33) -> 139.566 | L33: =SUM(AA33:AL33) -> 0 | N33: 79.566 | O33: 60
E34: DDA | F34: Group | G34: DDA(PACK) | I34: G | J34: =+K34+L34 -> 10.337 | K34: =SUM(N34:Y34) -> 10.337 | L34: =SUM(AA34:AL34) -> 0 | N34: 10.337
E35: D3 | F35: Group | G35: D3(PACK) | I35: G | J35: =+K35+L35 -> 34.496 | K35: =SUM(N35:Y35) -> 34.496 | L35: =SUM(AA35:AL35) -> 0 | N35: 24.496 | O35: 10
E36: Diam Poland | F36: Group | G36: Diam Poland（PACK) | I36: G | J36: =+K36+L36 -> 128.231 | K36: =SUM(N36:Y36) -> 128.231 | L36: =SUM(AA36:AL36) -> 0 | N36: 54.965 | O36: 50 | Q36: 23.266
E37: Diam Tunisia | F37: Group | G37: Diam Tunisia(PACK) | I37: G | J37: =+K37+L37 -> 87.654 | K37: =SUM(N37:Y37) -> 87.654 | L37: =SUM(AA37:AL37) -> 0 | Q37: 87.654
E38: Chanel | F38: External | G38: Chanel(FR team) | I38: G | J38: =+K38+L38 -> 319.223 | K38: =SUM(N38:Y38) -> 319.223 | L38: =SUM(AA38:AL38) -> 0 | N38: 103.223 | O38: 216
E39: Lancome/BIOTHERM | F39: External | G39: Loreal(FR team) | I39: G | J39: =+K39+L39 -> 1654.374 | K39: =SUM(N39:Y39) -> 1654.374 | L39: =SUM(AA39:AL39) -> 0 | N39: 1621.796 | O39: 32.578
E40: MUGLER | F40: External | G40: MUGLER(FR team) | I40: G | J40: =+K40+L40 -> 186.463 | K40: =SUM(N40:Y40) -> 186.463 | L40: =SUM(AA40:AL40) -> 0 | N40: 186.463
E41: LOUIS VUITTON | F41: External | G41: LOUIS VUITTON(FR team) | I41: G | J41: =+K41+L41 -> 113 | K41: =SUM(N41:Y41) -> 113 | L41: =SUM(AA41:AL41) -> 0 | N41: 113
E42: NARS/Shiseido | F42: External | G42: Shiseido(D3 team) | I42: G | J42: =+K42+L42 -> 636 | K42: =SUM(N42:Y42) -> 636 | L42: =SUM(AA42:AL42) -> 0 | N42: 321 | O42: 138 | Q42: 100 | R42: 77
E43: Hourglass | F43: External | G43: Hourglass(D3 team) | I43: G | J43: =+K43+L43 -> 185.814 | K43: =SUM(N43:Y43) -> 185.814 | L43: =SUM(AA43:AL43) -> 0 | N43: 35.814 | O43: 10 | S43: 140
E44: Luxottica | F44: External | G44: Luxottica(D3 team) | I44: G | J44: =+K44+L44 -> 321.58 | K44: =SUM(N44:Y44) -> 321.58 | L44: =SUM(AA44:AL44) -> 0 | N44: 255.58 | O44: 66
E45: LM/Bibbi Brown /MAC/Estee Lauder | F45: External | G45: ESTEE LAUDER(RDDC) | I45: E | J45: =+K45+L45 -> 1815.478 | K45: =SUM(N45:Y45) -> 1815.478 | L45: =SUM(AA45:AL45) -> 0 | N45: 775.12 | O45: 491 | P45: 89 | R45: 460.358
E46: SEPHORA | F46: External | G46: Sephora | I46: E | J46: =+K46+L46 -> 491.919 | K46: =SUM(N46:Y46) -> 491.919 | L46: =SUM(AA46:AL46) -> 0 | N46: 133.919 | O46: 351 | P46: 7
E47: Burberry/GUCCI | F47: External | G47: COTY | I47: E | J47: =+K47+L47 -> 15.049 | K47: =SUM(N47:Y47) -> 15.049 | L47: =SUM(AA47:AL47) -> 0 | N47: 15.049
E48: Tarte | F48: External | G48: Tarte | I48: E | J48: =+K48+L48 -> 257.072 | K48: =SUM(N48:Y48) -> 257.072 | L48: =SUM(AA48:AL48) -> 0 | N48: 7.893 | O48: 249.179
E49: KVD/FENTY | F49: External | G49: KENDO | I49: E | J49: =+K49+L49 -> 590.413 | K49: =SUM(N49:Y49) -> 590.413 | L49: =SUM(AA49:AL49) -> 0 | N49: 558.413 | Q49: 21 | T49: 11
E50: OLE HENRIKSEN | F50: External | G50: OLE HENRIKSEN | I50: E | J50: =+K50+L50 -> 1.082 | K50: =SUM(N50:Y50) -> 1.082 | L50: =SUM(AA50:AL50) -> 0 | N50: 1.082
E51: Benefit/Fresh | F51: External | G51: LVMH | I51: E | J51: =+K51+L51 -> 173.119 | K51: =SUM(N51:Y51) -> 173.119 | L51: =SUM(AA51:AL51) -> 0 | N51: 173.119
E52: Laura Mercier/Bareminerals | F52: External | G52: Laura Mercier/BAREMINERALS | I52: E | J52: =+K52+L52 -> 88.372 | K52: =SUM(N52:Y52) -> 88.372 | L52: =SUM(AA52:AL52) -> 0 | N52: 74.331 | Q52: 14.041
E53: Shiseido | F53: External | G53: Shiseido(P) | I53: E | J53: =+K53+L53 -> 12.688 | K53: =SUM(N53:Y53) -> 12.688 | L53: =SUM(AA53:AL53) -> 0 | N53: 12.688
E54: ONE SIZE | F54: External | G54: ONE SIZE | I54: E | J54: =+K54+L54 -> 232.388 | K54: =SUM(N54:Y54) -> 232.388 | L54: =SUM(AA54:AL54) -> 0 | N54: 232.388
E55: Huda Beauty | F55: External | G55: Huda Beauty | I55: E | J55: =+K55+L55 -> 8.45 | K55: =SUM(N55:Y55) -> 8.45 | L55: =SUM(AA55:AL55) -> 0 | N55: 8.45
E56: ESTEE LAUDER | F56: External | G56: ESTEE LAUDER (PACK) | I56: E | J56: =+K56+L56 -> 160.388 | K56: =SUM(N56:Y56) -> 160.388 | L56: =SUM(AA56:AL56) -> 0 | N56: 100.388 | O56: 60
E57: L'OREAL/Prada | F57: External | G57: L'OREAL(PACK) | I57: E | J57: =+K57+L57 -> 10.006 | K57: =SUM(N57:Y57) -> 10.006 | L57: =SUM(AA57:AL57) -> 0 | N57: 5.006 | O57: 5
J58: =+K58+L58 -> 0 | K58: =SUM(N58:Y58) -> 0 | L58: =SUM(AA58:AL58) -> 0
J59: =+K59+L59 -> 0 | K59: =SUM(N59:Y59) -> 0 | L59: =SUM(AA59:AL59) -> 0
J60: =+K60+L60 -> 0 | K60: =SUM(N60:Y60) -> 0 | L60: =SUM(AA60:AL60) -> 0
J61: =+K61+L61 -> 0 | K61: =SUM(N61:Y61) -> 0 | L61: =SUM(AA61:AL61) -> 0
J62: =+K62+L62 -> 0 | K62: =SUM(N62:Y62) -> 0 | L62: =SUM(AA62:AL62) -> 0
J63: =+K63+L63 -> 0 | K63: =SUM(N63:Y63) -> 0 | L63: =SUM(AA63:AL63) -> 0
J64: =+K64+L64 -> 0 | K64: =SUM(N64:Y64) -> 0 | L64: =SUM(AA64:AL64) -> 0
J65: =+K65+L65 -> 0 | K65: =SUM(N65:Y65) -> 0 | L65: =SUM(AA65:AL65) -> 0
J66: =+K66+L66 -> 0 | K66: =SUM(N66:Y66) -> 0 | L66: =SUM(AA66:AL66) -> 0
J67: =+K67+L67 -> 0 | K67: =SUM(N67:Y67) -> 0 | L67: =SUM(AA67:AL67) -> 0
J68: =+K68+L68 -> 0 | K68: =SUM(N68:Y68) -> 0 | L68: =SUM(AA68:AL68) -> 0
J69: =+K69+L69 -> 0 | K69: =SUM(N69:Y69) -> 0 | L69: =SUM(AA69:AL69) -> 0
... J247: =+K247+L247 -> 0 | K247: =SUM(N247:Y247) -> 0 | L247: =SUM(AA247:AL247) -> 0

Sheet W2
E2: ENTITY NAME : | G2: =+parameters!D2 -> DE HONG KONG | I2: ORDER BOOK SYNTHESIS in K€
E4: WEEK : | G4: W2 | I4: Cells to be filled in
E6: MONTH : | G6: =+VLOOKUP(G4, parameters!G:H, 2, 0) -> January
E8: TURNOVER | F8: =parameters!D4 -> k€ | H8: YTD Turnover | J8: =+G6&" Turnover" -> January Turnover | L8: Last estim. for the month: | O8: Forecast 2026
H9: =+"from January 1 until end of "&G4 -> from January 1 until end of W2 | J9: =+"from "&G6&" 1 until end of "&G4 -> from January 1 until end of W2 | L9: =+G6 -> January | O9: =+G4 -> W2 | P9: =+VLOOKUP(G4, parameters!$G$9:$I$61,3,0) -> W1 | Q9: Var
E10: EXTERNAL SALES INVOICED (=outside group) | H10: =J10 -> 65.798 | J10: =0+65.798 -> 65.798 | L10: =J10+N17 -> 4534.479 | O10: =+H10+K17 -> 7469.878 | P10: {=INDIRECT(ADDRESS(10,15,,,VLOOKUP($G$4,parameters!$G:$I,3,0)))} -> 7272.878 | Q10: =O10-P10 -> 197
E11: GROUP SALES INVOICED | H11: =J11 -> 68.362 | J11: =0+68.362 -> 68.362 | L11: =J11+N18 -> 1815.541 | O11: =+H11+K18 -> 4863.461 | P11: {=INDIRECT(ADDRESS(11,15,,,VLOOKUP($G$4,parameters!$G:$I,3,0)))} -> 4661.798 | Q11: =O11-P11 -> 201.663 | S11: Definition orders : you consider the orders which are sure even if the order customers paper order is not yet received
E12: TOTAL | H12: =SUM(H10:H11) -> 134.16 | J12: =SUM(J10:J11) -> 134.16 | L12: =SUM(L10:L11) -> 6350.02 | O12: =SUM(O10:O11) -> 12333.339 | P12: =SUM(P10:P11) -> 11934.676 | Q12: =O12-P12 -> 398.663 | S12: The quantity, value, and delivery date can be changed before final delivery
E16: ORDERBOOK | F16: =+F8 -> k€ | J16: TOTAL ORDERBOOK | K16: Total amount 2026 | L16: Total amount 2027 | N16: 46023 | O16: 46054 | P16: 46082 | Q16: 46113 | R16: 46143 | S16: 46174 | T16: 46204 | U16: 46235 | V16: 46266 | W16: 46296 | X16: 46327 | Y16: 46357 | AA16: 46388 | AB16: 46419 | AC16: 46447 | AD16: 46478 | AE16: 46508 | AF16: 46539 | AG16: 46569 | AH16: 46600 | AI16: 46631 | AJ16: 46661 | AK16: 46692 | AL16: 46722
E17: External | J17: =+SUMIF($F$24:$F$251,"External",$J$24:$J$251) -> 7404.08 | K17: =+SUMIF($F$24:$F$251,"External",$K$24:$K$251) -> 7404.08 | L17: =+SUMIF($F$24:$F$251,"External",$L$24:$L$251) -> 0 | N17: =+SUMIF($F$24:$F$251,"External",N$24:N$251) -> 4468.681 | O17: =+SUMIF($F$24:$F$251,"External",O$24:O$251) -> 1678.798 | P17: =+SUMIF($F$24:$F$251,"External",P$24:P$251) -> 360 | Q17: =+SUMIF($F$24:$F$251,"External",Q$24:Q$251) -> 21 | R17: =+SUMIF($F$24:$F$251,"External",R$24:R$251) -> 105.358 | S17: =+SUMIF($F$24:$F$251,"External",S$24:S$251) -> 84.243 | T17: =+SUMIF($F$24:$F$251,"External",T$24:T$251) -> 11 | U17: =+SUMIF($F$24:$F$251,"External",U$24:U$251) -> 675 | ... Y17: =+SUMIF($F$24:$F$251,"External",Y$24:Y$251) -> 0 | AA17: =+SUMIF($F$24:$F$251,"External",AA$24:AA$251) -> 0 | AB17: =+SUMIF($F$24:$F$251,"External",AB$24:AB$251) -> 0 | AC17: =+SUMIF($F$24:$F$251,"External",AC$24:AC$251) -> 0 | AD17: =+SUMIF($F$24:$F$251,"External",AD$24:AD$251) -> 0 | AE17: =+SUMIF($F$24:$F$251,"External",AE$24:AE$251) -> 0 | AF17: =+SUMIF($F$24:$F$251,"External",AF$24:AF$251) -> 0 | AG17: =+SUMIF($F$24:$F$251,"External",AG$24:AG$251) -> 0 | AH17: =+SUMIF($F$24:$F$251,"External",AH$24:AH$251) -> 0 | ... AL17: =+SUMIF($F$24:$F$251,"External",AL$24:AL$251) -> 0
E18: Group | J18: =+SUMIF($F$24:$F$251,"Group",$J$24:$J$251) -> 4795.099 | K18: =+SUMIF($F$24:$F$251,"Group",$K$24:$K$251) -> 4795.099 | L18: =SUMIF($F$24:$F$251,"Group",$L$24:$L$251) -> 0 | N18: =+SUMIF($F$24:$F$251,"Group",N$24:N$251) -> 1747.179 | O18: =+SUMIF($F$24:$F$251,"Group",O$24:O$251) -> 640.237 | P18: =+SUMIF($F$24:$F$251,"Group",P$24:P$251) -> 121 | Q18: =+SUMIF($F$24:$F$251,"Group",Q$24:Q$251) -> 410.683 | R18: =+SUMIF($F$24:$F$251,"Group",R$24:R$251) -> 0 | S18: =+SUMIF($F$24:$F$251,"Group",S$24:S$251) -> 124 | T18: =+SUMIF($F$24:$F$251,"Group",T$24:T$251) -> 450 | U18: =+SUMIF($F$24:$F$251,"Group",U$24:U$251) -> 1302 | ... Y18: =+SUMIF($F$24:$F$251,"Group",Y$24:Y$251) -> 0 | AA18: =+SUMIF($F$24:$F$251,"Group",AA$24:AA$251) -> 0 | AB18: =+SUMIF($F$24:$F$251,"Group",AB$24:AB$251) -> 0 | AC18: =+SUMIF($F$24:$F$251,"Group",AC$24:AC$251) -> 0 | AD18: =+SUMIF($F$24:$F$251,"Group",AD$24:AD$251) -> 0 | AE18: =+SUMIF($F$24:$F$251,"Group",AE$24:AE$251) -> 0 | AF18: =+SUMIF($F$24:$F$251,"Group",AF$24:AF$251) -> 0 | AG18: =+SUMIF($F$24:$F$251,"Group",AG$24:AG$251) -> 0 | AH18: =+SUMIF($F$24:$F$251,"Group",AH$24:AH$251) -> 0 | ... AL18: =+SUMIF($F$24:$F$251,"Group",AL$24:AL$251) -> 0
E19: TOTAL | J19: =SUM(J17:J18) -> 12199.179 | K19: =SUM(K17:K18) -> 12199.179 | L19: =SUM(L17:L18) -> 0 | N19: =SUM(N17:N18) -> 6215.86 | O19: =SUM(O17:O18) -> 2319.035 | P19: =SUM(P17:P18) -> 481 | Q19: =SUM(Q17:Q18) -> 431.683 | R19: =SUM(R17:R18) -> 105.358 | S19: =SUM(S17:S18) -> 208.243 | T19: =SUM(T17:T18) -> 461 | U19: =SUM(U17:U18) -> 1977 | ... Y19: =SUM(Y17:Y18) -> 0 | AA19: =SUM(AA17:AA18) -> 0 | AB19: =SUM(AB17:AB18) -> 0 | AC19: =SUM(AC17:AC18) -> 0 | AD19: =SUM(AD17:AD18) -> 0 | AE19: =SUM(AE17:AE18) -> 0 | AF19: =SUM(AF17:AF18) -> 0 | AG19: =SUM(AG17:AG18) -> 0 | AH19: =SUM(AH17:AH18) -> 0 | ... AL19: =SUM(AL17:AL18) -> 0
I21: check | J21: =IF(SUM(J24:J251)=J19, "OK", "Please correct: the sum of orders below is not equal to the total calculated above. Make sure to pick External or Group for each order and don't change the formulas in columns K and L") -> OK | N21: 2026 | AA21: 2027
E23: Order (Tooling including) to be delivered | F23: External or Group | G23: Customers orders | H23: Quantity | I23: DGC | J23: TOTAL ORDERBOOK | K23: Total amount 2026 | L23: Total amount 2027 | N23: 46023 | O23: 46054 | P23: 46082 | Q23: 46113 | R23: 46143 | S23: 46174 | T23: 46204 | U23: 46235 | V23: 46266 | W23: 46296 | X23: 46327 | Y23: 46357 | AA23: 46388 | AB23: 46419 | AC23: 46447 | AD23: 46478 | AE23: 46508 | AF23: 46539 | AG23: 46569 | AH23: 46600 | AI23: 46631 | AJ23: 46661 | AK23: 46692 | AL23: 46722
D24: X | E24: D3 | F24: Group | G24: D3 | I24: G | J24: =+K24+L24 -> 3331.75 | K24: =SUM(N24:Y24) -> 3331.75 | L24: =SUM(AA24:AL24) -> 0 | N24: =1235.283-53.533+141 -> 1322.75 | O24: =50+56 -> 106 | P24: 1 | Q24: 26 | S24: 124 | T24: =500-1-26-23 -> 450 | U24: =1600-141-56+23-124 -> 1302
E25: Diam France | F25: Group | G25: Diam France | I25: G | J25: =+K25+L25 -> 16.781 | K25: =SUM(N25:Y25) -> 16.781 | L25: =SUM(AA25:AL25) -> 0 | N25: =7.781-3 -> 4.781 | P25: =9+3 -> 12
E26: DIAM Turkey | F26: Group | G26: DIAM Turkey | I26: G | J26: =+K26+L26 -> 166.23 | K26: =SUM(N26:Y26) -> 166.23 | L26: =SUM(AA26:AL26) -> 0 | N26: =33-1.568-10 -> 21.432 | Q26: =144.711+10-8.265-0.531-1.117 -> 144.798
E27: Nevacril | F27: Group | G27: Nevacril | I27: G | J27: =+K27+L27 -> 3.259 | K27: =SUM(N27:Y27) -> 3.259 | L27: =SUM(AA27:AL27) -> 0 | N27: 3.259
E28: Diam UK | F28: Group | G28: Diam UK | I28: G | J28: =+K28+L28 -> 191 | K28: =SUM(N28:Y28) -> 191 | L28: =SUM(AA28:AL28) -> 0 | O28: =120+14+57 -> 191
E29: DIAM PORTUGAL | F29: Group | G29: DIAM PORTUGAL | I29: G | J29: =+K29+L29 -> 3.5 | K29: =SUM(N29:Y29) -> 3.5 | L29: =SUM(AA29:AL29) -> 0 | O29: 3.5
E30: DIAM PRESTIGE EUROPE | F30: Group | G30: DIAM PRESTIGE EUROPE | I30: G | J30: =+K30+L30 -> 153.294 | K30: =SUM(N30:Y30) -> 153.294 | L30: =SUM(AA30:AL30) -> 0 | O30: =150.294+3 -> 153.294
E31: PRUGENT DIAM EUROPE | F31: Group | G31: PRUGENT DIAM EUROPE | I31: G | J31: =+K31+L31 -> 1.443 | K31: =SUM(N31:Y31) -> 1.443 | L31: =SUM(AA31:AL31) -> 0 | O31: =1.75-0.307 -> 1.443
E32: Diam Japan | F32: Group | G32: Diam Japan(L) | I32: G | J32: =+K32+L32 -> 412.895 | K32: =SUM(N32:Y32) -> 412.895 | L32: =SUM(AA32:AL32) -> 0 | N32: =121.936-3.041+13 -> 131.895 | O32: =264-13-68 -> 183 | P32: =68+30 -> 98
E33: Diam Japan | F33: Group | G33: Diam Japan(PACK) | I33: G | J33: =+K33+L33 -> 254.566 | K33: =SUM(N33:Y33) -> 254.566 | L33: =SUM(AA33:AL33) -> 0 | N33: =79.566+60+115 -> 254.566
E34: DDA | F34: Group | G34: DDA(PACK) | I34: G | J34: =+K34+L34 -> 10 | K34: =SUM(N34:Y34) -> 10 | L34: =SUM(AA34:AL34) -> 0 | Q34: 10
E35: D3 | F35: Group | G35: D3(PACK) | I35: G | J35: =+K35+L35 -> 34.496 | K35: =SUM(N35:Y35) -> 34.496 | L35: =SUM(AA35:AL35) -> 0 | N35: =24.496-16 -> 8.496 | O35: =10-8 -> 2 | P35: =16+8-14 -> 10 | Q35: 14
E36: Diam Poland | F36: Group | G36: Diam Poland（PACK) | I36: G | J36: =+K36+L36 -> 128.231 | K36: =SUM(N36:Y36) -> 128.231 | L36: =SUM(AA36:AL36) -> 0 | Q36: =54.965+50+23.266 -> 128.231
E37: Diam Tunisia | F37: Group | G37: Diam Tunisia(PACK) | I37: G | J37: =+K37+L37 -> 87.654 | K37: =SUM(N37:Y37) -> 87.654 | L37: =SUM(AA37:AL37) -> 0 | Q37: 87.654
E38: Chanel | F38: External | G38: Chanel(FR team) | I38: G | J38: =+K38+L38 -> 349.223 | K38: =SUM(N38:Y38) -> 349.223 | L38: =SUM(AA38:AL38) -> 0 | N38: =103.223+30 -> 133.223 | O38: 216
E39: Lancome/BIOTHERM | F39: External | G39: Loreal(FR team) | I39: G | J39: =+K39+L39 -> 1654.374 | K39: =SUM(N39:Y39) -> 1654.374 | L39: =SUM(AA39:AL39) -> 0 | N39: 1621.796 | O39: 32.578
E40: MUGLER | F40: External | G40: MUGLER(FR team) | I40: G | J40: =+K40+L40 -> 186.463 | K40: =SUM(N40:Y40) -> 186.463 | L40: =SUM(AA40:AL40) -> 0 | N40: 186.463
E41: LOUIS VUITTON | F41: External | G41: LOUIS VUITTON(FR team) | I41: G | J41: =+K41+L41 -> 113 | K41: =SUM(N41:Y41) -> 113 | L41: =SUM(AA41:AL41) -> 0 | N41: =113 -> 113
E42: NARS/Shiseido | F42: External | G42: Shiseido(D3 team) | I42: G | J42: =+K42+L42 -> 622.201 | K42: =SUM(N42:Y42) -> 622.201 | L42: =SUM(AA42:AL42) -> 0 | N42: =321-13.799-305+8 -> 10.201 | O42: =138+62 -> 200 | P42: =100+77+15 -> 192 | S42: 28 | U42: =305-62-15-28-8 -> 192
E43: Hourglass | F43: External | G43: Hourglass(D3 team) | I43: G | J43: =+K43+L43 -> 163.243 | K43: =SUM(N43:Y43) -> 163.243 | L43: =SUM(AA43:AL43) -> 0 | S43: =35.814-22.571+10+33 -> 56.243 | U43: =140-33 -> 107
E44: Luxottica | F44: External | G44: Luxottica(D3 team) | I44: G | J44: =+K44+L44 -> 321.58 | K44: =SUM(N44:Y44) -> 321.58 | L44: =SUM(AA44:AL44) -> 0 | N44: 255.58 | O44: 66
E45: LM/Bibbi Brown /MAC/Estee Lauder | F45: External | G45: ESTEE LAUDER(RDDC) | I45: E | J45: =+K45+L45 -> 1815.478 | K45: =SUM(N45:Y45) -> 1815.478 | L45: =SUM(AA45:AL45) -> 0 | N45: =775.12-54 -> 721.12 | O45: =491-16 -> 475 | P45: =89+49 -> 138 | R45: =460.358-355 -> 105.358 | U45: =54+16-49+355 -> 376
E46: SEPHORA | F46: External | G46: Sephora | I46: E | J46: =+K46+L46 -> 505.919 | K46: =SUM(N46:Y46) -> 505.919 | L46: =SUM(AA46:AL46) -> 0 | N46: =133.919+87 -> 220.919 | O46: =351-87-2 -> 262 | P46: =7+2+14 -> 23
E47: Burberry/GUCCI | F47: External | G47: COTY | I47: E | J47: =+K47+L47 -> 15.049 | K47: =SUM(N47:Y47) -> 15.049 | L47: =SUM(AA47:AL47) -> 0 | N47: =15.049-7 -> 8.049 | P47: =7 -> 7
E48: Tarte | F48: External | G48: Tarte | I48: E | J48: =+K48+L48 -> 309.072 | K48: =SUM(N48:Y48) -> 309.072 | L48: =SUM(AA48:AL48) -> 0 | N48: =7.89300000000001-6 -> 1.893 | O48: =249.179+6+52 -> 307.179
E49: KVD/FENTY | F49: External | G49: KENDO | I49: E | J49: =+K49+L49 -> 590.413 | K49: =SUM(N49:Y49) -> 590.413 | L49: =SUM(AA49:AL49) -> 0 | N49: 558.413 | Q49: 21 | T49: 11
E50: OLE HENRIKSEN | F50: External | G50: OLE HENRIKSEN | I50: E | J50: =+K50+L50 -> 1.082 | K50: =SUM(N50:Y50) -> 1.082 | L50: =SUM(AA50:AL50) -> 0 | N50: 1.082
E51: Benefit/Fresh | F51: External | G51: LVMH | I51: E | J51: =+K51+L51 -> 170.888 | K51: =SUM(N51:Y51) -> 170.888 | L51: =SUM(AA51:AL51) -> 0 | N51: =173.119-1.331-0.9 -> 170.888
E52: Laura Mercier/Bareminerals | F52: External | G52: Laura Mercier/BAREMINERALS | I52: E | J52: =+K52+L52 -> 72.175 | K52: =SUM(N52:Y52) -> 72.175 | L52: =SUM(AA52:AL52) -> 0 | N52: =74.331-27.197-20 -> 27.134 | O52: =20+14.041+11 -> 45.041
E53: Shiseido | F53: External | G53: Shiseido(P) | I53: E | J53: =+K53+L53 -> 12.688 | K53: =SUM(N53:Y53) -> 12.688 | L53: =SUM(AA53:AL53) -> 0 | N53: 12.688
E54: ONE SIZE | F54: External | G54: ONE SIZE | I54: E | J54: =+K54+L54 -> 232.388 | K54: =SUM(N54:Y54) -> 232.388 | L54: =SUM(AA54:AL54) -> 0 | N54: 232.388
E55: Huda Beauty | F55: External | G55: Huda Beauty | I55: E | J55: =+K55+L55 -> 8.45 | K55: =SUM(N55:Y55) -> 8.45 | L55: =SUM(AA55:AL55) -> 0 | N55: 8.45
E56: ESTEE LAUDER | F56: External | G56: ESTEE LAUDER (PACK) | I56: E | J56: =+K56+L56 -> 242.388 | K56: =SUM(N56:Y56) -> 242.388 | L56: =SUM(AA56:AL56) -> 0 | N56: =100.388+60+12 -> 172.388 | O56: 70
E57: L'OREAL/Prada | F57: External | G57: L'OREAL(PACK) | I57: E | J57: =+K57+L57 -> 18.006 | K57: =SUM(N57:Y57) -> 18.006 | L57: =SUM(AA57:AL57) -> 0 | N57: =5.006+5+3 -> 13.006 | O57: 5
J58: =+K58+L58 -> 0 | K58: =SUM(N58:Y58) -> 0 | L58: =SUM(AA58:AL58) -> 0
J59: =+K59+L59 -> 0 | K59: =SUM(N59:Y59) -> 0 | L59: =SUM(AA59:AL59) -> 0
J60: =+K60+L60 -> 0 | K60: =SUM(N60:Y60) -> 0 | L60: =SUM(AA60:AL60) -> 0
J61: =+K61+L61 -> 0 | K61: =SUM(N61:Y61) -> 0 | L61: =SUM(AA61:AL61) -> 0
J62: =+K62+L62 -> 0 | K62: =SUM(N62:Y62) -> 0 | L62: =SUM(AA62:AL62) -> 0
J63: =+K63+L63 -> 0 | K63: =SUM(N63:Y63) -> 0 | L63: =SUM(AA63:AL63) -> 0
J64: =+K64+L64 -> 0 | K64: =SUM(N64:Y64) -> 0 | L64: =SUM(AA64:AL64) -> 0
J65: =+K65+L65 -> 0 | K65: =SUM(N65:Y65) -> 0 | L65: =SUM(AA65:AL65) -> 0
J66: =+K66+L66 -> 0 | K66: =SUM(N66:Y66) -> 0 | L66: =SUM(AA66:AL66) -> 0
J67: =+K67+L67 -> 0 | K67: =SUM(N67:Y67) -> 0 | L67: =SUM(AA67:AL67) -> 0
J68: =+K68+L68 -> 0 | K68: =SUM(N68:Y68) -> 0 | L68: =SUM(AA68:AL68) -> 0
J69: =+K69+L69 -> 0 | K69: =SUM(N69:Y69) -> 0 | L69: =SUM(AA69:AL69) -> 0
... J252: =+K252+L252 -> 0 | K252: =SUM(N252:Y252) -> 0 | L252: =SUM(AA252:AL252) -> 0

Sheet W3
E2: ENTITY NAME : | G2: =+parameters!D2 -> DE HONG KONG | I2: ORDER BOOK SYNTHESIS in K€
E4: WEEK : | G4: W3 | I4: Cells to be filled in
E6: MONTH : | G6: =+VLOOKUP(G4, parameters!G:H, 2, 0) -> January
E8: TURNOVER | F8: =parameters!D4 -> k€ | H8: YTD Turnover | J8: =+G6&" Turnover" -> January Turnover | L8: Last estim. for the month: | O8: Forecast 2026
H9: =+"from January 1 until end of "&G4 -> from January 1 until end of W3 | J9: =+"from "&G6&" 1 until end of "&G4 -> from January 1 until end of W3 | L9: =+G6 -> January | O9: =+G4 -> W3 | P9: =+VLOOKUP(G4, parameters!$G$9:$I$61,3,0) -> W2 | Q9: Var
E10: EXTERNAL SALES INVOICED (=outside group) | H10: =J10 -> 253.444 | J10: =0+65.798+187.646 -> 253.444 | L10: =J10+N17 -> 4208.689 | O10: =+H10+K17 -> 7633.399 | P10: {=INDIRECT(ADDRESS(10,15,,,VLOOKUP($G$4,parameters!$G:$I,3,0)))} -> 7469.878 | Q10: =O10-P10 -> 163.521
E11: GROUP SALES INVOICED | H11: =J11 -> 141.965 | J11: =0+68.362+73.603 -> 141.965 | L11: =J11+N18 -> 1894.105 | O11: =+H11+K18 -> 4891.136 | P11: {=INDIRECT(ADDRESS(11,15,,,VLOOKUP($G$4,parameters!$G:$I,3,0)))} -> 4863.461 | Q11: =O11-P11 -> 27.675 | S11: Definition orders : you consider the orders which are sure even if the order customers paper order is not yet received
E12: TOTAL | H12: =SUM(H10:H11) -> 395.409 | J12: =SUM(J10:J11) -> 395.409 | L12: =SUM(L10:L11) -> 6102.794 | O12: =SUM(O10:O11) -> 12524.535 | P12: =SUM(P10:P11) -> 12333.339 | Q12: =O12-P12 -> 191.196 | S12: The quantity, value, and delivery date can be changed before final delivery
E16: ORDERBOOK | F16: =+F8 -> k€ | J16: TOTAL ORDERBOOK | K16: Total amount 2026 | L16: Total amount 2027 | N16: 46023 | O16: 46054 | P16: 46082 | Q16: 46113 | R16: 46143 | S16: 46174 | T16: 46204 | U16: 46235 | V16: 46266 | W16: 46296 | X16: 46327 | Y16: 46357 | AA16: 46388 | AB16: 46419 | AC16: 46447 | AD16: 46478 | AE16: 46508 | AF16: 46539 | AG16: 46569 | AH16: 46600 | AI16: 46631 | AJ16: 46661 | AK16: 46692 | AL16: 46722
E17: External | J17: =+SUMIF($F$24:$F$253,"External",$J$24:$J$253) -> 7379.955 | K17: =+SUMIF($F$24:$F$253,"External",$K$24:$K$253) -> 7379.955 | L17: =+SUMIF($F$24:$F$253,"External",$L$24:$L$253) -> 0 | N17: =+SUMIF($F$24:$F$253,"External",N$24:N$253) -> 3955.245 | O17: =+SUMIF($F$24:$F$253,"External",O$24:O$253) -> 1772.079 | P17: =+SUMIF($F$24:$F$253,"External",P$24:P$253) -> 375.45 | Q17: =+SUMIF($F$24:$F$253,"External",Q$24:Q$253) -> 21 | R17: =+SUMIF($F$24:$F$253,"External",R$24:R$253) -> 105.358 | S17: =+SUMIF($F$24:$F$253,"External",S$24:S$253) -> 374.243 | T17: =+SUMIF($F$24:$F$253,"External",T$24:T$253) -> 11 | U17: =+SUMIF($F$24:$F$253,"External",U$24:U$253) -> 765.58 | ... Y17: =+SUMIF($F$24:$F$253,"External",Y$24:Y$253) -> 0 | AA17: =+SUMIF($F$24:$F$253,"External",AA$24:AA$253) -> 0 | AB17: =+SUMIF($F$24:$F$253,"External",AB$24:AB$253) -> 0 | AC17: =+SUMIF($F$24:$F$253,"External",AC$24:AC$253) -> 0 | AD17: =+SUMIF($F$24:$F$253,"External",AD$24:AD$253) -> 0 | AE17: =+SUMIF($F$24:$F$253,"External",AE$24:AE$253) -> 0 | AF17: =+SUMIF($F$24:$F$253,"External",AF$24:AF$253) -> 0 | AG17: =+SUMIF($F$24:$F$253,"External",AG$24:AG$253) -> 0 | AH17: =+SUMIF($F$24:$F$253,"External",AH$24:AH$253) -> 0 | ... AL17: =+SUMIF($F$24:$F$253,"External",AL$24:AL$253) -> 0
E18: Group | J18: =+SUMIF($F$24:$F$253,"Group",$J$24:$J$253) -> 4749.171 | K18: =+SUMIF($F$24:$F$253,"Group",$K$24:$K$253) -> 4749.171 | L18: =SUMIF($F$24:$F$253,"Group",$L$24:$L$253) -> 0 | N18: =+SUMIF($F$24:$F$253,"Group",N$24:N$253) -> 1752.14 | O18: =+SUMIF($F$24:$F$253,"Group",O$24:O$253) -> 496.743 | P18: =+SUMIF($F$24:$F$253,"Group",P$24:P$253) -> 119.329 | Q18: =+SUMIF($F$24:$F$253,"Group",Q$24:Q$253) -> 511.959 | R18: =+SUMIF($F$24:$F$253,"Group",R$24:R$253) -> 0 | S18: =+SUMIF($F$24:$F$253,"Group",S$24:S$253) -> 124 | T18: =+SUMIF($F$24:$F$253,"Group",T$24:T$253) -> 450 | U18: =+SUMIF($F$24:$F$253,"Group",U$24:U$253) -> 1295 | ... Y18: =+SUMIF($F$24:$F$253,"Group",Y$24:Y$253) -> 0 | AA18: =+SUMIF($F$24:$F$253,"Group",AA$24:AA$253) -> 0 | AB18: =+SUMIF($F$24:$F$253,"Group",AB$24:AB$253) -> 0 | AC18: =+SUMIF($F$24:$F$253,"Group",AC$24:AC$253) -> 0 | AD18: =+SUMIF($F$24:$F$253,"Group",AD$24:AD$253) -> 0 | AE18: =+SUMIF($F$24:$F$253,"Group",AE$24:AE$253) -> 0 | AF18: =+SUMIF($F$24:$F$253,"Group",AF$24:AF$253) -> 0 | AG18: =+SUMIF($F$24:$F$253,"Group",AG$24:AG$253) -> 0 | AH18: =+SUMIF($F$24:$F$253,"Group",AH$24:AH$253) -> 0 | ... AL18: =+SUMIF($F$24:$F$253,"Group",AL$24:AL$253) -> 0
E19: TOTAL | J19: =SUM(J17:J18) -> 12129.126 | K19: =SUM(K17:K18) -> 12129.126 | L19: =SUM(L17:L18) -> 0 | N19: =SUM(N17:N18) -> 5707.385 | O19: =SUM(O17:O18) -> 2268.822 | P19: =SUM(P17:P18) -> 494.779 | Q19: =SUM(Q17:Q18) -> 532.959 | R19: =SUM(R17:R18) -> 105.358 | S19: =SUM(S17:S18) -> 498.243 | T19: =SUM(T17:T18) -> 461 | U19: =SUM(U17:U18) -> 2060.58 | ... Y19: =SUM(Y17:Y18) -> 0 | AA19: =SUM(AA17:AA18) -> 0 | AB19: =SUM(AB17:AB18) -> 0 | AC19: =SUM(AC17:AC18) -> 0 | AD19: =SUM(AD17:AD18) -> 0 | AE19: =SUM(AE17:AE18) -> 0 | AF19: =SUM(AF17:AF18) -> 0 | AG19: =SUM(AG17:AG18) -> 0 | AH19: =SUM(AH17:AH18) -> 0 | ... AL19: =SUM(AL17:AL18) -> 0
I21: check | J21: =IF(SUM(J24:J253)=J19, "OK", "Please correct: the sum of orders below is not equal to the total calculated above. Make sure to pick External or Group for each order and don't change the formulas in columns K and L") -> OK | N21: 2026 | AA21: 2027
E23: Order (Tooling including) to be delivered | F23: External or Group | G23: Customers orders | H23: Quantity | I23: DGC | J23: TOTAL ORDERBOOK | K23: Total amount 2026 | L23: Total amount 2027 | N23: 46023 | O23: 46054 | P23: 46082 | Q23: 46113 | R23: 46143 | S23: 46174 | T23: 46204 | U23: 46235 | V23: 46266 | W23: 46296 | X23: 46327 | Y23: 46357 | AA23: 46388 | AB23: 46419 | AC23: 46447 | AD23: 46478 | AE23: 46508 | AF23: 46539 | AG23: 46569 | AH23: 46600 | AI23: 46631 | AJ23: 46661 | AK23: 46692 | AL23: 46722
D24: X | E24: D3 | F24: Group | G24: D3 | I24: G | J24: =+K24+L24 -> 3325.649 | K24: =SUM(N24:Y24) -> 3325.649 | L24: =SUM(AA24:AL24) -> 0 | N24: =1322.75-6.101+7 -> 1323.649 | O24: 106 | P24: 1 | Q24: 26 | S24: 124 | T24: 450 | U24: =1302-7 -> 1295
E25: Diam France | F25: Group | G25: Diam France | I25: G | J25: =+K25+L25 -> 12.329 | K25: =SUM(N25:Y25) -> 12.329 | L25: =SUM(AA25:AL25) -> 0 | N25: 5 | P25: =4.781-4.295-0.157+12-5 -> 7.329
E26: DIAM Turkey | F26: Group | G26: DIAM Turkey | I26: G | J26: =+K26+L26 -> 148.398 | K26: =SUM(N26:Y26) -> 148.398 | L26: =SUM(AA26:AL26) -> 0 | N26: =21.432-17.832 -> 3.6 | Q26: 144.798
E27: NOR LINE | F27: Group | G27: NOR LINE | I27: G | J27: =+K27+L27 -> 4 | K27: =SUM(N27:Y27) -> 4 | L27: =SUM(AA27:AL27) -> 0 | N27: 4
E28: Nevacril | F28: Group | G28: Nevacril | I28: G | J28: =+K28+L28 -> 15.259 | K28: =SUM(N28:Y28) -> 15.259 | L28: =SUM(AA28:AL28) -> 0 | N28: =3.259+12 -> 15.259
E29: Diam UK | F29: Group | G29: Diam UK | I29: G | J29: =+K29+L29 -> 197 | K29: =SUM(N29:Y29) -> 197 | L29: =SUM(AA29:AL29) -> 0 | N29: 3 | O29: 191 | P29: 3
E30: DIAM PORTUGAL | F30: Group | G30: DIAM PORTUGAL | I30: G | J30: =+K30+L30 -> 3.5 | K30: =SUM(N30:Y30) -> 3.5 | L30: =SUM(AA30:AL30) -> 0 | Q30: 3.5
E31: DIAM PRESTIGE EUROPE | F31: Group | G31: DIAM PRESTIGE EUROPE | I31: G | J31: =+K31+L31 -> 109.776 | K31: =SUM(N31:Y31) -> 109.776 | L31: =SUM(AA31:AL31) -> 0 | O31: 12 | Q31: =153.294-43.518-12 -> 97.776
E32: PRUGENT DIAM EUROPE | F32: Group | G32: PRUGENT DIAM EUROPE | I32: G | J32: =+K32+L32 -> 2.743 | K32: =SUM(N32:Y32) -> 2.743 | L32: =SUM(AA32:AL32) -> 0 | O32: =1.443-1.7+3 -> 2.743
E33: Diam Japan | F33: Group | G33: Diam Japan(L) | I33: G | J33: =+K33+L33 -> 412.895 | K33: =SUM(N33:Y33) -> 412.895 | L33: =SUM(AA33:AL33) -> 0 | N33: 131.895 | O33: 183 | P33: 98
E34: DIAM ITALY | F34: Group | G34: DIAM ITALY | I34: G | J34: =+K34+L34 -> 2.675 | K34: =SUM(N34:Y34) -> 2.675 | L34: =SUM(AA34:AL34) -> 0 | N34: 2.675
E35: Diam Japan | F35: Group | G35: Diam Japan(PACK) | I35: G | J35: =+K35+L35 -> 254.566 | K35: =SUM(N35:Y35) -> 254.566 | L35: =SUM(AA35:AL35) -> 0 | N35: 254.566
E36: DDA | F36: Group | G36: DDA(PACK) | I36: G | J36: =+K36+L36 -> 10 | K36: =SUM(N36:Y36) -> 10 | L36: =SUM(AA36:AL36) -> 0 | Q36: 10
E37: D3 | F37: Group | G37: D3(PACK) | I37: G | J37: =+K37+L37 -> 34.496 | K37: =SUM(N37:Y37) -> 34.496 | L37: =SUM(AA37:AL37) -> 0 | N37: 8.496 | O37: 2 | P37: 10 | Q37: 14
E38: Diam Poland | F38: Group | G38: Diam Poland（PACK) | I38: G | J38: =+K38+L38 -> 128.231 | K38: =SUM(N38:Y38) -> 128.231 | L38: =SUM(AA38:AL38) -> 0 | Q38: 128.231
E39: Diam Tunisia | F39: Group | G39: Diam Tunisia(PACK) | I39: G | J39: =+K39+L39 -> 87.654 | K39: =SUM(N39:Y39) -> 87.654 | L39: =SUM(AA39:AL39) -> 0 | Q39: 87.654
E40: Chanel | F40: External | G40: Chanel(FR team) | I40: G | J40: =+K40+L40 -> 349.223 | K40: =SUM(N40:Y40) -> 349.223 | L40: =SUM(AA40:AL40) -> 0 | N40: 133.223 | O40: 216
E41: Lancome/BIOTHERM | F41: External | G41: Loreal(FR team) | I41: G | J41: =+K41+L41 -> 1644.974 | K41: =SUM(N41:Y41) -> 1644.974 | L41: =SUM(AA41:AL41) -> 0 | N41: =1621.796-15-9.4 -> 1597.396 | O41: =32.578+15-38 -> 9.578 | P41: 38
E42: MUGLER | F42: External | G42: MUGLER(FR team) | I42: G | J42: =+K42+L42 -> 186.463 | K42: =SUM(N42:Y42) -> 186.463 | L42: =SUM(AA42:AL42) -> 0 | N42: 186.463
E43: LOUIS VUITTON | F43: External | G43: LOUIS VUITTON(FR team) | I43: G | J43: =+K43+L43 -> 36.892 | K43: =SUM(N43:Y43) -> 36.892 | L43: =SUM(AA43:AL43) -> 0 | N43: =113-76.108 -> 36.892
E44: NARS/Shiseido | F44: External | G44: Shiseido(D3 team) | I44: G | J44: =+K44+L44 -> 528.43 | K44: =SUM(N44:Y44) -> 528.43 | L44: =SUM(AA44:AL44) -> 0 | N44: =10.201-93.771+168 -> 84.43 | O44: =200-5 -> 195 | P44: =192-168-9 -> 15 | S44: 28 | U44: =192+5+9 -> 206
E45: Hourglass | F45: External | G45: Hourglass(D3 team) | I45: G | J45: =+K45+L45 -> 163.243 | K45: =SUM(N45:Y45) -> 163.243 | L45: =SUM(AA45:AL45) -> 0 | O45: 5 | S45: 56.243 | U45: =107-5 -> 102
E46: Luxottica | F46: External | G46: Luxottica(D3 team) | I46: G | J46: =+K46+L46 -> 321.58 | K46: =SUM(N46:Y46) -> 321.58 | L46: =SUM(AA46:AL46) -> 0 | S46: 290 | U46: =255.58+66-290 -> 31.58
E47: LM/Bibbi Brown /MAC/Estee Lauder | F47: External | G47: ESTEE LAUDER(RDDC) | I47: E | J47: =+K47+L47 -> 1815.478 | K47: =SUM(N47:Y47) -> 1815.478 | L47: =SUM(AA47:AL47) -> 0 | N47: =721.12-4 -> 717.12 | O47: =475-19 -> 456 | P47: =138-17 -> 121 | R47: 105.358 | U47: =376+40 -> 416
E48: SEPHORA | F48: External | G48: Sephora | I48: E | J48: =+K48+L48 -> 505.919 | K48: =SUM(N48:Y48) -> 505.919 | L48: =SUM(AA48:AL48) -> 0 | N48: 220.919 | O48: 262 | P48: 23
E49: Burberry/GUCCI | F49: External | G49: COTY | I49: E | J49: =+K49+L49 -> 15.049 | K49: =SUM(N49:Y49) -> 15.049 | L49: =SUM(AA49:AL49) -> 0 | N49: 8.049 | P49: 7
E50: Tarte | F50: External | G50: Tarte | I50: E | J50: =+K50+L50 -> 309.072 | K50: =SUM(N50:Y50) -> 309.072 | L50: =SUM(AA50:AL50) -> 0 | O50: =307.179+1.89300000000001-10 -> 299.072 | U50: 10
E51: KVD/FENTY | F51: External | G51: KENDO | I51: E | J51: =+K51+L51 -> 590.413 | K51: =SUM(N51:Y51) -> 590.413 | L51: =SUM(AA51:AL51) -> 0 | N51: 558.413 | Q51: 21 | T51: 11
E52: OLE HENRIKSEN | F52: External | G52: OLE HENRIKSEN | I52: E | J52: =+K52+L52 -> 1.082 | K52: =SUM(N52:Y52) -> 1.082 | L52: =SUM(AA52:AL52) -> 0 | N52: 1.082
E53: Benefit/Fresh | F53: External | G53: LVMH | I53: E | J53: =+K53+L53 -> 163.042 | K53: =SUM(N53:Y53) -> 163.042 | L53: =SUM(AA53:AL53) -> 0 | N53: =170.888-7.846 -> 163.042
E54: Laura Mercier/Bareminerals | F54: External | G54: Laura Mercier/BAREMINERALS | I54: E | J54: =+K54+L54 -> 72.175 | K54: =SUM(N54:Y54) -> 72.175 | L54: =SUM(AA54:AL54) -> 0 | N54: 27.134 | O54: 45.041
E55: Shiseido | F55: External | G55: Shiseido(P) | I55: E | J55: =+K55+L55 -> 12.688 | K55: =SUM(N55:Y55) -> 12.688 | L55: =SUM(AA55:AL55) -> 0 | N55: 12.688
E56: ONE SIZE | F56: External | G56: ONE SIZE | I56: E | J56: =+K56+L56 -> 232.388 | K56: =SUM(N56:Y56) -> 232.388 | L56: =SUM(AA56:AL56) -> 0 | N56: 23 | O56: =232.388-23 -> 209.388
E57: Huda Beauty | F57: External | G57: Huda Beauty | I57: E | J57: =+K57+L57 -> 171.45 | K57: =SUM(N57:Y57) -> 171.45 | L57: =SUM(AA57:AL57) -> 0 | P57: =8.45+163 -> 171.45
E58: ESTEE LAUDER | F58: External | G58: ESTEE LAUDER (PACK) | I58: E | J58: =+K58+L58 -> 242.388 | K58: =SUM(N58:Y58) -> 242.388 | L58: =SUM(AA58:AL58) -> 0 | N58: 172.388 | O58: 70
E59: L'OREAL/Prada | F59: External | G59: L'OREAL(PACK) | I59: E | J59: =+K59+L59 -> 18.006 | K59: =SUM(N59:Y59) -> 18.006 | L59: =SUM(AA59:AL59) -> 0 | N59: 13.006 | O59: 5
J60: =+K60+L60 -> 0 | K60: =SUM(N60:Y60) -> 0 | L60: =SUM(AA60:AL60) -> 0
J61: =+K61+L61 -> 0 | K61: =SUM(N61:Y61) -> 0 | L61: =SUM(AA61:AL61) -> 0
J62: =+K62+L62 -> 0 | K62: =SUM(N62:Y62) -> 0 | L62: =SUM(AA62:AL62) -> 0
J63: =+K63+L63 -> 0 | K63: =SUM(N63:Y63) -> 0 | L63: =SUM(AA63:AL63) -> 0
J64: =+K64+L64 -> 0 | K64: =SUM(N64:Y64) -> 0 | L64: =SUM(AA64:AL64) -> 0
J65: =+K65+L65 -> 0 | K65: =SUM(N65:Y65) -> 0 | L65: =SUM(AA65:AL65) -> 0
J66: =+K66+L66 -> 0 | K66: =SUM(N66:Y66) -> 0 | L66: =SUM(AA66:AL66) -> 0
J67: =+K67+L67 -> 0 | K67: =SUM(N67:Y67) -> 0 | L67: =SUM(AA67:AL67) -> 0
J68: =+K68+L68 -> 0 | K68: =SUM(N68:Y68) -> 0 | L68: =SUM(AA68:AL68) -> 0
J69: =+K69+L69 -> 0 | K69: =SUM(N69:Y69) -> 0 | L69: =SUM(AA69:AL69) -> 0
J70: =+K70+L70 -> 0 | K70: =SUM(N70:Y70) -> 0 | L70: =SUM(AA70:AL70) -> 0
J71: =+K71+L71 -> 0 | K71: =SUM(N71:Y71) -> 0 | L71: =SUM(AA71:AL71) -> 0
... J254: =+K254+L254 -> 0 | K254: =SUM(N254:Y254) -> 0 | L254: =SUM(AA254:AL254) -> 0

Sheet W4
E2: ENTITY NAME : | G2: =+parameters!D2 -> DE HONG KONG | I2: ORDER BOOK SYNTHESIS in K€
E4: WEEK : | G4: W4 | I4: Cells to be filled in
E6: MONTH : | G6: =+VLOOKUP(G4, parameters!G:H, 2, 0) -> January
E8: TURNOVER | F8: =parameters!D4 -> k€ | H8: YTD Turnover | J8: =+G6&" Turnover" -> January Turnover | L8: Last estim. for the month: | O8: Forecast 2026
H9: =+"from January 1 until end of "&G4 -> from January 1 until end of W4 | J9: =+"from "&G6&" 1 until end of "&G4 -> from January 1 until end of W4 | L9: =+G6 -> January | O9: =+G4 -> W4 | P9: =+VLOOKUP(G4, parameters!$G$9:$I$61,3,0) -> W3 | Q9: Var
E10: EXTERNAL SALES INVOICED (=outside group) | H10: =J10 -> 1899.463 | J10: =0+65.798+187.646+1646.019 -> 1899.463 | L10: =J10+N17 -> 4637.144 | O10: =+H10+K17 -> 8132.399 | P10: {=INDIRECT(ADDRESS(10,15,,,VLOOKUP($G$4,parameters!$G:$I,3,0)))} -> 7633.399 | Q10: =O10-P10 -> 499
E11: GROUP SALES INVOICED | H11: =J11 -> 444.467 | J11: =0+68.362+73.603+302.502 -> 444.467 | L11: =J11+N18 -> 1947.652 | O11: =+H11+K18 -> 4954.586 | P11: {=INDIRECT(ADDRESS(11,15,,,VLOOKUP($G$4,parameters!$G:$I,3,0)))} -> 4891.136 | Q11: =O11-P11 -> 63.45 | S11: Definition orders : you consider the orders which are sure even if the order customers paper order is not yet received
E12: TOTAL | H12: =SUM(H10:H11) -> 2343.93 | J12: =SUM(J10:J11) -> 2343.93 | L12: =SUM(L10:L11) -> 6584.796 | O12: =SUM(O10:O11) -> 13086.985 | P12: =SUM(P10:P11) -> 12524.535 | Q12: =O12-P12 -> 562.45 | S12: The quantity, value, and delivery date can be changed before final delivery
E16: ORDERBOOK | F16: =+F8 -> k€ | J16: TOTAL ORDERBOOK | K16: Total amount 2026 | L16: Total amount 2027 | N16: 46023 | O16: 46054 | P16: 46082 | Q16: 46113 | R16: 46143 | S16: 46174 | T16: 46204 | U16: 46235 | V16: 46266 | W16: 46296 | X16: 46327 | Y16: 46357 | AA16: 46388 | AB16: 46419 | AC16: 46447 | AD16: 46478 | AE16: 46508 | AF16: 46539 | AG16: 46569 | AH16: 46600 | AI16: 46631 | AJ16: 46661 | AK16: 46692 | AL16: 46722
E17: External | J17: =+SUMIF($F$24:$F$251,"External",$J$24:$J$251) -> 6232.936 | K17: =+SUMIF($F$24:$F$251,"External",$K$24:$K$251) -> 6232.936 | L17: =+SUMIF($F$24:$F$251,"External",$L$24:$L$251) -> 0 | N17: =+SUMIF($F$24:$F$251,"External",N$24:N$251) -> 2737.681 | O17: =+SUMIF($F$24:$F$251,"External",O$24:O$251) -> 1588.739 | P17: =+SUMIF($F$24:$F$251,"External",P$24:P$251) -> 1013.578 | Q17: =+SUMIF($F$24:$F$251,"External",Q$24:Q$251) -> 0 | R17: =+SUMIF($F$24:$F$251,"External",R$24:R$251) -> 105.358 | S17: =+SUMIF($F$24:$F$251,"External",S$24:S$251) -> 318 | T17: =+SUMIF($F$24:$F$251,"External",T$24:T$251) -> 0 | U17: =+SUMIF($F$24:$F$251,"External",U$24:U$251) -> 469.58 | ... Y17: =+SUMIF($F$24:$F$251,"External",Y$24:Y$251) -> 0 | AA17: =+SUMIF($F$24:$F$251,"External",AA$24:AA$251) -> 0 | AB17: =+SUMIF($F$24:$F$251,"External",AB$24:AB$251) -> 0 | AC17: =+SUMIF($F$24:$F$251,"External",AC$24:AC$251) -> 0 | AD17: =+SUMIF($F$24:$F$251,"External",AD$24:AD$251) -> 0 | AE17: =+SUMIF($F$24:$F$251,"External",AE$24:AE$251) -> 0 | AF17: =+SUMIF($F$24:$F$251,"External",AF$24:AF$251) -> 0 | AG17: =+SUMIF($F$24:$F$251,"External",AG$24:AG$251) -> 0 | AH17: =+SUMIF($F$24:$F$251,"External",AH$24:AH$251) -> 0 | ... AL17: =+SUMIF($F$24:$F$251,"External",AL$24:AL$251) -> 0
E18: Group | J18: =+SUMIF($F$24:$F$251,"Group",$J$24:$J$251) -> 4510.119 | K18: =+SUMIF($F$24:$F$251,"Group",$K$24:$K$251) -> 4510.119 | L18: =SUMIF($F$24:$F$251,"Group",$L$24:$L$251) -> 0 | N18: =+SUMIF($F$24:$F$251,"Group",N$24:N$251) -> 1503.185 | O18: =+SUMIF($F$24:$F$251,"Group",O$24:O$251) -> 395.743 | P18: =+SUMIF($F$24:$F$251,"Group",P$24:P$251) -> 272.329 | Q18: =+SUMIF($F$24:$F$251,"Group",Q$24:Q$251) -> 471.862 | R18: =+SUMIF($F$24:$F$251,"Group",R$24:R$251) -> 701 | S18: =+SUMIF($F$24:$F$251,"Group",S$24:S$251) -> 124 | T18: =+SUMIF($F$24:$F$251,"Group",T$24:T$251) -> 0 | U18: =+SUMIF($F$24:$F$251,"Group",U$24:U$251) -> 1042 | ... Y18: =+SUMIF($F$24:$F$251,"Group",Y$24:Y$251) -> 0 | AA18: =+SUMIF($F$24:$F$251,"Group",AA$24:AA$251) -> 0 | AB18: =+SUMIF($F$24:$F$251,"Group",AB$24:AB$251) -> 0 | AC18: =+SUMIF($F$24:$F$251,"Group",AC$24:AC$251) -> 0 | AD18: =+SUMIF($F$24:$F$251,"Group",AD$24:AD$251) -> 0 | AE18: =+SUMIF($F$24:$F$251,"Group",AE$24:AE$251) -> 0 | AF18: =+SUMIF($F$24:$F$251,"Group",AF$24:AF$251) -> 0 | AG18: =+SUMIF($F$24:$F$251,"Group",AG$24:AG$251) -> 0 | AH18: =+SUMIF($F$24:$F$251,"Group",AH$24:AH$251) -> 0 | ... AL18: =+SUMIF($F$24:$F$251,"Group",AL$24:AL$251) -> 0
E19: TOTAL | J19: =SUM(J17:J18) -> 10743.055 | K19: =SUM(K17:K18) -> 10743.055 | L19: =SUM(L17:L18) -> 0 | N19: =SUM(N17:N18) -> 4240.866 | O19: =SUM(O17:O18) -> 1984.482 | P19: =SUM(P17:P18) -> 1285.907 | Q19: =SUM(Q17:Q18) -> 471.862 | R19: =SUM(R17:R18) -> 806.358 | S19: =SUM(S17:S18) -> 442 | T19: =SUM(T17:T18) -> 0 | U19: =SUM(U17:U18) -> 1511.58 | ... Y19: =SUM(Y17:Y18) -> 0 | AA19: =SUM(AA17:AA18) -> 0 | AB19: =SUM(AB17:AB18) -> 0 | AC19: =SUM(AC17:AC18) -> 0 | AD19: =SUM(AD17:AD18) -> 0 | AE19: =SUM(AE17:AE18) -> 0 | AF19: =SUM(AF17:AF18) -> 0 | AG19: =SUM(AG17:AG18) -> 0 | AH19: =SUM(AH17:AH18) -> 0 | ... AL19: =SUM(AL17:AL18) -> 0
I21: check | J21: =IF(SUM(J24:J251)=J19, "OK", "Please correct: the sum of orders below is not equal to the total calculated above. Make sure to pick External or Group for each order and don't change the formulas in columns K and L") -> OK | N21: 2026 | AA21: 2027
E23: Order (Tooling including) to be delivered | F23: External or Group | G23: Customers orders | H23: Quantity | I23: DGC | J23: TOTAL ORDERBOOK | K23: Total amount 2026 | L23: Total amount 2027 | N23: 46023 | O23: 46054 | P23: 46082 | Q23: 46113 | R23: 46143 | S23: 46174 | T23: 46204 | U23: 46235 | V23: 46266 | W23: 46296 | X23: 46327 | Y23: 46357 | AA23: 46388 | AB23: 46419 | AC23: 46447 | AD23: 46478 | AE23: 46508 | AF23: 46539 | AG23: 46569 | AH23: 46600 | AI23: 46631 | AJ23: 46661 | AK23: 46692 | AL23: 46722
D24: X | E24: D3 | F24: Group | G24: D3 | I24: G | J24: =+K24+L24 -> 3123.66 | K24: =SUM(N24:Y24) -> 3123.66 | L24: =SUM(AA24:AL24) -> 0 | N24: =1322.75-6.101+7-201.989 -> 1121.66 | O24: 106 | P24: =1+2 -> 3 | Q24: 26 | R24: =450+251 -> 701 | S24: 124 | U24: =1302-7-2-251 -> 1042
E25: Diam France | F25: Group | G25: Diam France | I25: G | J25: =+K25+L25 -> 7.595 | K25: =SUM(N25:Y25) -> 7.595 | L25: =SUM(AA25:AL25) -> 0 | N25: =5-4.734+5 -> 5.266 | P25: =4.781-4.295-0.157+12-5-5 -> 2.329
E26: DIAM Turkey | F26: Group | G26: DIAM Turkey | I26: G | J26: =+K26+L26 -> 148.301 | K26: =SUM(N26:Y26) -> 148.301 | L26: =SUM(AA26:AL26) -> 0 | N26: =21.432-17.832+18 -> 21.6 | Q26: =144.798-0.097-18 -> 126.701
E27: NOR LINE | F27: Group | G27: NOR LINE | I27: G | J27: =+K27+L27 -> 4 | K27: =SUM(N27:Y27) -> 4 | L27: =SUM(AA27:AL27) -> 0 | N27: 4
E28: Nevacril | F28: Group | G28: Nevacril | I28: G | J28: =+K28+L28 -> 15.259 | K28: =SUM(N28:Y28) -> 15.259 | L28: =SUM(AA28:AL28) -> 0 | N28: =3.259+12 -> 15.259
E29: Diam UK | F29: Group | G29: Diam UK | I29: G | J29: =+K29+L29 -> 197 | K29: =SUM(N29:Y29) -> 197 | L29: =SUM(AA29:AL29) -> 0 | N29: 3 | O29: 191 | P29: 3
E30: DIAM PORTUGAL | F30: Group | G30: DIAM PORTUGAL | I30: G | J30: =+K30+L30 -> 3.5 | K30: =SUM(N30:Y30) -> 3.5 | L30: =SUM(AA30:AL30) -> 0 | Q30: 3.5
E31: DIAM PRESTIGE EUROPE | F31: Group | G31: DIAM PRESTIGE EUROPE | I31: G | J31: =+K31+L31 -> 109.776 | K31: =SUM(N31:Y31) -> 109.776 | L31: =SUM(AA31:AL31) -> 0 | O31: 12 | Q31: =153.294-43.518-12 -> 97.776
E32: PRUGENT DIAM EUROPE | F32: Group | G32: PRUGENT DIAM EUROPE | I32: G | J32: =+K32+L32 -> 2.743 | K32: =SUM(N32:Y32) -> 2.743 | L32: =SUM(AA32:AL32) -> 0 | O32: =1.443-1.7+3 -> 2.743
E33: Diam Japan | F33: Group | G33: Diam Japan(L) | I33: G | J33: =+K33+L33 -> 328.274 | K33: =SUM(N33:Y33) -> 328.274 | L33: =SUM(AA33:AL33) -> 0 | N33: =131.895-84.621+91-91 -> 47.274 | O33: =183-91-65 -> 27 | P33: =98+65+91 -> 254
E34: DIAM ITALY | F34: Group | G34: DIAM ITALY | I34: G | J34: =+K34+L34 -> 0.064 | K34: =SUM(N34:Y34) -> 0.064 | L34: =SUM(AA34:AL34) -> 0 | N34: =2.675-2.611 -> 0.064
E35: Diam Japan | F35: Group | G35: Diam Japan(PACK) | I35: G | J35: =+K35+L35 -> 309.566 | K35: =SUM(N35:Y35) -> 309.566 | L35: =SUM(AA35:AL35) -> 0 | N35: 254.566 | O35: 55
E36: DDA | F36: Group | G36: DDA(PACK) | I36: G | J36: =+K36+L36 -> 10 | K36: =SUM(N36:Y36) -> 10 | L36: =SUM(AA36:AL36) -> 0 | Q36: 10
E37: D3 | F37: Group | G37: D3(PACK) | I37: G | J37: =+K37+L37 -> 34.496 | K37: =SUM(N37:Y37) -> 34.496 | L37: =SUM(AA37:AL37) -> 0 | N37: 8.496 | O37: 2 | P37: 10 | Q37: 14
E38: Diam Poland | F38: Group | G38: Diam Poland（PACK) | I38: G | J38: =+K38+L38 -> 128.231 | K38: =SUM(N38:Y38) -> 128.231 | L38: =SUM(AA38:AL38) -> 0 | N38: 22 | Q38: =128.231-22 -> 106.231
E39: Diam Tunisia | F39: Group | G39: Diam Tunisia(PACK) | I39: G | J39: =+K39+L39 -> 87.654 | K39: =SUM(N39:Y39) -> 87.654 | L39: =SUM(AA39:AL39) -> 0 | Q39: 87.654
E40: Chanel | F40: External | G40: Chanel(FR team) | I40: G | J40: =+K40+L40 -> 258.407 | K40: =SUM(N40:Y40) -> 258.407 | L40: =SUM(AA40:AL40) -> 0 | N40: =133.223-90.816 -> 42.407 | P40: 216
E41: Lancome/BIOTHERM | F41: External | G41: Loreal(FR team) | I41: G | J41: =+K41+L41 -> 975.423 | K41: =SUM(N41:Y41) -> 975.423 | L41: =SUM(AA41:AL41) -> 0 | N41: =1621.796-15-9.4-669.551-20 -> 907.845 | O41: =32.578+15-38+20 -> 29.578 | P41: 38
E42: MUGLER | F42: External | G42: MUGLER(FR team) | I42: G | J42: =+K42+L42 -> 186.463 | K42: =SUM(N42:Y42) -> 186.463 | L42: =SUM(AA42:AL42) -> 0 | N42: 186.463
E43: LOUIS VUITTON | F43: External | G43: LOUIS VUITTON(FR team) | I43: G | J43: =+K43+L43 -> 36.892 | K43: =SUM(N43:Y43) -> 36.892 | L43: =SUM(AA43:AL43) -> 0 | N43: =113-76.108 -> 36.892
E44: NARS/Shiseido | F44: External | G44: Shiseido(D3 team) | I44: G | J44: =+K44+L44 -> 528.43 | K44: =SUM(N44:Y44) -> 528.43 | L44: =SUM(AA44:AL44) -> 0 | N44: =10.201-93.771+168+89 -> 173.43 | O44: =200-5-89 -> 106 | P44: =192-168-9 -> 15 | S44: 28 | U44: =192+5+9 -> 206
E45: Hourglass | F45: External | G45: Hourglass(D3 team) | I45: G | J45: =+K45+L45 -> 197.227 | K45: =SUM(N45:Y45) -> 197.227 | L45: =SUM(AA45:AL45) -> 0 | O45: =5-283.016+56.243+102+125 -> 5.227 | P45: 192
E46: Luxottica | F46: External | G46: Luxottica(D3 team) | I46: G | J46: =+K46+L46 -> 321.58 | K46: =SUM(N46:Y46) -> 321.58 | L46: =SUM(AA46:AL46) -> 0 | S46: 290 | U46: =255.58+66-290 -> 31.58
E47: LM/Bibbi Brown /MAC/Estee Lauder | F47: External | G47: ESTEE LAUDER(RDDC) | I47: E | J47: =+K47+L47 -> 1815.478 | K47: =SUM(N47:Y47) -> 1815.478 | L47: =SUM(AA47:AL47) -> 0 | N47: =721.12-4+10 -> 727.12 | O47: =475-19-10+70 -> 516 | P47: =138-17-70+194 -> 245 | R47: 105.358 | U47: =376+40-194 -> 222
E48: SEPHORA | F48: External | G48: Sephora | I48: E | J48: =+K48+L48 -> 427.829 | K48: =SUM(N48:Y48) -> 427.829 | L48: =SUM(AA48:AL48) -> 0 | N48: =220.919-143.09 -> 77.829 | O48: 262 | P48: =23+65 -> 88
E49: Burberry/GUCCI | F49: External | G49: COTY | I49: E | J49: =+K49+L49 -> 10.744 | K49: =SUM(N49:Y49) -> 10.744 | L49: =SUM(AA49:AL49) -> 0 | N49: =8.049-9.305+5 -> 3.744 | P49: 7
E50: Tarte | F50: External | G50: Tarte | I50: E | J50: =+K50+L50 -> 307.588 | K50: =SUM(N50:Y50) -> 307.588 | L50: =SUM(AA50:AL50) -> 0 | O50: =307.179+1.89300000000001-10-1.484 -> 297.588 | U50: 10
E51: KVD/FENTY | F51: External | G51: KENDO | I51: E | J51: =+K51+L51 -> 327.608 | K51: =SUM(N51:Y51) -> 327.608 | L51: =SUM(AA51:AL51) -> 0 | N51: =558.413-330.805 -> 227.608 | O51: =21+11+29 -> 61 | P51: 39
E52: OLE HENRIKSEN | F52: External | G52: OLE HENRIKSEN | I52: E | J52: =+K52+L52 -> 1.082 | K52: =SUM(N52:Y52) -> 1.082 | L52: =SUM(AA52:AL52) -> 0 | N52: 1.082
E53: Benefit/Fresh | F53: External | G53: LVMH | I53: E | J53: =+K53+L53 -> 140.733 | K53: =SUM(N53:Y53) -> 140.733 | L53: =SUM(AA53:AL53) -> 0 | N53: =170.888-7.846-22.309 -> 140.733
E54: Laura Mercier/Bareminerals | F54: External | G54: Laura Mercier/BAREMINERALS | I54: E | J54: =+K54+L54 -> 116.175 | K54: =SUM(N54:Y54) -> 116.175 | L54: =SUM(AA54:AL54) -> 0 | N54: 27.134 | O54: =45.041+44 -> 89.041
E55: Shiseido | F55: External | G55: Shiseido(P) | I55: E | J55: =+K55+L55 -> 2.128 | K55: =SUM(N55:Y55) -> 2.128 | L55: =SUM(AA55:AL55) -> 0 | P55: =12.688-10.56 -> 2.128
E56: ONE SIZE | F56: External | G56: ONE SIZE | I56: E | J56: =+K56+L56 -> 147.305 | K56: =SUM(N56:Y56) -> 147.305 | L56: =SUM(AA56:AL56) -> 0 | O56: =232.388-23+23-85.083 -> 147.305
E57: Huda Beauty | F57: External | G57: Huda Beauty | I57: E | J57: =+K57+L57 -> 171.45 | K57: =SUM(N57:Y57) -> 171.45 | L57: =SUM(AA57:AL57) -> 0 | P57: =8.45+163 -> 171.45
E58: ESTEE LAUDER | F58: External | G58: ESTEE LAUDER (PACK) | I58: E | J58: =+K58+L58 -> 242.388 | K58: =SUM(N58:Y58) -> 242.388 | L58: =SUM(AA58:AL58) -> 0 | N58: 172.388 | O58: 70
E59: L'OREAL/Prada | F59: External | G59: L'OREAL(PACK) | I59: E | J59: =+K59+L59 -> 18.006 | K59: =SUM(N59:Y59) -> 18.006 | L59: =SUM(AA59:AL59) -> 0 | N59: 13.006 | O59: 5
J60: =+K60+L60 -> 0 | K60: =SUM(N60:Y60) -> 0 | L60: =SUM(AA60:AL60) -> 0
J61: =+K61+L61 -> 0 | K61: =SUM(N61:Y61) -> 0 | L61: =SUM(AA61:AL61) -> 0
J62: =+K62+L62 -> 0 | K62: =SUM(N62:Y62) -> 0 | L62: =SUM(AA62:AL62) -> 0
J63: =+K63+L63 -> 0 | K63: =SUM(N63:Y63) -> 0 | L63: =SUM(AA63:AL63) -> 0
J64: =+K64+L64 -> 0 | K64: =SUM(N64:Y64) -> 0 | L64: =SUM(AA64:AL64) -> 0
J65: =+K65+L65 -> 0 | K65: =SUM(N65:Y65) -> 0 | L65: =SUM(AA65:AL65) -> 0
J66: =+K66+L66 -> 0 | K66: =SUM(N66:Y66) -> 0 | L66: =SUM(AA66:AL66) -> 0
J67: =+K67+L67 -> 0 | K67: =SUM(N67:Y67) -> 0 | L67: =SUM(AA67:AL67) -> 0
J68: =+K68+L68 -> 0 | K68: =SUM(N68:Y68) -> 0 | L68: =SUM(AA68:AL68) -> 0
J69: =+K69+L69 -> 0 | K69: =SUM(N69:Y69) -> 0 | L69: =SUM(AA69:AL69) -> 0
J70: =+K70+L70 -> 0 | K70: =SUM(N70:Y70) -> 0 | L70: =SUM(AA70:AL70) -> 0
J71: =+K71+L71 -> 0 | K71: =SUM(N71:Y71) -> 0 | L71: =SUM(AA71:AL71) -> 0
... J252: =+K252+L252 -> 0 | K252: =SUM(N252:Y252) -> 0 | L252: =SUM(AA252:AL252) -> 0

Sheet W5
E2: ENTITY NAME : | G2: =+parameters!D2 -> DE HONG KONG | I2: ORDER BOOK SYNTHESIS in K€
E4: WEEK : | G4: W5 | I4: Cells to be filled in
E6: MONTH : | G6: =+VLOOKUP(G4, parameters!G:H, 2, 0) -> January
E8: TURNOVER | F8: =parameters!D4 -> k€ | H8: YTD Turnover | J8: =+G6&" Turnover" -> January Turnover | L8: Last estim. for the month: | O8: Forecast 2026
H9: =+"from January 1 until end of "&G4 -> from January 1 until end of W5 | J9: =+"from "&G6&" 1 until end of "&G4 -> from January 1 until end of W5 | L9: =+G6 -> January | O9: =+G4 -> W5 | P9: =+VLOOKUP(G4, parameters!$G$9:$I$61,3,0) -> W4 | Q9: Var
E10: EXTERNAL SALES INVOICED (=outside group) | H10: =J10 -> 4638.044 | J10: =0+65.798+187.646+1646.019+2738.581 -> 4638.044 | L10: =J10+N17 -> 4638.044 | O10: =+H10+K17 -> 8456.099 | P10: {=INDIRECT(ADDRESS(10,15,,,VLOOKUP($G$4,parameters!$G:$I,3,0)))} -> 8132.399 | Q10: =O10-P10 -> 323.7
E11: GROUP SALES INVOICED | H11: =J11 -> 2258.061 | J11: =0+68.362+73.603+302.502+1813.594 -> 2258.061 | L11: =J11+N18 -> 2258.061 | O11: =+H11+K18 -> 5049.796 | P11: {=INDIRECT(ADDRESS(11,15,,,VLOOKUP($G$4,parameters!$G:$I,3,0)))} -> 4954.586 | Q11: =O11-P11 -> 95.21 | S11: Definition orders : you consider the orders which are sure even if the order customers paper order is not yet received
E12: TOTAL | H12: =SUM(H10:H11) -> 6896.105 | J12: =SUM(J10:J11) -> 6896.105 | L12: =SUM(L10:L11) -> 6896.105 | O12: =SUM(O10:O11) -> 13505.895 | P12: =SUM(P10:P11) -> 13086.985 | Q12: =O12-P12 -> 418.91 | S12: The quantity, value, and delivery date can be changed before final delivery
E16: ORDERBOOK | F16: =+F8 -> k€ | J16: TOTAL ORDERBOOK | K16: Total amount 2026 | L16: Total amount 2027 | N16: 46023 | O16: 46054 | P16: 46082 | Q16: 46113 | R16: 46143 | S16: 46174 | T16: 46204 | U16: 46235 | V16: 46266 | W16: 46296 | X16: 46327 | Y16: 46357 | AA16: 46388 | AB16: 46419 | AC16: 46447 | AD16: 46478 | AE16: 46508 | AF16: 46539 | AG16: 46569 | AH16: 46600 | AI16: 46631 | AJ16: 46661 | AK16: 46692 | AL16: 46722
E17: External | J17: =+SUMIF($F$24:$F$251,"External",$J$24:$J$251) -> 3818.055 | K17: =+SUMIF($F$24:$F$251,"External",$K$24:$K$251) -> 3818.055 | L17: =+SUMIF($F$24:$F$251,"External",$L$24:$L$251) -> 0 | N17: =+SUMIF($F$24:$F$251,"External",N$24:N$251) -> 0 | O17: =+SUMIF($F$24:$F$251,"External",O$24:O$251) -> 1980.73 | P17: =+SUMIF($F$24:$F$251,"External",P$24:P$251) -> 1123.967 | Q17: =+SUMIF($F$24:$F$251,"External",Q$24:Q$251) -> 21 | R17: =+SUMIF($F$24:$F$251,"External",R$24:R$251) -> 118.492 | S17: =+SUMIF($F$24:$F$251,"External",S$24:S$251) -> 88 | T17: =+SUMIF($F$24:$F$251,"External",T$24:T$251) -> 0 | U17: =+SUMIF($F$24:$F$251,"External",U$24:U$251) -> 485.866 | ... Y17: =+SUMIF($F$24:$F$251,"External",Y$24:Y$251) -> 0 | AA17: =+SUMIF($F$24:$F$251,"External",AA$24:AA$251) -> 0 | AB17: =+SUMIF($F$24:$F$251,"External",AB$24:AB$251) -> 0 | AC17: =+SUMIF($F$24:$F$251,"External",AC$24:AC$251) -> 0 | AD17: =+SUMIF($F$24:$F$251,"External",AD$24:AD$251) -> 0 | AE17: =+SUMIF($F$24:$F$251,"External",AE$24:AE$251) -> 0 | AF17: =+SUMIF($F$24:$F$251,"External",AF$24:AF$251) -> 0 | AG17: =+SUMIF($F$24:$F$251,"External",AG$24:AG$251) -> 0 | AH17: =+SUMIF($F$24:$F$251,"External",AH$24:AH$251) -> 0 | ... AL17: =+SUMIF($F$24:$F$251,"External",AL$24:AL$251) -> 0
E18: Group | J18: =+SUMIF($F$24:$F$251,"Group",$J$24:$J$251) -> 2791.735 | K18: =+SUMIF($F$24:$F$251,"Group",$K$24:$K$251) -> 2791.735 | L18: =SUMIF($F$24:$F$251,"Group",$L$24:$L$251) -> 0 | N18: =+SUMIF($F$24:$F$251,"Group",N$24:N$251) -> 0 | O18: =+SUMIF($F$24:$F$251,"Group",O$24:O$251) -> 244.407 | P18: =+SUMIF($F$24:$F$251,"Group",P$24:P$251) -> 328.225 | Q18: =+SUMIF($F$24:$F$251,"Group",Q$24:Q$251) -> 454.565 | R18: =+SUMIF($F$24:$F$251,"Group",R$24:R$251) -> 698.538 | S18: =+SUMIF($F$24:$F$251,"Group",S$24:S$251) -> 26 | T18: =+SUMIF($F$24:$F$251,"Group",T$24:T$251) -> 0 | U18: =+SUMIF($F$24:$F$251,"Group",U$24:U$251) -> 1040 | ... Y18: =+SUMIF($F$24:$F$251,"Group",Y$24:Y$251) -> 0 | AA18: =+SUMIF($F$24:$F$251,"Group",AA$24:AA$251) -> 0 | AB18: =+SUMIF($F$24:$F$251,"Group",AB$24:AB$251) -> 0 | AC18: =+SUMIF($F$24:$F$251,"Group",AC$24:AC$251) -> 0 | AD18: =+SUMIF($F$24:$F$251,"Group",AD$24:AD$251) -> 0 | AE18: =+SUMIF($F$24:$F$251,"Group",AE$24:AE$251) -> 0 | AF18: =+SUMIF($F$24:$F$251,"Group",AF$24:AF$251) -> 0 | AG18: =+SUMIF($F$24:$F$251,"Group",AG$24:AG$251) -> 0 | AH18: =+SUMIF($F$24:$F$251,"Group",AH$24:AH$251) -> 0 | ... AL18: =+SUMIF($F$24:$F$251,"Group",AL$24:AL$251) -> 0
E19: TOTAL | J19: =SUM(J17:J18) -> 6609.79 | K19: =SUM(K17:K18) -> 6609.79 | L19: =SUM(L17:L18) -> 0 | N19: =SUM(N17:N18) -> 0 | O19: =SUM(O17:O18) -> 2225.137 | P19: =SUM(P17:P18) -> 1452.192 | Q19: =SUM(Q17:Q18) -> 475.565 | R19: =SUM(R17:R18) -> 817.03 | S19: =SUM(S17:S18) -> 114 | T19: =SUM(T17:T18) -> 0 | U19: =SUM(U17:U18) -> 1525.866 | ... Y19: =SUM(Y17:Y18) -> 0 | AA19: =SUM(AA17:AA18) -> 0 | AB19: =SUM(AB17:AB18) -> 0 | AC19: =SUM(AC17:AC18) -> 0 | AD19: =SUM(AD17:AD18) -> 0 | AE19: =SUM(AE17:AE18) -> 0 | AF19: =SUM(AF17:AF18) -> 0 | AG19: =SUM(AG17:AG18) -> 0 | AH19: =SUM(AH17:AH18) -> 0 | ... AL19: =SUM(AL17:AL18) -> 0
I21: check | J21: =IF(SUM(J24:J251)=J19, "OK", "Please correct: the sum of orders below is not equal to the total calculated above. Make sure to pick External or Group for each order and don't change the formulas in columns K and L") -> OK | N21: 2026 | AA21: 2027
E23: Order (Tooling including) to be delivered | F23: External or Group | G23: Customers orders | H23: Quantity | I23: DGC | J23: TOTAL ORDERBOOK | K23: Total amount 2026 | L23: Total amount 2027 | N23: 46023 | O23: 46054 | P23: 46082 | Q23: 46113 | R23: 46143 | S23: 46174 | T23: 46204 | U23: 46235 | V23: 46266 | W23: 46296 | X23: 46327 | Y23: 46357 | AA23: 46388 | AB23: 46419 | AC23: 46447 | AD23: 46478 | AE23: 46508 | AF23: 46539 | AG23: 46569 | AH23: 46600 | AI23: 46631 | AJ23: 46661 | AK23: 46692 | AL23: 46722
D24: X | E24: D3 | F24: Group | G24: D3 | I24: G | J24: =+K24+L24 -> 1799.538 | K24: =SUM(N24:Y24) -> 1799.538 | L24: =SUM(AA24:AL24) -> 0 | O24: =106-104 -> 2 | P24: =1+2+26 -> 29 | Q24: 26 | R24: =1322.75-6.101+7-201.989-1324.122+701+124+78-2 -> 698.538 | S24: =2+2 -> 4 | U24: =1302-7-2-251-2 -> 1040
E25: Diam France | F25: Group | G25: Diam France | I25: G | J25: =+K25+L25 -> 7.491 | K25: =SUM(N25:Y25) -> 7.491 | L25: =SUM(AA25:AL25) -> 0 | O25: =5-4.734+5 -> 5.266 | P25: =4.781-4.295-0.157+12-5-5-0.104 -> 2.225
E26: DIAM Turkey | F26: Group | G26: DIAM Turkey | I26: G | J26: =+K26+L26 -> 138.096 | K26: =SUM(N26:Y26) -> 138.096 | L26: =SUM(AA26:AL26) -> 0 | O26: =21.432-17.832+18-8.205 -> 13.395 | Q26: =144.798-0.097-18-1-1 -> 124.701
E27: NOR LINE | F27: Group | G27: NOR LINE | I27: G | J27: =+K27+L27 -> 0.02 | K27: =SUM(N27:Y27) -> 0.02 | L27: =SUM(AA27:AL27) -> 0 | O27: =4-3.98 -> 0.02
E28: Nevacril | F28: Group | G28: Nevacril | I28: G | J28: =+K28+L28 -> 15.259 | K28: =SUM(N28:Y28) -> 15.259 | L28: =SUM(AA28:AL28) -> 0 | O28: =3.259+12 -> 15.259
E29: Diam UK | F29: Group | G29: Diam UK | I29: G | J29: =+K29+L29 -> 149.758 | K29: =SUM(N29:Y29) -> 149.758 | L29: =SUM(AA29:AL29) -> 0 | O29: =191-78.242+31 -> 143.758 | P29: 6
E30: DIAM PORTUGAL | F30: Group | G30: DIAM PORTUGAL | I30: G | J30: =+K30+L30 -> 3.5 | K30: =SUM(N30:Y30) -> 3.5 | L30: =SUM(AA30:AL30) -> 0 | Q30: 3.5
E31: DIAM PRESTIGE EUROPE | F31: Group | G31: DIAM PRESTIGE EUROPE | I31: G | J31: =+K31+L31 -> 108.222 | K31: =SUM(N31:Y31) -> 108.222 | L31: =SUM(AA31:AL31) -> 0 | O31: =12-1.554 -> 10.446 | Q31: =153.294-43.518-12 -> 97.776
E32: PRUGENT DIAM EUROPE | F32: Group | G32: PRUGENT DIAM EUROPE | I32: G | J32: =+K32+L32 -> 2.743 | K32: =SUM(N32:Y32) -> 2.743 | L32: =SUM(AA32:AL32) -> 0 | O32: =1.443-1.7+3 -> 2.743
E33: Diam Japan | F33: Group | G33: Diam Japan(L) | I33: G | J33: =+K33+L33 -> 276.929 | K33: =SUM(N33:Y33) -> 276.929 | L33: =SUM(AA33:AL33) -> 0 | O33: =131.895-84.621+91-91-51.345+27+3 -> 25.929 | P33: =98+65+91-3 -> 251
E34: DIAM ITALY | F34: Group | G34: DIAM ITALY | I34: G | J34: =+K34+L34 -> 0.064 | K34: =SUM(N34:Y34) -> 0.064 | L34: =SUM(AA34:AL34) -> 0 | O34: =2.675-2.611 -> 0.064
E35: Diam Japan | F35: Group | G35: Diam Japan(PACK) | I35: G | J35: =+K35+L35 -> 53.031 | K35: =SUM(N35:Y35) -> 53.031 | L35: =SUM(AA35:AL35) -> 0 | O35: =254.566-317.535+55+31 -> 23.031 | P35: 30
E36: DDA | F36: Group | G36: DDA(PACK) | I36: G | J36: =+K36+L36 -> 9.128 | K36: =SUM(N36:Y36) -> 9.128 | L36: =SUM(AA36:AL36) -> 0 | Q36: =10-0.872 -> 9.128
E37: D3 | F37: Group | G37: D3(PACK) | I37: G | J37: =+K37+L37 -> 34.496 | K37: =SUM(N37:Y37) -> 34.496 | L37: =SUM(AA37:AL37) -> 0 | O37: =8.496+2-8 -> 2.496 | P37: 10 | S37: =14+8 -> 22
E38: Diam Poland | F38: Group | G38: Diam Poland（PACK) | I38: G | J38: =+K38+L38 -> 105.806 | K38: =SUM(N38:Y38) -> 105.806 | L38: =SUM(AA38:AL38) -> 0 | Q38: =22-22.425+128.231-22 -> 105.806
E39: Diam Tunisia | F39: Group | G39: Diam Tunisia(PACK) | I39: G | J39: =+K39+L39 -> 87.654 | K39: =SUM(N39:Y39) -> 87.654 | L39: =SUM(AA39:AL39) -> 0 | Q39: 87.654
E40: Chanel | F40: External | G40: Chanel(FR team) | I40: G | J40: =+K40+L40 -> 338.407 | K40: =SUM(N40:Y40) -> 338.407 | L40: =SUM(AA40:AL40) -> 0 | O40: =133.223-90.816-17 -> 25.407 | P40: =216+17+80 -> 313
E41: Lancome/BIOTHERM | F41: External | G41: Loreal(FR team) | I41: G | J41: =+K41+L41 -> 122.01 | K41: =SUM(N41:Y41) -> 122.01 | L41: =SUM(AA41:AL41) -> 0 | O41: =1621.796-15-9.4-669.551-20-888.835+30+35 -> 84.01 | P41: 38
E42: MUGLER | F42: External | G42: MUGLER(FR team) | I42: G | J42: =+K42+L42 -> 0.604 | K42: =SUM(N42:Y42) -> 0.604 | L42: =SUM(AA42:AL42) -> 0 | O42: =186.463-185.859 -> 0.604
E43: LOUIS VUITTON | F43: External | G43: LOUIS VUITTON(FR team) | I43: G | J43: =+K43+L43 -> 36.892 | K43: =SUM(N43:Y43) -> 36.892 | L43: =SUM(AA43:AL43) -> 0 | O43: =113-76.108 -> 36.892
E44: NARS/Shiseido | F44: External | G44: Shiseido(D3 team) | I44: G | J44: =+K44+L44 -> 244.345 | K44: =SUM(N44:Y44) -> 244.345 | L44: =SUM(AA44:AL44) -> 0 | O44: =10.201-93.771+168+89-284.085+106+15+4 -> 14.345 | P44: 15 | S44: =28+60 -> 88 | U44: =192+5+9-4-15-60 -> 127
E45: Hourglass | F45: External | G45: Hourglass(D3 team) | I45: G | J45: =+K45+L45 -> 212.282 | K45: =SUM(N45:Y45) -> 212.282 | L45: =SUM(AA45:AL45) -> 0 | O45: =5-283.016+56.243+102+125 -> 5.227 | P45: =192-56.945+72 -> 207.055
E46: Luxottica | F46: External | G46: Luxottica(D3 team) | I46: G | J46: =+K46+L46 -> 55.734 | K46: =SUM(N46:Y46) -> 55.734 | L46: =SUM(AA46:AL46) -> 0 | P46: =290-265.846+255.58+66-290 -> 55.734
E47: LM/Bibbi Brown /MAC/Estee Lauder | F47: External | G47: ESTEE LAUDER(RDDC) | I47: E | J47: =+K47+L47 -> 1093.224 | K47: =SUM(N47:Y47) -> 1093.224 | L47: =SUM(AA47:AL47) -> 0 | O47: =475-19-10+70+130 -> 646 | P47: =138-17-70+194-169 -> 76 | Q47: 21 | R47: =105.358-14 -> 91.358 | U47: =721.12-4+10-722.254+169-21+14-130+222 -> 258.866
E48: SEPHORA | F48: External | G48: Sephora | I48: E | J48: =+K48+L48 -> 352 | K48: =SUM(N48:Y48) -> 352 | L48: =SUM(AA48:AL48) -> 0 | O48: =126+48 -> 174 | P48: =23+65 -> 88 | U48: =262-48-126+2 -> 90
E49: Burberry/GUCCI | F49: External | G49: COTY | I49: E | J49: =+K49+L49 -> 15.402 | K49: =SUM(N49:Y49) -> 15.402 | L49: =SUM(AA49:AL49) -> 0 | O49: =8.049-9.305+5-8.342+7+13 -> 15.402
E50: Tarte | F50: External | G50: Tarte | I50: E | J50: =+K50+L50 -> 274.578 | K50: =SUM(N50:Y50) -> 274.578 | L50: =SUM(AA50:AL50) -> 0 | O50: =307.179+1.89300000000001-10-1.484-33.01 -> 264.578 | U50: 10
E51: KVD/FENTY | F51: External | G51: KENDO | I51: E | J51: =+K51+L51 -> 327.352 | K51: =SUM(N51:Y51) -> 327.352 | L51: =SUM(AA51:AL51) -> 0 | O51: =558.413-330.805-0.256+61 -> 288.352 | P51: 39
E52: OLE HENRIKSEN | F52: External | G52: OLE HENRIKSEN | I52: E | J52: =+K52+L52 -> 1.082 | K52: =SUM(N52:Y52) -> 1.082 | L52: =SUM(AA52:AL52) -> 0 | O52: 1.082
E53: Benefit/Fresh | F53: External | G53: LVMH | I53: E | J53: =+K53+L53 -> 113.371 | K53: =SUM(N53:Y53) -> 113.371 | L53: =SUM(AA53:AL53) -> 0 | O53: =170.888-7.846-22.309-14.994-12.368 -> 113.371
E54: Laura Mercier/Bareminerals | F54: External | G54: Laura Mercier/BAREMINERALS | I54: E | J54: =+K54+L54 -> 116.175 | K54: =SUM(N54:Y54) -> 116.175 | L54: =SUM(AA54:AL54) -> 0 | O54: =45.041+44 -> 89.041 | R54: 27.134
E55: Shiseido | F55: External | G55: Shiseido(P) | I55: E | J55: =+K55+L55 -> 2.128 | K55: =SUM(N55:Y55) -> 2.128 | L55: =SUM(AA55:AL55) -> 0 | P55: =12.688-10.56 -> 2.128
E56: ONE SIZE | F56: External | G56: ONE SIZE | I56: E | J56: =+K56+L56 -> 147.305 | K56: =SUM(N56:Y56) -> 147.305 | L56: =SUM(AA56:AL56) -> 0 | O56: =232.388-23+23-85.083 -> 147.305
E57: Huda Beauty | F57: External | G57: Huda Beauty | I57: E | J57: =+K57+L57 -> 208.45 | K57: =SUM(N57:Y57) -> 208.45 | L57: =SUM(AA57:AL57) -> 0 | P57: =8.45+163+37 -> 208.45
E58: ESTEE LAUDER | F58: External | G58: ESTEE LAUDER (PACK) | I58: E | J58: =+K58+L58 -> 139.6 | K58: =SUM(N58:Y58) -> 139.6 | L58: =SUM(AA58:AL58) -> 0 | O58: 70 | P58: =172.388-117.788+15 -> 69.6
E59: L'OREAL/Prada | F59: External | G59: L'OREAL(PACK) | I59: E | J59: =+K59+L59 -> 17.114 | K59: =SUM(N59:Y59) -> 17.114 | L59: =SUM(AA59:AL59) -> 0 | O59: =13.006-71.892+5+59 -> 5.114 | P59: 12
J60: =+K60+L60 -> 0 | K60: =SUM(N60:Y60) -> 0 | L60: =SUM(AA60:AL60) -> 0
J61: =+K61+L61 -> 0 | K61: =SUM(N61:Y61) -> 0 | L61: =SUM(AA61:AL61) -> 0
J62: =+K62+L62 -> 0 | K62: =SUM(N62:Y62) -> 0 | L62: =SUM(AA62:AL62) -> 0
J63: =+K63+L63 -> 0 | K63: =SUM(N63:Y63) -> 0 | L63: =SUM(AA63:AL63) -> 0
J64: =+K64+L64 -> 0 | K64: =SUM(N64:Y64) -> 0 | L64: =SUM(AA64:AL64) -> 0
J65: =+K65+L65 -> 0 | K65: =SUM(N65:Y65) -> 0 | L65: =SUM(AA65:AL65) -> 0
J66: =+K66+L66 -> 0 | K66: =SUM(N66:Y66) -> 0 | L66: =SUM(AA66:AL66) -> 0
J67: =+K67+L67 -> 0 | K67: =SUM(N67:Y67) -> 0 | L67: =SUM(AA67:AL67) -> 0
J68: =+K68+L68 -> 0 | K68: =SUM(N68:Y68) -> 0 | L68: =SUM(AA68:AL68) -> 0
J69: =+K69+L69 -> 0 | K69: =SUM(N69:Y69) -> 0 | L69: =SUM(AA69:AL69) -> 0
J70: =+K70+L70 -> 0 | K70: =SUM(N70:Y70) -> 0 | L70: =SUM(AA70:AL70) -> 0
J71: =+K71+L71 -> 0 | K71: =SUM(N71:Y71) -> 0 | L71: =SUM(AA71:AL71) -> 0
... J252: =+K252+L252 -> 0 | K252: =SUM(N252:Y252) -> 0 | L252: =SUM(AA252:AL252) -> 0

Sheet W6
E2: ENTITY NAME : | G2: =+parameters!D2 -> DE HONG KONG | I2: ORDER BOOK SYNTHESIS in K€
E4: WEEK : | G4: W6 | I4: Cells to be filled in
E6: MONTH : | G6: =+VLOOKUP(G4, parameters!G:H, 2, 0) -> February
E8: TURNOVER | F8: =parameters!D4 -> k€ | H8: YTD Turnover | J8: =+G6&" Turnover" -> February Turnover | L8: Last estim. for the month: | O8: Forecast 2026
H9: =+"from January 1 until end of "&G4 -> from January 1 until end of W6 | J9: =+"from "&G6&" 1 until end of "&G4 -> from February 1 until end of W6 | L9: =+G6 -> February | O9: =+G4 -> W6 | P9: =+VLOOKUP(G4, parameters!$G$9:$I$61,3,0) -> W5 | Q9: Var
E10: EXTERNAL SALES INVOICED (=outside group) | H10: =0+65.798+187.646+1646.019+2738.581+J10 -> 4835.97 | J10: =197.926 -> 197.926 | L10: =J10+O17 -> 2078.788 | O10: =+H10+K17 -> 9399.933 | P10: {=INDIRECT(ADDRESS(10,15,,,VLOOKUP($G$4,parameters!$G:$I,3,0)))} -> 8456.099 | Q10: =O10-P10 -> 943.834
E11: GROUP SALES INVOICED | H11: =0+68.362+73.603+302.502+1813.594+J11 -> 2304.558 | J11: =46.497 -> 46.497 | L11: =J11+O18 -> 130.641 | O11: =+H11+K18 -> 5190.712 | P11: {=INDIRECT(ADDRESS(11,15,,,VLOOKUP($G$4,parameters!$G:$I,3,0)))} -> 5049.796 | Q11: =O11-P11 -> 140.916 | S11: Definition orders : you consider the orders which are sure even if the order customers paper order is not yet received
E12: TOTAL | H12: =SUM(H10:H11) -> 7140.528 | J12: =SUM(J10:J11) -> 244.423 | L12: =SUM(L10:L11) -> 2209.429 | O12: =SUM(O10:O11) -> 14590.645 | P12: =SUM(P10:P11) -> 13505.895 | Q12: =O12-P12 -> 1084.75 | S12: The quantity, value, and delivery date can be changed before final delivery
E16: ORDERBOOK | F16: =+F8 -> k€ | J16: TOTAL ORDERBOOK | K16: Total amount 2026 | L16: Total amount 2027 | N16: 46023 | O16: 46054 | P16: 46082 | Q16: 46113 | R16: 46143 | S16: 46174 | T16: 46204 | U16: 46235 | V16: 46266 | W16: 46296 | X16: 46327 | Y16: 46357 | AA16: 46388 | AB16: 46419 | AC16: 46447 | AD16: 46478 | AE16: 46508 | AF16: 46539 | AG16: 46569 | AH16: 46600 | AI16: 46631 | AJ16: 46661 | AK16: 46692 | AL16: 46722
E17: External | J17: =+SUMIF($F$24:$F$248,"External",$J$24:$J$248) -> 4563.963 | K17: =+SUMIF($F$24:$F$248,"External",$K$24:$K$248) -> 4563.963 | L17: =+SUMIF($F$24:$F$248,"External",$L$24:$L$248) -> 0 | N17: =+SUMIF($F$24:$F$248,"External",N$24:N$248) -> 0 | O17: =+SUMIF($F$24:$F$248,"External",O$24:O$248) -> 1880.862 | P17: =+SUMIF($F$24:$F$248,"External",P$24:P$248) -> 1174.991 | Q17: =+SUMIF($F$24:$F$248,"External",Q$24:Q$248) -> 877.752 | R17: =+SUMIF($F$24:$F$248,"External",R$24:R$248) -> 91.358 | S17: =+SUMIF($F$24:$F$248,"External",S$24:S$248) -> 103.134 | T17: =+SUMIF($F$24:$F$248,"External",T$24:T$248) -> 301.866 | U17: =+SUMIF($F$24:$F$248,"External",U$24:U$248) -> 134 | ... Y17: =+SUMIF($F$24:$F$248,"External",Y$24:Y$248) -> 0 | AA17: =+SUMIF($F$24:$F$248,"External",AA$24:AA$248) -> 0 | AB17: =+SUMIF($F$24:$F$248,"External",AB$24:AB$248) -> 0 | AC17: =+SUMIF($F$24:$F$248,"External",AC$24:AC$248) -> 0 | AD17: =+SUMIF($F$24:$F$248,"External",AD$24:AD$248) -> 0 | AE17: =+SUMIF($F$24:$F$248,"External",AE$24:AE$248) -> 0 | AF17: =+SUMIF($F$24:$F$248,"External",AF$24:AF$248) -> 0 | AG17: =+SUMIF($F$24:$F$248,"External",AG$24:AG$248) -> 0 | AH17: =+SUMIF($F$24:$F$248,"External",AH$24:AH$248) -> 0 | ... AL17: =+SUMIF($F$24:$F$248,"External",AL$24:AL$248) -> 0
E18: Group | J18: =+SUMIF($F$24:$F$248,"Group",$J$24:$J$248) -> 2886.154 | K18: =+SUMIF($F$24:$F$248,"Group",$K$24:$K$248) -> 2886.154 | L18: =SUMIF($F$24:$F$248,"Group",$L$24:$L$248) -> 0 | N18: =+SUMIF($F$24:$F$248,"Group",N$24:N$248) -> 0 | O18: =+SUMIF($F$24:$F$248,"Group",O$24:O$248) -> 84.144 | P18: =+SUMIF($F$24:$F$248,"Group",P$24:P$248) -> 619.47 | Q18: =+SUMIF($F$24:$F$248,"Group",Q$24:Q$248) -> 222.96 | R18: =+SUMIF($F$24:$F$248,"Group",R$24:R$248) -> 695.538 | S18: =+SUMIF($F$24:$F$248,"Group",S$24:S$248) -> 239.042 | T18: =+SUMIF($F$24:$F$248,"Group",T$24:T$248) -> 0 | U18: =+SUMIF($F$24:$F$248,"Group",U$24:U$248) -> 1025 | ... Y18: =+SUMIF($F$24:$F$248,"Group",Y$24:Y$248) -> 0 | AA18: =+SUMIF($F$24:$F$248,"Group",AA$24:AA$248) -> 0 | AB18: =+SUMIF($F$24:$F$248,"Group",AB$24:AB$248) -> 0 | AC18: =+SUMIF($F$24:$F$248,"Group",AC$24:AC$248) -> 0 | AD18: =+SUMIF($F$24:$F$248,"Group",AD$24:AD$248) -> 0 | AE18: =+SUMIF($F$24:$F$248,"Group",AE$24:AE$248) -> 0 | AF18: =+SUMIF($F$24:$F$248,"Group",AF$24:AF$248) -> 0 | AG18: =+SUMIF($F$24:$F$248,"Group",AG$24:AG$248) -> 0 | AH18: =+SUMIF($F$24:$F$248,"Group",AH$24:AH$248) -> 0 | ... AL18: =+SUMIF($F$24:$F$248,"Group",AL$24:AL$248) -> 0
E19: TOTAL | J19: =SUM(J17:J18) -> 7450.117 | K19: =SUM(K17:K18) -> 7450.117 | L19: =SUM(L17:L18) -> 0 | N19: =SUM(N17:N18) -> 0 | O19: =SUM(O17:O18) -> 1965.006 | P19: =SUM(P17:P18) -> 1794.461 | Q19: =SUM(Q17:Q18) -> 1100.712 | R19: =SUM(R17:R18) -> 786.896 | S19: =SUM(S17:S18) -> 342.176 | T19: =SUM(T17:T18) -> 301.866 | U19: =SUM(U17:U18) -> 1159 | ... Y19: =SUM(Y17:Y18) -> 0 | AA19: =SUM(AA17:AA18) -> 0 | AB19: =SUM(AB17:AB18) -> 0 | AC19: =SUM(AC17:AC18) -> 0 | AD19: =SUM(AD17:AD18) -> 0 | AE19: =SUM(AE17:AE18) -> 0 | AF19: =SUM(AF17:AF18) -> 0 | AG19: =SUM(AG17:AG18) -> 0 | AH19: =SUM(AH17:AH18) -> 0 | ... AL19: =SUM(AL17:AL18) -> 0
I21: check | J21: =IF(SUM(J24:J248)=J19, "OK", "Please correct: the sum of orders below is not equal to the total calculated above. Make sure to pick External or Group for each order and don't change the formulas in columns K and L") -> OK | N21: 2026 | AA21: 2027
E23: Order (Tooling including) to be delivered | F23: External or Group | G23: Customers orders | H23: Quantity | I23: DGC | J23: TOTAL ORDERBOOK | K23: Total amount 2026 | L23: Total amount 2027 | N23: 46023 | O23: 46054 | P23: 46082 | Q23: 46113 | R23: 46143 | S23: 46174 | T23: 46204 | U23: 46235 | V23: 46266 | W23: 46296 | X23: 46327 | Y23: 46357 | AA23: 46388 | AB23: 46419 | AC23: 46447 | AD23: 46478 | AE23: 46508 | AF23: 46539 | AG23: 46569 | AH23: 46600 | AI23: 46631 | AJ23: 46661 | AK23: 46692 | AL23: 46722
D24: X | E24: D3 | F24: Group | G24: D3 | I24: G | J24: =+K24+L24 -> 1794.205 | K24: =SUM(N24:Y24) -> 1794.205 | L24: =SUM(AA24:AL24) -> 0 | O24: =2-5.333+4+7 -> 7.667 | P24: =29+3+8 -> 40 | Q24: 26 | R24: =698.538-3 -> 695.538 | U24: =1040-15 -> 1025
E25: Diam France | F25: Group | G25: Diam France | I25: G | J25: =+K25+L25 -> 7.491 | K25: =SUM(N25:Y25) -> 7.491 | L25: =SUM(AA25:AL25) -> 0 | O25: 2.225 | P25: 5.266
E26: DIAM Turkey | F26: Group | G26: DIAM Turkey | I26: G | J26: =+K26+L26 -> 124.161 | K26: =SUM(N26:Y26) -> 124.161 | L26: =SUM(AA26:AL26) -> 0 | S26: =13.395-13.935+124.701 -> 124.161
E27: Nevacril | F27: Group | G27: Nevacril | I27: G | J27: =+K27+L27 -> 9.31 | K27: =SUM(N27:Y27) -> 9.31 | L27: =SUM(AA27:AL27) -> 0 | O27: =15.259-5.949 -> 9.31
E28: Diam UK | F28: Group | G28: Diam UK | I28: G | J28: =+K28+L28 -> 222.758 | K28: =SUM(N28:Y28) -> 222.758 | L28: =SUM(AA28:AL28) -> 0 | O28: 10 | P28: =143.758+6-10+73 -> 212.758
E29: DIAM PORTUGAL | F29: Group | G29: DIAM PORTUGAL | I29: G | J29: =+K29+L29 -> 3.5 | K29: =SUM(N29:Y29) -> 3.5 | L29: =SUM(AA29:AL29) -> 0 | Q29: 3.5
E30: DIAM PRESTIGE EUROPE | F30: Group | G30: DIAM PRESTIGE EUROPE | I30: G | J30: =+K30+L30 -> 103.327 | K30: =SUM(N30:Y30) -> 103.327 | L30: =SUM(AA30:AL30) -> 0 | P30: 10.446 | S30: =97.776-1.654-3.241 -> 92.881
E31: PRUGENT DIAM EUROPE | F31: Group | G31: PRUGENT DIAM EUROPE | I31: G | J31: =+K31+L31 -> 1.441 | K31: =SUM(N31:Y31) -> 1.441 | L31: =SUM(AA31:AL31) -> 0 | O31: =2.743-1.302 -> 1.441
E32: Diam Japan | F32: Group | G32: Diam Japan(L) | I32: G | J32: =+K32+L32 -> 261.846 | K32: =SUM(N32:Y32) -> 261.846 | L32: =SUM(AA32:AL32) -> 0 | O32: =25.929-15.083 -> 10.846 | P32: 251
E33: Diam Japan | F33: Group | G33: Diam Japan(PACK) | I33: G | J33: =+K33+L33 -> 53.031 | K33: =SUM(N33:Y33) -> 53.031 | L33: =SUM(AA33:AL33) -> 0 | O33: 23.031 | P33: 30
E34: DDA | F34: Group | G34: DDA(PACK) | I34: G | J34: =+K34+L34 -> 64.128 | K34: =SUM(N34:Y34) -> 64.128 | L34: =SUM(AA34:AL34) -> 0 | O34: 9.128 | P34: 55
E35: D3 | F35: Group | G35: D3(PACK) | I35: G | J35: =+K35+L35 -> 47.496 | K35: =SUM(N35:Y35) -> 47.496 | L35: =SUM(AA35:AL35) -> 0 | O35: =2.496+8 -> 10.496 | P35: =10-8+13 -> 15 | S35: 22
E36: Diam Poland | F36: Group | G36: Diam Poland（PACK) | I36: G | J36: =+K36+L36 -> 105.806 | K36: =SUM(N36:Y36) -> 105.806 | L36: =SUM(AA36:AL36) -> 0 | Q36: 105.806
E37: Diam Tunisia | F37: Group | G37: Diam Tunisia(PACK) | I37: G | J37: =+K37+L37 -> 87.654 | K37: =SUM(N37:Y37) -> 87.654 | L37: =SUM(AA37:AL37) -> 0 | Q37: 87.654
E38: Chanel | F38: External | G38: Chanel(FR team) | I38: G | J38: =+K38+L38 -> 338.407 | K38: =SUM(N38:Y38) -> 338.407 | L38: =SUM(AA38:AL38) -> 0 | O38: 25.407 | P38: 313
E39: Lancome/BIOTHERM/ARMANI | F39: External | G39: Loreal(FR team) | I39: G | J39: =+K39+L39 -> 229.35 | K39: =SUM(N39:Y39) -> 229.35 | L39: =SUM(AA39:AL39) -> 0 | O39: =84.0099999999999-11+106.34 -> 179.35 | P39: =38+11+1 -> 50
E40: LOUIS VUITTON | F40: External | G40: LOUIS VUITTON(FR team) | I40: G | J40: =+K40+L40 -> 36.892 | K40: =SUM(N40:Y40) -> 36.892 | L40: =SUM(AA40:AL40) -> 0 | O40: =36.892 -> 36.892
E41: NARS/Shiseido | F41: External | G41: Shiseido(D3 team) | I41: G | J41: =+K41+L41 -> 244.345 | K41: =SUM(N41:Y41) -> 244.345 | L41: =SUM(AA41:AL41) -> 0 | O41: =14.345-7 -> 7.345 | P41: 15 | S41: 88 | U41: =127+7 -> 134
E42: Hourglass | F42: External | G42: Hourglass(D3 team) | I42: G | J42: =+K42+L42 -> 120.415 | K42: =SUM(N42:Y42) -> 120.415 | L42: =SUM(AA42:AL42) -> 0 | P42: =5.22699999999998-91.867+207.055 -> 120.415
E43: Luxottica | F43: External | G43: Luxottica(D3 team) | I43: G | J43: =+K43+L43 -> 0 | K43: =SUM(N43:Y43) -> 0 | L43: =SUM(AA43:AL43) -> 0
E44: LM/Bibbi Brown /MAC/Estee Lauder | F44: External | G44: ESTEE LAUDER(RDDC) | I44: E | J44: =+K44+L44 -> 1093.224 | K44: =SUM(N44:Y44) -> 1093.224 | L44: =SUM(AA44:AL44) -> 0 | O44: =646-120 -> 526 | P44: 76 | Q44: =21+77 -> 98 | R44: 91.358 | T44: =258.866+43 -> 301.866
E45: SEPHORA | F45: External | G45: Sephora | I45: E | J45: =+K45+L45 -> 429.597 | K45: =SUM(N45:Y45) -> 429.597 | L45: =SUM(AA45:AL45) -> 0 | O45: =174-10.403+82 -> 245.597 | P45: =88-82+84 -> 90 | Q45: =90-84+88 -> 94
E46: Burberry/GUCCI | F46: External | G46: COTY | I46: E | J46: =+K46+L46 -> 15.402 | K46: =SUM(N46:Y46) -> 15.402 | L46: =SUM(AA46:AL46) -> 0 | O46: 15.402
E47: Tarte | F47: External | G47: Tarte | I47: E | J47: =+K47+L47 -> 293.578 | K47: =SUM(N47:Y47) -> 293.578 | L47: =SUM(AA47:AL47) -> 0 | O47: =264.578+17+10 -> 291.578 | P47: 2
E48: KVD/FENTY | F48: External | G48: KENDO | I48: E | J48: =+K48+L48 -> 1007.99 | K48: =SUM(N48:Y48) -> 1007.99 | L48: =SUM(AA48:AL48) -> 0 | O48: =288.352-100 -> 188.352 | P48: =39+100 -> 139 | Q48: 680.638
E49: OLE HENRIKSEN | F49: External | G49: OLE HENRIKSEN | I49: E | J49: =+K49+L49 -> 1.082 | K49: =SUM(N49:Y49) -> 1.082 | L49: =SUM(AA49:AL49) -> 0 | O49: 1.082
E50: Benefit/Fresh | F50: External | G50: LVMH | I50: E | J50: =+K50+L50 -> 112.998 | K50: =SUM(N50:Y50) -> 112.998 | L50: =SUM(AA50:AL50) -> 0 | O50: 31 | P50: =113.371-0.373-31 -> 81.998
E51: Laura Mercier/Bareminerals | F51: External | G51: Laura Mercier/BAREMINERALS | I51: E | J51: =+K51+L51 -> 116.175 | K51: =SUM(N51:Y51) -> 116.175 | L51: =SUM(AA51:AL51) -> 0 | O51: =89.041-3 -> 86.041 | P51: =3+12 -> 15 | S51: =27.134-12 -> 15.134
E52: Shiseido | F52: External | G52: Shiseido(P) | I52: E | J52: =+K52+L52 -> 2.128 | K52: =SUM(N52:Y52) -> 2.128 | L52: =SUM(AA52:AL52) -> 0 | P52: 2.128
E53: ONE SIZE | F53: External | G53: ONE SIZE | I53: E | J53: =+K53+L53 -> 107.216 | K53: =SUM(N53:Y53) -> 107.216 | L53: =SUM(AA53:AL53) -> 0 | O53: =147.305-39.089-1 -> 107.216
E54: Huda Beauty | F54: External | G54: Huda Beauty | I54: E | J54: =+K54+L54 -> 208.45 | K54: =SUM(N54:Y54) -> 208.45 | L54: =SUM(AA54:AL54) -> 0 | P54: 208.45
E55: ESTEE LAUDER | F55: External | G55: ESTEE LAUDER (PACK) | I55: E | J55: =+K55+L55 -> 189.6 | K55: =SUM(N55:Y55) -> 189.6 | L55: =SUM(AA55:AL55) -> 0 | O55: =70+69.6 -> 139.6 | P55: 50
E56: L'OREAL/Prada | F56: External | G56: L'OREAL(PACK) | I56: E | J56: =+K56+L56 -> 17.114 | K56: =SUM(N56:Y56) -> 17.114 | L56: =SUM(AA56:AL56) -> 0 | P56: 12 | Q56: 5.114
J57: =+K57+L57 -> 0 | K57: =SUM(N57:Y57) -> 0 | L57: =SUM(AA57:AL57) -> 0
J58: =+K58+L58 -> 0 | K58: =SUM(N58:Y58) -> 0 | L58: =SUM(AA58:AL58) -> 0
J59: =+K59+L59 -> 0 | K59: =SUM(N59:Y59) -> 0 | L59: =SUM(AA59:AL59) -> 0
J60: =+K60+L60 -> 0 | K60: =SUM(N60:Y60) -> 0 | L60: =SUM(AA60:AL60) -> 0
J61: =+K61+L61 -> 0 | K61: =SUM(N61:Y61) -> 0 | L61: =SUM(AA61:AL61) -> 0
J62: =+K62+L62 -> 0 | K62: =SUM(N62:Y62) -> 0 | L62: =SUM(AA62:AL62) -> 0
J63: =+K63+L63 -> 0 | K63: =SUM(N63:Y63) -> 0 | L63: =SUM(AA63:AL63) -> 0
J64: =+K64+L64 -> 0 | K64: =SUM(N64:Y64) -> 0 | L64: =SUM(AA64:AL64) -> 0
J65: =+K65+L65 -> 0 | K65: =SUM(N65:Y65) -> 0 | L65: =SUM(AA65:AL65) -> 0
J66: =+K66+L66 -> 0 | K66: =SUM(N66:Y66) -> 0 | L66: =SUM(AA66:AL66) -> 0
J67: =+K67+L67 -> 0 | K67: =SUM(N67:Y67) -> 0 | L67: =SUM(AA67:AL67) -> 0
J68: =+K68+L68 -> 0 | K68: =SUM(N68:Y68) -> 0 | L68: =SUM(AA68:AL68) -> 0
... J249: =+K249+L249 -> 0 | K249: =SUM(N249:Y249) -> 0 | L249: =SUM(AA249:AL249) -> 0

Sheet W7
E2: ENTITY NAME : | G2: =+parameters!D2 -> DE HONG KONG | I2: ORDER BOOK SYNTHESIS in K€
E4: WEEK : | G4: W7 | I4: Cells to be filled in
E6: MONTH : | G6: =+VLOOKUP(G4, parameters!G:H, 2, 0) -> February
E8: TURNOVER | F8: =parameters!D4 -> k€ | H8: YTD Turnover | J8: =+G6&" Turnover" -> February Turnover | L8: Last estim. for the month: | O8: Forecast 2026
H9: =+"from January 1 until end of "&G4 -> from January 1 until end of W7 | J9: =+"from "&G6&" 1 until end of "&G4 -> from February 1 until end of W7 | L9: =+G6 -> February | O9: =+G4 -> W7 | P9: =+VLOOKUP(G4, parameters!$G$9:$I$61,3,0) -> W6 | Q9: Var
E10: EXTERNAL SALES INVOICED (=outside group) | H10: =0+65.798+187.646+1646.019+2738.581+J10 -> 4835.97 | J10: =197.926 -> 197.926 | L10: =J10+O17 -> 2078.788 | O10: =+H10+K17 -> 9399.933 | P10: {=INDIRECT(ADDRESS(10,15,,,VLOOKUP($G$4,parameters!$G:$I,3,0)))} -> 9399.933 | Q10: =O10-P10 -> 0
E11: GROUP SALES INVOICED | H11: =0+68.362+73.603+302.502+1813.594+J11 -> 2304.558 | J11: =46.497 -> 46.497 | L11: =J11+O18 -> 169.641 | O11: =+H11+K18 -> 5219.712 | P11: {=INDIRECT(ADDRESS(11,15,,,VLOOKUP($G$4,parameters!$G:$I,3,0)))} -> 5190.712 | Q11: =O11-P11 -> 29 | S11: Definition orders : you consider the orders which are sure even if the order customers paper order is not yet received
E12: TOTAL | H12: =SUM(H10:H11) -> 7140.528 | J12: =SUM(J10:J11) -> 244.423 | L12: =SUM(L10:L11) -> 2248.429 | O12: =SUM(O10:O11) -> 14619.645 | P12: =SUM(P10:P11) -> 14590.645 | Q12: =O12-P12 -> 29 | S12: The quantity, value, and delivery date can be changed before final delivery
E16: ORDERBOOK | F16: =+F8 -> k€ | J16: TOTAL ORDERBOOK | K16: Total amount 2026 | L16: Total amount 2027 | N16: 46023 | O16: 46054 | P16: 46082 | Q16: 46113 | R16: 46143 | S16: 46174 | T16: 46204 | U16: 46235 | V16: 46266 | W16: 46296 | X16: 46327 | Y16: 46357 | AA16: 46388 | AB16: 46419 | AC16: 46447 | AD16: 46478 | AE16: 46508 | AF16: 46539 | AG16: 46569 | AH16: 46600 | AI16: 46631 | AJ16: 46661 | AK16: 46692 | AL16: 46722
E17: External | J17: =+SUMIF($F$24:$F$251,"External",$J$24:$J$251) -> 4563.963 | K17: =+SUMIF($F$24:$F$251,"External",$K$24:$K$251) -> 4563.963 | L17: =+SUMIF($F$24:$F$251,"External",$L$24:$L$251) -> 0 | N17: =+SUMIF($F$24:$F$251,"External",N$24:N$251) -> 0 | O17: =+SUMIF($F$24:$F$251,"External",O$24:O$251) -> 1880.862 | P17: =+SUMIF($F$24:$F$251,"External",P$24:P$251) -> 1172.991 | Q17: =+SUMIF($F$24:$F$251,"External",Q$24:Q$251) -> 877.752 | R17: =+SUMIF($F$24:$F$251,"External",R$24:R$251) -> 91.358 | S17: =+SUMIF($F$24:$F$251,"External",S$24:S$251) -> 115.134 | T17: =+SUMIF($F$24:$F$251,"External",T$24:T$251) -> 291.866 | U17: =+SUMIF($F$24:$F$251,"External",U$24:U$251) -> 134 | ... Y17: =+SUMIF($F$24:$F$251,"External",Y$24:Y$251) -> 0 | AA17: =+SUMIF($F$24:$F$251,"External",AA$24:AA$251) -> 0 | AB17: =+SUMIF($F$24:$F$251,"External",AB$24:AB$251) -> 0 | AC17: =+SUMIF($F$24:$F$251,"External",AC$24:AC$251) -> 0 | AD17: =+SUMIF($F$24:$F$251,"External",AD$24:AD$251) -> 0 | AE17: =+SUMIF($F$24:$F$251,"External",AE$24:AE$251) -> 0 | AF17: =+SUMIF($F$24:$F$251,"External",AF$24:AF$251) -> 0 | AG17: =+SUMIF($F$24:$F$251,"External",AG$24:AG$251) -> 0 | AH17: =+SUMIF($F$24:$F$251,"External",AH$24:AH$251) -> 0 | ... AL17: =+SUMIF($F$24:$F$251,"External",AL$24:AL$251) -> 0
E18: Group | J18: =+SUMIF($F$24:$F$251,"Group",$J$24:$J$251) -> 2915.154 | K18: =+SUMIF($F$24:$F$251,"Group",$K$24:$K$251) -> 2915.154 | L18: =SUMIF($F$24:$F$251,"Group",$L$24:$L$251) -> 0 | N18: =+SUMIF($F$24:$F$251,"Group",N$24:N$251) -> 0 | O18: =+SUMIF($F$24:$F$251,"Group",O$24:O$251) -> 123.144 | P18: =+SUMIF($F$24:$F$251,"Group",P$24:P$251) -> 599.47 | Q18: =+SUMIF($F$24:$F$251,"Group",Q$24:Q$251) -> 222.96 | R18: =+SUMIF($F$24:$F$251,"Group",R$24:R$251) -> 695.538 | S18: =+SUMIF($F$24:$F$251,"Group",S$24:S$251) -> 239.042 | T18: =+SUMIF($F$24:$F$251,"Group",T$24:T$251) -> 0 | U18: =+SUMIF($F$24:$F$251,"Group",U$24:U$251) -> 1035 | ... Y18: =+SUMIF($F$24:$F$251,"Group",Y$24:Y$251) -> 0 | AA18: =+SUMIF($F$24:$F$251,"Group",AA$24:AA$251) -> 0 | AB18: =+SUMIF($F$24:$F$251,"Group",AB$24:AB$251) -> 0 | AC18: =+SUMIF($F$24:$F$251,"Group",AC$24:AC$251) -> 0 | AD18: =+SUMIF($F$24:$F$251,"Group",AD$24:AD$251) -> 0 | AE18: =+SUMIF($F$24:$F$251,"Group",AE$24:AE$251) -> 0 | AF18: =+SUMIF($F$24:$F$251,"Group",AF$24:AF$251) -> 0 | AG18: =+SUMIF($F$24:$F$251,"Group",AG$24:AG$251) -> 0 | AH18: =+SUMIF($F$24:$F$251,"Group",AH$24:AH$251) -> 0 | ... AL18: =+SUMIF($F$24:$F$251,"Group",AL$24:AL$251) -> 0
E19: TOTAL | J19: =SUM(J17:J18) -> 7479.117 | K19: =SUM(K17:K18) -> 7479.117 | L19: =SUM(L17:L18) -> 0 | N19: =SUM(N17:N18) -> 0 | O19: =SUM(O17:O18) -> 2004.006 | P19: =SUM(P17:P18) -> 1772.461 | Q19: =SUM(Q17:Q18) -> 1100.712 | R19: =SUM(R17:R18) -> 786.896 | S19: =SUM(S17:S18) -> 354.176 | T19: =SUM(T17:T18) -> 291.866 | U19: =SUM(U17:U18) -> 1169 | ... Y19: =SUM(Y17:Y18) -> 0 | AA19: =SUM(AA17:AA18) -> 0 | AB19: =SUM(AB17:AB18) -> 0 | AC19: =SUM(AC17:AC18) -> 0 | AD19: =SUM(AD17:AD18) -> 0 | AE19: =SUM(AE17:AE18) -> 0 | AF19: =SUM(AF17:AF18) -> 0 | AG19: =SUM(AG17:AG18) -> 0 | AH19: =SUM(AH17:AH18) -> 0 | ... AL19: =SUM(AL17:AL18) -> 0
I21: check | J21: =IF(SUM(J24:J251)=J19, "OK", "Please correct: the sum of orders below is not equal to the total calculated above. Make sure to pick External or Group for each order and don't change the formulas in columns K and L") -> OK | N21: 2026 | AA21: 2027
E23: Order (Tooling including) to be delivered | F23: External or Group | G23: Customers orders | H23: Quantity | I23: DGC | J23: TOTAL ORDERBOOK | K23: Total amount 2026 | L23: Total amount 2027 | N23: 46023 | O23: 46054 | P23: 46082 | Q23: 46113 | R23: 46143 | S23: 46174 | T23: 46204 | U23: 46235 | V23: 46266 | W23: 46296 | X23: 46327 | Y23: 46357 | AA23: 46388 | AB23: 46419 | AC23: 46447 | AD23: 46478 | AE23: 46508 | AF23: 46539 | AG23: 46569 | AH23: 46600 | AI23: 46631 | AJ23: 46661 | AK23: 46692 | AL23: 46722
D24: X | E24: D3 | F24: Group | G24: D3 | I24: G | J24: =+K24+L24 -> 1794.205 | K24: =SUM(N24:Y24) -> 1794.205 | L24: =SUM(AA24:AL24) -> 0 | O24: 7.667 | P24: =40-10 -> 30 | Q24: 26 | R24: 695.538 | U24: =1025+10 -> 1035
E25: Diam France | F25: Group | G25: Diam France | I25: G | J25: =+K25+L25 -> 7.491 | K25: =SUM(N25:Y25) -> 7.491 | L25: =SUM(AA25:AL25) -> 0 | O25: 2.225 | P25: 5.266
E26: DIAM Turkey | F26: Group | G26: DIAM Turkey | I26: G | J26: =+K26+L26 -> 124.161 | K26: =SUM(N26:Y26) -> 124.161 | L26: =SUM(AA26:AL26) -> 0 | S26: 124.161
E27: Nevacril | F27: Group | G27: Nevacril | I27: G | J27: =+K27+L27 -> 9.31 | K27: =SUM(N27:Y27) -> 9.31 | L27: =SUM(AA27:AL27) -> 0 | O27: 9.31
E28: Diam UK | F28: Group | G28: Diam UK | I28: G | J28: =+K28+L28 -> 222.758 | K28: =SUM(N28:Y28) -> 222.758 | L28: =SUM(AA28:AL28) -> 0 | O28: 10 | P28: 212.758
E29: DIAM PORTUGAL | F29: Group | G29: DIAM PORTUGAL | I29: G | J29: =+K29+L29 -> 3.5 | K29: =SUM(N29:Y29) -> 3.5 | L29: =SUM(AA29:AL29) -> 0 | Q29: 3.5
E30: DIAM PRESTIGE EUROPE | F30: Group | G30: DIAM PRESTIGE EUROPE | I30: G | J30: =+K30+L30 -> 103.327 | K30: =SUM(N30:Y30) -> 103.327 | L30: =SUM(AA30:AL30) -> 0 | P30: 10.446 | S30: 92.881
E31: PRUGENT DIAM EUROPE | F31: Group | G31: PRUGENT DIAM EUROPE | I31: G | J31: =+K31+L31 -> 1.441 | K31: =SUM(N31:Y31) -> 1.441 | L31: =SUM(AA31:AL31) -> 0 | O31: 1.441
E32: Diam Japan | F32: Group | G32: Diam Japan(Naya team) | I32: G | J32: =+K32+L32 -> 290.846 | K32: =SUM(N32:Y32) -> 290.846 | L32: =SUM(AA32:AL32) -> 0 | O32: =10.846+9 -> 19.846 | P32: =251-9+29 -> 271
E33: Diam Japan | F33: Group | G33: Diam Japan(PACK) | I33: G | J33: =+K33+L33 -> 53.031 | K33: =SUM(N33:Y33) -> 53.031 | L33: =SUM(AA33:AL33) -> 0 | O33: =23.031+30 -> 53.031
E34: DDA | F34: Group | G34: DDA(PACK) | I34: G | J34: =+K34+L34 -> 64.128 | K34: =SUM(N34:Y34) -> 64.128 | L34: =SUM(AA34:AL34) -> 0 | O34: 9.128 | P34: 55
E35: D3 | F35: Group | G35: D3(PACK) | I35: G | J35: =+K35+L35 -> 47.496 | K35: =SUM(N35:Y35) -> 47.496 | L35: =SUM(AA35:AL35) -> 0 | O35: 10.496 | P35: 15 | S35: 22
E36: Diam Poland | F36: Group | G36: Diam Poland（PACK) | I36: G | J36: =+K36+L36 -> 105.806 | K36: =SUM(N36:Y36) -> 105.806 | L36: =SUM(AA36:AL36) -> 0 | Q36: 105.806
E37: Diam Tunisia | F37: Group | G37: Diam Tunisia(PACK) | I37: G | J37: =+K37+L37 -> 87.654 | K37: =SUM(N37:Y37) -> 87.654 | L37: =SUM(AA37:AL37) -> 0 | Q37: 87.654
E38: Chanel | F38: External | G38: Chanel(FR team) | I38: G | J38: =+K38+L38 -> 338.407 | K38: =SUM(N38:Y38) -> 338.407 | L38: =SUM(AA38:AL38) -> 0 | O38: 25.407 | P38: 313
E39: Lancome/BIOTHERM/ARMANI | F39: External | G39: Loreal(FR team) | I39: G | J39: =+K39+L39 -> 229.35 | K39: =SUM(N39:Y39) -> 229.35 | L39: =SUM(AA39:AL39) -> 0 | O39: 179.35 | P39: 50
E40: LOUIS VUITTON | F40: External | G40: LOUIS VUITTON(FR team) | I40: G | J40: =+K40+L40 -> 36.892 | K40: =SUM(N40:Y40) -> 36.892 | L40: =SUM(AA40:AL40) -> 0 | O40: 36.892
E41: NARS/Shiseido | F41: External | G41: Shiseido(D3 team) | I41: G | J41: =+K41+L41 -> 244.345 | K41: =SUM(N41:Y41) -> 244.345 | L41: =SUM(AA41:AL41) -> 0 | O41: 7.345 | P41: 15 | S41: 88 | U41: 134
E42: Hourglass | F42: External | G42: Hourglass(D3 team) | I42: G | J42: =+K42+L42 -> 120.415 | K42: =SUM(N42:Y42) -> 120.415 | L42: =SUM(AA42:AL42) -> 0 | P42: =120.415-12 -> 108.415 | S42: 12
E43: Luxottica | F43: External | G43: Luxottica(D3 team) | I43: G | J43: =+K43+L43 -> 0 | K43: =SUM(N43:Y43) -> 0 | L43: =SUM(AA43:AL43) -> 0
E44: LM/Bibbi Brown /MAC/Estee Lauder | F44: External | G44: ESTEE LAUDER(RDDC) | I44: E | J44: =+K44+L44 -> 1093.224 | K44: =SUM(N44:Y44) -> 1093.224 | L44: =SUM(AA44:AL44) -> 0 | O44: 526 | P44: =76+10 -> 86 | Q44: 98 | R44: 91.358 | T44: =301.866-10 -> 291.866
E45: SEPHORA | F45: External | G45: Sephora | I45: E | J45: =+K45+L45 -> 429.597 | K45: =SUM(N45:Y45) -> 429.597 | L45: =SUM(AA45:AL45) -> 0 | O45: 245.597 | P45: 90 | Q45: 94
E46: Burberry/GUCCI | F46: External | G46: COTY | I46: E | J46: =+K46+L46 -> 15.402 | K46: =SUM(N46:Y46) -> 15.402 | L46: =SUM(AA46:AL46) -> 0 | O46: 15.402
E47: Tarte | F47: External | G47: Tarte | I47: E | J47: =+K47+L47 -> 293.578 | K47: =SUM(N47:Y47) -> 293.578 | L47: =SUM(AA47:AL47) -> 0 | O47: 291.578 | P47: 2
E48: KVD/FENTY | F48: External | G48: KENDO | I48: E | J48: =+K48+L48 -> 1007.99 | K48: =SUM(N48:Y48) -> 1007.99 | L48: =SUM(AA48:AL48) -> 0 | O48: 188.352 | P48: 139 | Q48: 680.638
E49: OLE HENRIKSEN | F49: External | G49: OLE HENRIKSEN | I49: E | J49: =+K49+L49 -> 1.082 | K49: =SUM(N49:Y49) -> 1.082 | L49: =SUM(AA49:AL49) -> 0 | O49: 1.082
E50: Benefit/Fresh | F50: External | G50: LVMH | I50: E | J50: =+K50+L50 -> 112.998 | K50: =SUM(N50:Y50) -> 112.998 | L50: =SUM(AA50:AL50) -> 0 | O50: 31 | P50: 81.998
E51: Laura Mercier/Bareminerals | F51: External | G51: Laura Mercier/BAREMINERALS | I51: E | J51: =+K51+L51 -> 116.175 | K51: =SUM(N51:Y51) -> 116.175 | L51: =SUM(AA51:AL51) -> 0 | O51: 86.041 | P51: 15 | S51: 15.134
E52: Shiseido | F52: External | G52: Shiseido(P) | I52: E | J52: =+K52+L52 -> 2.128 | K52: =SUM(N52:Y52) -> 2.128 | L52: =SUM(AA52:AL52) -> 0 | P52: 2.128
E53: ONE SIZE | F53: External | G53: ONE SIZE | I53: E | J53: =+K53+L53 -> 107.216 | K53: =SUM(N53:Y53) -> 107.216 | L53: =SUM(AA53:AL53) -> 0 | O53: 107.216
E54: Huda Beauty | F54: External | G54: Huda Beauty | I54: E | J54: =+K54+L54 -> 208.45 | K54: =SUM(N54:Y54) -> 208.45 | L54: =SUM(AA54:AL54) -> 0 | P54: 208.45
E55: ESTEE LAUDER | F55: External | G55: ESTEE LAUDER (PACK) | I55: E | J55: =+K55+L55 -> 189.6 | K55: =SUM(N55:Y55) -> 189.6 | L55: =SUM(AA55:AL55) -> 0 | O55: 139.6 | P55: 50
E56: L'OREAL/Prada | F56: External | G56: L'OREAL(PACK) | I56: E | J56: =+K56+L56 -> 17.114 | K56: =SUM(N56:Y56) -> 17.114 | L56: =SUM(AA56:AL56) -> 0 | P56: 12 | Q56: 5.114
J57: =+K57+L57 -> 0 | K57: =SUM(N57:Y57) -> 0 | L57: =SUM(AA57:AL57) -> 0
J58: =+K58+L58 -> 0 | K58: =SUM(N58:Y58) -> 0 | L58: =SUM(AA58:AL58) -> 0
J59: =+K59+L59 -> 0 | K59: =SUM(N59:Y59) -> 0 | L59: =SUM(AA59:AL59) -> 0
J60: =+K60+L60 -> 0 | K60: =SUM(N60:Y60) -> 0 | L60: =SUM(AA60:AL60) -> 0
J61: =+K61+L61 -> 0 | K61: =SUM(N61:Y61) -> 0 | L61: =SUM(AA61:AL61) -> 0
J62: =+K62+L62 -> 0 | K62: =SUM(N62:Y62) -> 0 | L62: =SUM(AA62:AL62) -> 0
J63: =+K63+L63 -> 0 | K63: =SUM(N63:Y63) -> 0 | L63: =SUM(AA63:AL63) -> 0
J64: =+K64+L64 -> 0 | K64: =SUM(N64:Y64) -> 0 | L64: =SUM(AA64:AL64) -> 0
J65: =+K65+L65 -> 0 | K65: =SUM(N65:Y65) -> 0 | L65: =SUM(AA65:AL65) -> 0
J66: =+K66+L66 -> 0 | K66: =SUM(N66:Y66) -> 0 | L66: =SUM(AA66:AL66) -> 0
J67: =+K67+L67 -> 0 | K67: =SUM(N67:Y67) -> 0 | L67: =SUM(AA67:AL67) -> 0
J68: =+K68+L68 -> 0 | K68: =SUM(N68:Y68) -> 0 | L68: =SUM(AA68:AL68) -> 0
... J252: =+K252+L252 -> 0 | K252: =SUM(N252:Y252) -> 0 | L252: =SUM(AA252:AL252) -> 0

Sheet W8
E2: ENTITY NAME : | G2: =+parameters!D2 -> DE HONG KONG | I2: ORDER BOOK SYNTHESIS in K€
E4: WEEK : | G4: W8 | I4: Cells to be filled in
E6: MONTH : | G6: =+VLOOKUP(G4, parameters!G:H, 2, 0) -> February
E8: TURNOVER | F8: =parameters!D4 -> k€ | H8: YTD Turnover | J8: =+G6&" Turnover" -> February Turnover | L8: Last estim. for the month: | O8: Forecast 2026
H9: =+"from January 1 until end of "&G4 -> from January 1 until end of W8 | J9: =+"from "&G6&" 1 until end of "&G4 -> from February 1 until end of W8 | L9: =+G6 -> February | O9: =+G4 -> W8 | P9: =+VLOOKUP(G4, parameters!$G$9:$I$61,3,0) -> W7 | Q9: Var
E10: EXTERNAL SALES INVOICED (=outside group) | H10: =0+65.798+187.646+1646.019+2738.581+J10 -> 4835.97 | J10: =197.926 -> 197.926 | L10: =J10+O17 -> 2078.788 | O10: =+H10+K17 -> 9399.933 | P10: {=INDIRECT(ADDRESS(10,15,,,VLOOKUP($G$4,parameters!$G:$I,3,0)))} -> 9399.933 | Q10: =O10-P10 -> 0
E11: GROUP SALES INVOICED | H11: =0+68.362+73.603+302.502+1813.594+J11 -> 2304.558 | J11: =46.497 -> 46.497 | L11: =J11+O18 -> 169.641 | O11: =+H11+K18 -> 5219.712 | P11: {=INDIRECT(ADDRESS(11,15,,,VLOOKUP($G$4,parameters!$G:$I,3,0)))} -> 5219.712 | Q11: =O11-P11 -> 0 | S11: Definition orders : you consider the orders which are sure even if the order customers paper order is not yet received
E12: TOTAL | H12: =SUM(H10:H11) -> 7140.528 | J12: =SUM(J10:J11) -> 244.423 | L12: =SUM(L10:L11) -> 2248.429 | O12: =SUM(O10:O11) -> 14619.645 | P12: =SUM(P10:P11) -> 14619.645 | Q12: =O12-P12 -> 0 | S12: The quantity, value, and delivery date can be changed before final delivery
E16: ORDERBOOK | F16: =+F8 -> k€ | J16: TOTAL ORDERBOOK | K16: Total amount 2026 | L16: Total amount 2027 | N16: 46023 | O16: 46054 | P16: 46082 | Q16: 46113 | R16: 46143 | S16: 46174 | T16: 46204 | U16: 46235 | V16: 46266 | W16: 46296 | X16: 46327 | Y16: 46357 | AA16: 46388 | AB16: 46419 | AC16: 46447 | AD16: 46478 | AE16: 46508 | AF16: 46539 | AG16: 46569 | AH16: 46600 | AI16: 46631 | AJ16: 46661 | AK16: 46692 | AL16: 46722
E17: External | J17: =+SUMIF($F$24:$F$251,"External",$J$24:$J$251) -> 4563.963 | K17: =+SUMIF($F$24:$F$251,"External",$K$24:$K$251) -> 4563.963 | L17: =+SUMIF($F$24:$F$251,"External",$L$24:$L$251) -> 0 | N17: =+SUMIF($F$24:$F$251,"External",N$24:N$251) -> 0 | O17: =+SUMIF($F$24:$F$251,"External",O$24:O$251) -> 1880.862 | P17: =+SUMIF($F$24:$F$251,"External",P$24:P$251) -> 1172.991 | Q17: =+SUMIF($F$24:$F$251,"External",Q$24:Q$251) -> 877.752 | R17: =+SUMIF($F$24:$F$251,"External",R$24:R$251) -> 91.358 | S17: =+SUMIF($F$24:$F$251,"External",S$24:S$251) -> 115.134 | T17: =+SUMIF($F$24:$F$251,"External",T$24:T$251) -> 291.866 | U17: =+SUMIF($F$24:$F$251,"External",U$24:U$251) -> 134 | ... Y17: =+SUMIF($F$24:$F$251,"External",Y$24:Y$251) -> 0 | AA17: =+SUMIF($F$24:$F$251,"External",AA$24:AA$251) -> 0 | AB17: =+SUMIF($F$24:$F$251,"External",AB$24:AB$251) -> 0 | AC17: =+SUMIF($F$24:$F$251,"External",AC$24:AC$251) -> 0 | AD17: =+SUMIF($F$24:$F$251,"External",AD$24:AD$251) -> 0 | AE17: =+SUMIF($F$24:$F$251,"External",AE$24:AE$251) -> 0 | AF17: =+SUMIF($F$24:$F$251,"External",AF$24:AF$251) -> 0 | AG17: =+SUMIF($F$24:$F$251,"External",AG$24:AG$251) -> 0 | AH17: =+SUMIF($F$24:$F$251,"External",AH$24:AH$251) -> 0 | ... AL17: =+SUMIF($F$24:$F$251,"External",AL$24:AL$251) -> 0
E18: Group | J18: =+SUMIF($F$24:$F$251,"Group",$J$24:$J$251) -> 2915.154 | K18: =+SUMIF($F$24:$F$251,"Group",$K$24:$K$251) -> 2915.154 | L18: =SUMIF($F$24:$F$251,"Group",$L$24:$L$251) -> 0 | N18: =+SUMIF($F$24:$F$251,"Group",N$24:N$251) -> 0 | O18: =+SUMIF($F$24:$F$251,"Group",O$24:O$251) -> 123.144 | P18: =+SUMIF($F$24:$F$251,"Group",P$24:P$251) -> 599.47 | Q18: =+SUMIF($F$24:$F$251,"Group",Q$24:Q$251) -> 222.96 | R18: =+SUMIF($F$24:$F$251,"Group",R$24:R$251) -> 695.538 | S18: =+SUMIF($F$24:$F$251,"Group",S$24:S$251) -> 239.042 | T18: =+SUMIF($F$24:$F$251,"Group",T$24:T$251) -> 0 | U18: =+SUMIF($F$24:$F$251,"Group",U$24:U$251) -> 1035 | ... Y18: =+SUMIF($F$24:$F$251,"Group",Y$24:Y$251) -> 0 | AA18: =+SUMIF($F$24:$F$251,"Group",AA$24:AA$251) -> 0 | AB18: =+SUMIF($F$24:$F$251,"Group",AB$24:AB$251) -> 0 | AC18: =+SUMIF($F$24:$F$251,"Group",AC$24:AC$251) -> 0 | AD18: =+SUMIF($F$24:$F$251,"Group",AD$24:AD$251) -> 0 | AE18: =+SUMIF($F$24:$F$251,"Group",AE$24:AE$251) -> 0 | AF18: =+SUMIF($F$24:$F$251,"Group",AF$24:AF$251) -> 0 | AG18: =+SUMIF($F$24:$F$251,"Group",AG$24:AG$251) -> 0 | AH18: =+SUMIF($F$24:$F$251,"Group",AH$24:AH$251) -> 0 | ... AL18: =+SUMIF($F$24:$F$251,"Group",AL$24:AL$251) -> 0
E19: TOTAL | J19: =SUM(J17:J18) -> 7479.117 | K19: =SUM(K17:K18) -> 7479.117 | L19: =SUM(L17:L18) -> 0 | N19: =SUM(N17:N18) -> 0 | O19: =SUM(O17:O18) -> 2004.006 | P19: =SUM(P17:P18) -> 1772.461 | Q19: =SUM(Q17:Q18) -> 1100.712 | R19: =SUM(R17:R18) -> 786.896 | S19: =SUM(S17:S18) -> 354.176 | T19: =SUM(T17:T18) -> 291.866 | U19: =SUM(U17:U18) -> 1169 | ... Y19: =SUM(Y17:Y18) -> 0 | AA19: =SUM(AA17:AA18) -> 0 | AB19: =SUM(AB17:AB18) -> 0 | AC19: =SUM(AC17:AC18) -> 0 | AD19: =SUM(AD17:AD18) -> 0 | AE19: =SUM(AE17:AE18) -> 0 | AF19: =SUM(AF17:AF18) -> 0 | AG19: =SUM(AG17:AG18) -> 0 | AH19: =SUM(AH17:AH18) -> 0 | ... AL19: =SUM(AL17:AL18) -> 0
I21: check | J21: =IF(SUM(J24:J251)=J19, "OK", "Please correct: the sum of orders below is not equal to the total calculated above. Make sure to pick External or Group for each order and don't change the formulas in columns K and L") -> OK | N21: 2026 | AA21: 2027
E23: Order (Tooling including) to be delivered | F23: External or Group | G23: Customers orders | H23: Quantity | I23: DGC | J23: TOTAL ORDERBOOK | K23: Total amount 2026 | L23: Total amount 2027 | N23: 46023 | O23: 46054 | P23: 46082 | Q23: 46113 | R23: 46143 | S23: 46174 | T23: 46204 | U23: 46235 | V23: 46266 | W23: 46296 | X23: 46327 | Y23: 46357 | AA23: 46388 | AB23: 46419 | AC23: 46447 | AD23: 46478 | AE23: 46508 | AF23: 46539 | AG23: 46569 | AH23: 46600 | AI23: 46631 | AJ23: 46661 | AK23: 46692 | AL23: 46722
D24: X | E24: D3 | F24: Group | G24: D3 | I24: G | J24: =+K24+L24 -> 1794.205 | K24: =SUM(N24:Y24) -> 1794.205 | L24: =SUM(AA24:AL24) -> 0 | O24: 7.667 | P24: 30 | Q24: 26 | R24: 695.538 | U24: 1035
E25: Diam France | F25: Group | G25: Diam France | I25: G | J25: =+K25+L25 -> 7.491 | K25: =SUM(N25:Y25) -> 7.491 | L25: =SUM(AA25:AL25) -> 0 | O25: 2.225 | P25: 5.266
E26: DIAM Turkey | F26: Group | G26: DIAM Turkey | I26: G | J26: =+K26+L26 -> 124.161 | K26: =SUM(N26:Y26) -> 124.161 | L26: =SUM(AA26:AL26) -> 0 | S26: 124.161
E27: Nevacril | F27: Group | G27: Nevacril | I27: G | J27: =+K27+L27 -> 9.31 | K27: =SUM(N27:Y27) -> 9.31 | L27: =SUM(AA27:AL27) -> 0 | O27: 9.31
E28: Diam UK | F28: Group | G28: Diam UK | I28: G | J28: =+K28+L28 -> 222.758 | K28: =SUM(N28:Y28) -> 222.758 | L28: =SUM(AA28:AL28) -> 0 | O28: 10 | P28: 212.758
E29: DIAM PORTUGAL | F29: Group | G29: DIAM PORTUGAL | I29: G | J29: =+K29+L29 -> 3.5 | K29: =SUM(N29:Y29) -> 3.5 | L29: =SUM(AA29:AL29) -> 0 | Q29: 3.5
E30: DIAM PRESTIGE EUROPE | F30: Group | G30: DIAM PRESTIGE EUROPE | I30: G | J30: =+K30+L30 -> 103.327 | K30: =SUM(N30:Y30) -> 103.327 | L30: =SUM(AA30:AL30) -> 0 | P30: 10.446 | S30: 92.881
E31: PRUGENT DIAM EUROPE | F31: Group | G31: PRUGENT DIAM EUROPE | I31: G | J31: =+K31+L31 -> 1.441 | K31: =SUM(N31:Y31) -> 1.441 | L31: =SUM(AA31:AL31) -> 0 | O31: 1.441
E32: Diam Japan | F32: Group | G32: Diam Japan(Naya team) | I32: G | J32: =+K32+L32 -> 290.846 | K32: =SUM(N32:Y32) -> 290.846 | L32: =SUM(AA32:AL32) -> 0 | O32: 19.846 | P32: 271
E33: Diam Japan | F33: Group | G33: Diam Japan(PACK) | I33: G | J33: =+K33+L33 -> 53.031 | K33: =SUM(N33:Y33) -> 53.031 | L33: =SUM(AA33:AL33) -> 0 | O33: 53.031
E34: DDA | F34: Group | G34: DDA(PACK) | I34: G | J34: =+K34+L34 -> 64.128 | K34: =SUM(N34:Y34) -> 64.128 | L34: =SUM(AA34:AL34) -> 0 | O34: 9.128 | P34: 55
E35: D3 | F35: Group | G35: D3(PACK) | I35: G | J35: =+K35+L35 -> 47.496 | K35: =SUM(N35:Y35) -> 47.496 | L35: =SUM(AA35:AL35) -> 0 | O35: 10.496 | P35: 15 | S35: 22
E36: Diam Poland | F36: Group | G36: Diam Poland（PACK) | I36: G | J36: =+K36+L36 -> 105.806 | K36: =SUM(N36:Y36) -> 105.806 | L36: =SUM(AA36:AL36) -> 0 | Q36: 105.806
E37: Diam Tunisia | F37: Group | G37: Diam Tunisia(PACK) | I37: G | J37: =+K37+L37 -> 87.654 | K37: =SUM(N37:Y37) -> 87.654 | L37: =SUM(AA37:AL37) -> 0 | Q37: 87.654
E38: Chanel | F38: External | G38: Chanel(FR team) | I38: G | J38: =+K38+L38 -> 338.407 | K38: =SUM(N38:Y38) -> 338.407 | L38: =SUM(AA38:AL38) -> 0 | O38: 25.407 | P38: 313
E39: Lancome/BIOTHERM/ARMANI | F39: External | G39: Loreal(FR team) | I39: G | J39: =+K39+L39 -> 229.35 | K39: =SUM(N39:Y39) -> 229.35 | L39: =SUM(AA39:AL39) -> 0 | O39: 179.35 | P39: 50
E40: LOUIS VUITTON | F40: External | G40: LOUIS VUITTON(FR team) | I40: G | J40: =+K40+L40 -> 36.892 | K40: =SUM(N40:Y40) -> 36.892 | L40: =SUM(AA40:AL40) -> 0 | O40: 36.892
E41: NARS/Shiseido | F41: External | G41: Shiseido(D3 team) | I41: G | J41: =+K41+L41 -> 244.345 | K41: =SUM(N41:Y41) -> 244.345 | L41: =SUM(AA41:AL41) -> 0 | O41: 7.345 | P41: 15 | S41: 88 | U41: 134
E42: Hourglass | F42: External | G42: Hourglass(D3 team) | I42: G | J42: =+K42+L42 -> 120.415 | K42: =SUM(N42:Y42) -> 120.415 | L42: =SUM(AA42:AL42) -> 0 | P42: 108.415 | S42: 12
E43: Luxottica | F43: External | G43: Luxottica(D3 team) | I43: G | J43: =+K43+L43 -> 0 | K43: =SUM(N43:Y43) -> 0 | L43: =SUM(AA43:AL43) -> 0
E44: LM/Bibbi Brown /MAC/Estee Lauder | F44: External | G44: ESTEE LAUDER(RDDC) | I44: E | J44: =+K44+L44 -> 1093.224 | K44: =SUM(N44:Y44) -> 1093.224 | L44: =SUM(AA44:AL44) -> 0 | O44: 526 | P44: 86 | Q44: 98 | R44: 91.358 | T44: 291.866
E45: SEPHORA | F45: External | G45: Sephora | I45: E | J45: =+K45+L45 -> 429.597 | K45: =SUM(N45:Y45) -> 429.597 | L45: =SUM(AA45:AL45) -> 0 | O45: 245.597 | P45: 90 | Q45: 94
E46: Burberry/GUCCI | F46: External | G46: COTY | I46: E | J46: =+K46+L46 -> 15.402 | K46: =SUM(N46:Y46) -> 15.402 | L46: =SUM(AA46:AL46) -> 0 | O46: 15.402
E47: Tarte | F47: External | G47: Tarte | I47: E | J47: =+K47+L47 -> 293.578 | K47: =SUM(N47:Y47) -> 293.578 | L47: =SUM(AA47:AL47) -> 0 | O47: 291.578 | P47: 2
E48: KVD/FENTY | F48: External | G48: KENDO | I48: E | J48: =+K48+L48 -> 1007.99 | K48: =SUM(N48:Y48) -> 1007.99 | L48: =SUM(AA48:AL48) -> 0 | O48: 188.352 | P48: 139 | Q48: 680.638
E49: OLE HENRIKSEN | F49: External | G49: OLE HENRIKSEN | I49: E | J49: =+K49+L49 -> 1.082 | K49: =SUM(N49:Y49) -> 1.082 | L49: =SUM(AA49:AL49) -> 0 | O49: 1.082
E50: Benefit/Fresh | F50: External | G50: LVMH | I50: E | J50: =+K50+L50 -> 112.998 | K50: =SUM(N50:Y50) -> 112.998 | L50: =SUM(AA50:AL50) -> 0 | O50: 31 | P50: 81.998
E51: Laura Mercier/Bareminerals | F51: External | G51: Laura Mercier/BAREMINERALS | I51: E | J51: =+K51+L51 -> 116.175 | K51: =SUM(N51:Y51) -> 116.175 | L51: =SUM(AA51:AL51) -> 0 | O51: 86.041 | P51: 15 | S51: 15.134
E52: Shiseido | F52: External | G52: Shiseido(P) | I52: E | J52: =+K52+L52 -> 2.128 | K52: =SUM(N52:Y52) -> 2.128 | L52: =SUM(AA52:AL52) -> 0 | P52: 2.128
E53: ONE SIZE | F53: External | G53: ONE SIZE | I53: E | J53: =+K53+L53 -> 107.216 | K53: =SUM(N53:Y53) -> 107.216 | L53: =SUM(AA53:AL53) -> 0 | O53: 107.216
E54: Huda Beauty | F54: External | G54: Huda Beauty | I54: E | J54: =+K54+L54 -> 208.45 | K54: =SUM(N54:Y54) -> 208.45 | L54: =SUM(AA54:AL54) -> 0 | P54: 208.45
E55: ESTEE LAUDER | F55: External | G55: ESTEE LAUDER (PACK) | I55: E | J55: =+K55+L55 -> 189.6 | K55: =SUM(N55:Y55) -> 189.6 | L55: =SUM(AA55:AL55) -> 0 | O55: 139.6 | P55: 50
E56: L'OREAL/Prada | F56: External | G56: L'OREAL(PACK) | I56: E | J56: =+K56+L56 -> 17.114 | K56: =SUM(N56:Y56) -> 17.114 | L56: =SUM(AA56:AL56) -> 0 | P56: 12 | Q56: 5.114
J57: =+K57+L57 -> 0 | K57: =SUM(N57:Y57) -> 0 | L57: =SUM(AA57:AL57) -> 0
J58: =+K58+L58 -> 0 | K58: =SUM(N58:Y58) -> 0 | L58: =SUM(AA58:AL58) -> 0
J59: =+K59+L59 -> 0 | K59: =SUM(N59:Y59) -> 0 | L59: =SUM(AA59:AL59) -> 0
J60: =+K60+L60 -> 0 | K60: =SUM(N60:Y60) -> 0 | L60: =SUM(AA60:AL60) -> 0
J61: =+K61+L61 -> 0 | K61: =SUM(N61:Y61) -> 0 | L61: =SUM(AA61:AL61) -> 0
J62: =+K62+L62 -> 0 | K62: =SUM(N62:Y62) -> 0 | L62: =SUM(AA62:AL62) -> 0
J63: =+K63+L63 -> 0 | K63: =SUM(N63:Y63) -> 0 | L63: =SUM(AA63:AL63) -> 0
J64: =+K64+L64 -> 0 | K64: =SUM(N64:Y64) -> 0 | L64: =SUM(AA64:AL64) -> 0
J65: =+K65+L65 -> 0 | K65: =SUM(N65:Y65) -> 0 | L65: =SUM(AA65:AL65) -> 0
J66: =+K66+L66 -> 0 | K66: =SUM(N66:Y66) -> 0 | L66: =SUM(AA66:AL66) -> 0
J67: =+K67+L67 -> 0 | K67: =SUM(N67:Y67) -> 0 | L67: =SUM(AA67:AL67) -> 0
J68: =+K68+L68 -> 0 | K68: =SUM(N68:Y68) -> 0 | L68: =SUM(AA68:AL68) -> 0
... J252: =+K252+L252 -> 0 | K252: =SUM(N252:Y252) -> 0 | L252: =SUM(AA252:AL252) -> 0

Sheet W9
E2: ENTITY NAME : | G2: =+parameters!D2 -> DE HONG KONG | I2: ORDER BOOK SYNTHESIS in K€
E4: WEEK : | G4: W9 | I4: Cells to be filled in
E6: MONTH : | G6: =+VLOOKUP(G4, parameters!G:H, 2, 0) -> February
E8: TURNOVER | F8: =parameters!D4 -> k€ | H8: YTD Turnover | J8: =+G6&" Turnover" -> February Turnover | L8: Last estim. for the month: | O8: Forecast 2026
H9: =+"from January 1 until end of "&G4 -> from January 1 until end of W9 | J9: =+"from "&G6&" 1 until end of "&G4 -> from February 1 until end of W9 | L9: =+G6 -> February | O9: =+G4 -> W9 | P9: =+VLOOKUP(G4, parameters!$G$9:$I$61,3,0) -> W8 | Q9: Var
E10: EXTERNAL SALES INVOICED (=outside group) | H10: =0+65.798+187.646+1646.019+2738.581+J10 -> 5844.191 | J10: =197.926+1008.221 -> 1206.147 | L10: =J10+O17 -> 1206.147 | O10: =+H10+K17 -> 9579.453 | P10: {=INDIRECT(ADDRESS(10,15,,,VLOOKUP($G$4,parameters!$G:$I,3,0)))} -> 9399.933 | Q10: =O10-P10 -> 179.52
E11: GROUP SALES INVOICED | H11: =0+68.362+73.603+302.502+1813.594+J11 -> 2529.466 | J11: =46.497+224.908 -> 271.405 | L11: =J11+O18 -> 271.405 | O11: =+H11+K18 -> 5231.878 | P11: {=INDIRECT(ADDRESS(11,15,,,VLOOKUP($G$4,parameters!$G:$I,3,0)))} -> 5219.712 | Q11: =O11-P11 -> 12.166 | S11: Definition orders : you consider the orders which are sure even if the order customers paper order is not yet received
E12: TOTAL | H12: =SUM(H10:H11) -> 8373.657 | J12: =SUM(J10:J11) -> 1477.552 | L12: =SUM(L10:L11) -> 1477.552 | O12: =SUM(O10:O11) -> 14811.331 | P12: =SUM(P10:P11) -> 14619.645 | Q12: =O12-P12 -> 191.686 | S12: The quantity, value, and delivery date can be changed before final delivery
E16: ORDERBOOK | F16: =+F8 -> k€ | J16: TOTAL ORDERBOOK | K16: Total amount 2026 | L16: Total amount 2027 | N16: 46023 | O16: 46054 | P16: 46082 | Q16: 46113 | R16: 46143 | S16: 46174 | T16: 46204 | U16: 46235 | V16: 46266 | W16: 46296 | X16: 46327 | Y16: 46357 | AA16: 46388 | AB16: 46419 | AC16: 46447 | AD16: 46478 | AE16: 46508 | AF16: 46539 | AG16: 46569 | AH16: 46600 | AI16: 46631 | AJ16: 46661 | AK16: 46692 | AL16: 46722
E17: External | J17: =+SUMIF($F$24:$F$251,"External",$J$24:$J$251) -> 3735.262 | K17: =+SUMIF($F$24:$F$251,"External",$K$24:$K$251) -> 3735.262 | L17: =+SUMIF($F$24:$F$251,"External",$L$24:$L$251) -> 0 | N17: =+SUMIF($F$24:$F$251,"External",N$24:N$251) -> 0 | O17: =+SUMIF($F$24:$F$251,"External",O$24:O$251) -> 0 | P17: =+SUMIF($F$24:$F$251,"External",P$24:P$251) -> 1868.633 | Q17: =+SUMIF($F$24:$F$251,"External",Q$24:Q$251) -> 1243.271 | R17: =+SUMIF($F$24:$F$251,"External",R$24:R$251) -> 226.358 | S17: =+SUMIF($F$24:$F$251,"External",S$24:S$251) -> 162.134 | T17: =+SUMIF($F$24:$F$251,"External",T$24:T$251) -> 42 | U17: =+SUMIF($F$24:$F$251,"External",U$24:U$251) -> 192.866 | ... Y17: =+SUMIF($F$24:$F$251,"External",Y$24:Y$251) -> 0 | AA17: =+SUMIF($F$24:$F$251,"External",AA$24:AA$251) -> 0 | AB17: =+SUMIF($F$24:$F$251,"External",AB$24:AB$251) -> 0 | AC17: =+SUMIF($F$24:$F$251,"External",AC$24:AC$251) -> 0 | AD17: =+SUMIF($F$24:$F$251,"External",AD$24:AD$251) -> 0 | AE17: =+SUMIF($F$24:$F$251,"External",AE$24:AE$251) -> 0 | AF17: =+SUMIF($F$24:$F$251,"External",AF$24:AF$251) -> 0 | AG17: =+SUMIF($F$24:$F$251,"External",AG$24:AG$251) -> 0 | AH17: =+SUMIF($F$24:$F$251,"External",AH$24:AH$251) -> 0 | ... AL17: =+SUMIF($F$24:$F$251,"External",AL$24:AL$251) -> 0
E18: Group | J18: =+SUMIF($F$24:$F$251,"Group",$J$24:$J$251) -> 2702.412 | K18: =+SUMIF($F$24:$F$251,"Group",$K$24:$K$251) -> 2702.412 | L18: =SUMIF($F$24:$F$251,"Group",$L$24:$L$251) -> 0 | N18: =+SUMIF($F$24:$F$251,"Group",N$24:N$251) -> 0 | O18: =+SUMIF($F$24:$F$251,"Group",O$24:O$251) -> 0 | P18: =+SUMIF($F$24:$F$251,"Group",P$24:P$251) -> 559.053 | Q18: =+SUMIF($F$24:$F$251,"Group",Q$24:Q$251) -> 116.5 | R18: =+SUMIF($F$24:$F$251,"Group",R$24:R$251) -> 730.538 | S18: =+SUMIF($F$24:$F$251,"Group",S$24:S$251) -> 173.881 | T18: =+SUMIF($F$24:$F$251,"Group",T$24:T$251) -> 90.44 | U18: =+SUMIF($F$24:$F$251,"Group",U$24:U$251) -> 1032 | ... Y18: =+SUMIF($F$24:$F$251,"Group",Y$24:Y$251) -> 0 | AA18: =+SUMIF($F$24:$F$251,"Group",AA$24:AA$251) -> 0 | AB18: =+SUMIF($F$24:$F$251,"Group",AB$24:AB$251) -> 0 | AC18: =+SUMIF($F$24:$F$251,"Group",AC$24:AC$251) -> 0 | AD18: =+SUMIF($F$24:$F$251,"Group",AD$24:AD$251) -> 0 | AE18: =+SUMIF($F$24:$F$251,"Group",AE$24:AE$251) -> 0 | AF18: =+SUMIF($F$24:$F$251,"Group",AF$24:AF$251) -> 0 | AG18: =+SUMIF($F$24:$F$251,"Group",AG$24:AG$251) -> 0 | AH18: =+SUMIF($F$24:$F$251,"Group",AH$24:AH$251) -> 0 | ... AL18: =+SUMIF($F$24:$F$251,"Group",AL$24:AL$251) -> 0
E19: TOTAL | J19: =SUM(J17:J18) -> 6437.674 | K19: =SUM(K17:K18) -> 6437.674 | L19: =SUM(L17:L18) -> 0 | N19: =SUM(N17:N18) -> 0 | O19: =SUM(O17:O18) -> 0 | P19: =SUM(P17:P18) -> 2427.686 | Q19: =SUM(Q17:Q18) -> 1359.771 | R19: =SUM(R17:R18) -> 956.896 | S19: =SUM(S17:S18) -> 336.015 | T19: =SUM(T17:T18) -> 132.44 | U19: =SUM(U17:U18) -> 1224.866 | ... Y19: =SUM(Y17:Y18) -> 0 | AA19: =SUM(AA17:AA18) -> 0 | AB19: =SUM(AB17:AB18) -> 0 | AC19: =SUM(AC17:AC18) -> 0 | AD19: =SUM(AD17:AD18) -> 0 | AE19: =SUM(AE17:AE18) -> 0 | AF19: =SUM(AF17:AF18) -> 0 | AG19: =SUM(AG17:AG18) -> 0 | AH19: =SUM(AH17:AH18) -> 0 | ... AL19: =SUM(AL17:AL18) -> 0
I21: check | J21: =IF(SUM(J24:J251)=J19, "OK", "Please correct: the sum of orders below is not equal to the total calculated above. Make sure to pick External or Group for each order and don't change the formulas in columns K and L") -> OK | N21: 2026 | AA21: 2027
E23: Order (Tooling including) to be delivered | F23: External or Group | G23: Customers orders | H23: Quantity | I23: DGC | J23: TOTAL ORDERBOOK | K23: Total amount 2026 | L23: Total amount 2027 | N23: 46023 | O23: 46054 | P23: 46082 | Q23: 46113 | R23: 46143 | S23: 46174 | T23: 46204 | U23: 46235 | V23: 46266 | W23: 46296 | X23: 46327 | Y23: 46357 | AA23: 46388 | AB23: 46419 | AC23: 46447 | AD23: 46478 | AE23: 46508 | AF23: 46539 | AG23: 46569 | AH23: 46600 | AI23: 46631 | AJ23: 46661 | AK23: 46692 | AL23: 46722
D24: X | E24: D3 | F24: Group | G24: D3 | I24: G | J24: =+K24+L24 -> 1785.552 | K24: =SUM(N24:Y24) -> 1785.552 | L24: =SUM(AA24:AL24) -> 0 | P24: =7.667-8.653+30+3 -> 32.014 | Q24: 26 | R24: 695.538 | U24: =1035-3 -> 1032
E25: Diam France | F25: Group | G25: Diam France | I25: G | J25: =+K25+L25 -> 38.2 | K25: =SUM(N25:Y25) -> 38.2 | L25: =SUM(AA25:AL25) -> 0 | P25: =2.225-2.291+5.266+33 -> 38.2
E26: DIAM Turkey | F26: Group | G26: DIAM Turkey | I26: G | J26: =+K26+L26 -> 115.44 | K26: =SUM(N26:Y26) -> 115.44 | L26: =SUM(AA26:AL26) -> 0 | P26: 25 | T26: =124.161-25-2.339-3.256-3.126 -> 90.44
E27: Nevacril | F27: Group | G27: Nevacril | I27: G | J27: =+K27+L27 -> 9.31 | K27: =SUM(N27:Y27) -> 9.31 | L27: =SUM(AA27:AL27) -> 0 | P27: 9.31
E28: Diam UK | F28: Group | G28: Diam UK | I28: G | J28: =+K28+L28 -> 189.758 | K28: =SUM(N28:Y28) -> 189.758 | L28: =SUM(AA28:AL28) -> 0 | P28: =212.758+10-127 -> 95.758 | S28: =127-33 -> 94
E29: DIAM PORTUGAL | F29: Group | G29: DIAM PORTUGAL | I29: G | J29: =+K29+L29 -> 3.5 | K29: =SUM(N29:Y29) -> 3.5 | L29: =SUM(AA29:AL29) -> 0 | Q29: 3.5
E30: DIAM PRESTIGE EUROPE | F30: Group | G30: DIAM PRESTIGE EUROPE | I30: G | J30: =+K30+L30 -> 99.41 | K30: =SUM(N30:Y30) -> 99.41 | L30: =SUM(AA30:AL30) -> 0 | P30: =10.446-3.917 -> 6.529 | R30: 35 | S30: =92.881-35 -> 57.881
E31: PRUGENT DIAM EUROPE | F31: Group | G31: PRUGENT DIAM EUROPE | I31: G | J31: =+K31+L31 -> 1.134 | K31: =SUM(N31:Y31) -> 1.134 | L31: =SUM(AA31:AL31) -> 0 | P31: =1.441-0.307 -> 1.134
E32: Diam Japan | F32: Group | G32: Diam Japan(Naya team) | I32: G | J32: =+K32+L32 -> 302.846 | K32: =SUM(N32:Y32) -> 302.846 | L32: =SUM(AA32:AL32) -> 0 | P32: =271+19.846-20 -> 270.846 | Q32: =20+12 -> 32
E33: Diam Japan | F33: Group | G33: Diam Japan(PACK) | I33: G | J33: =+K33+L33 -> 106.802 | K33: =SUM(N33:Y33) -> 106.802 | L33: =SUM(AA33:AL33) -> 0 | P33: =53.031-163.229+50+79+88-50 -> 56.802 | Q33: 50
E34: DDA | F34: Group | G34: DDA(PACK) | I34: G | J34: =+K34+L34 -> 7.974 | K34: =SUM(N34:Y34) -> 7.974 | L34: =SUM(AA34:AL34) -> 0 | P34: =9.128-6.154+55-50 -> 7.974
E35: D3 | F35: Group | G35: D3(PACK) | I35: G | J35: =+K35+L35 -> 42.486 | K35: =SUM(N35:Y35) -> 42.486 | L35: =SUM(AA35:AL35) -> 0 | P35: =10.496-5.01+15-5 -> 15.486 | Q35: 5 | S35: 22
E36: Chanel | F36: External | G36: Chanel(FR team) | I36: G | J36: =+K36+L36 -> 324.96 | K36: =SUM(N36:Y36) -> 324.96 | L36: =SUM(AA36:AL36) -> 0 | P36: =25.407-13.447+313 -> 324.96
E37: Lancome/BIOTHERM/ARMANI | F37: External | G37: Loreal(FR team) | I37: G | J37: =+K37+L37 -> 167.046 | K37: =SUM(N37:Y37) -> 167.046 | L37: =SUM(AA37:AL37) -> 0 | P37: =179.35-62.508-9.796+50+10 -> 167.046
E38: LOUIS VUITTON | F38: External | G38: LOUIS VUITTON(FR team) | I38: G | J38: =+K38+L38 -> 36.892 | K38: =SUM(N38:Y38) -> 36.892 | L38: =SUM(AA38:AL38) -> 0 | P38: 36.892
E39: NARS/Shiseido | F39: External | G39: Shiseido(D3 team) | I39: G | J39: =+K39+L39 -> 244.345 | K39: =SUM(N39:Y39) -> 244.345 | L39: =SUM(AA39:AL39) -> 0 | P39: =7.345+15+27 -> 49.345 | Q39: 8 | S39: =88-27-8+95 -> 148 | U39: =134-95 -> 39
E40: Hourglass | F40: External | G40: Hourglass(D3 team) | I40: G | J40: =+K40+L40 -> 120.415 | K40: =SUM(N40:Y40) -> 120.415 | L40: =SUM(AA40:AL40) -> 0 | P40: =108.415+11 -> 119.415 | S40: =12-11 -> 1
E41: Luxottica | F41: External | G41: Luxottica(D3 team) | I41: G | J41: =+K41+L41 -> 0 | K41: =SUM(N41:Y41) -> 0 | L41: =SUM(AA41:AL41) -> 0
E42: LM/Bibbi Brown /MAC/Estee Lauder | F42: External | G42: ESTEE LAUDER(RDDC) | I42: E | J42: =+K42+L42 -> 766.306 | K42: =SUM(N42:Y42) -> 766.306 | L42: =SUM(AA42:AL42) -> 0 | P42: =526-326.918+86-20 -> 265.082 | Q42: =98+20+57 -> 175 | R42: =91.358+68 -> 159.358 | T42: 13 | U42: =291.866-57-68-13 -> 153.866
E43: SEPHORA | F43: External | G43: Sephora | I43: E | J43: =+K43+L43 -> 251.854 | K43: =SUM(N43:Y43) -> 251.854 | L43: =SUM(AA43:AL43) -> 0 | P43: =245.597-54.743+90-240 -> 40.854 | Q43: =94-109-14+240-67 -> 144 | R43: 67
E44: MARIO | F44: External | G44: MARIO | I44: E | J44: =+K44+L44 -> 109 | K44: =SUM(N44:Y44) -> 109 | L44: =SUM(AA44:AL44) -> 0 | Q44: 109
E45: Salt&Stone | F45: External | G45: Salt&Stone | I45: E | J45: =+K45+L45 -> 14 | K45: =SUM(N45:Y45) -> 14 | L45: =SUM(AA45:AL45) -> 0 | Q45: 14
E46: Burberry/GUCCI | F46: External | G46: COTY | I46: E | J46: =+K46+L46 -> 15.402 | K46: =SUM(N46:Y46) -> 15.402 | L46: =SUM(AA46:AL46) -> 0 | P46: 15.402
E47: Tarte | F47: External | G47: Tarte | I47: E | J47: =+K47+L47 -> 293.578 | K47: =SUM(N47:Y47) -> 293.578 | L47: =SUM(AA47:AL47) -> 0 | P47: =291.578+2-29 -> 264.578 | T47: 29
E48: KVD/FENTY | F48: External | G48: KENDO | I48: E | J48: =+K48+L48 -> 774.677 | K48: =SUM(N48:Y48) -> 774.677 | L48: =SUM(AA48:AL48) -> 0 | P48: =188.352-233.313+139-32 -> 62.039 | Q48: =680.638+32 -> 712.638
E49: OLE HENRIKSEN | F49: External | G49: OLE HENRIKSEN | I49: E | J49: =+K49+L49 -> 1.082 | K49: =SUM(N49:Y49) -> 1.082 | L49: =SUM(AA49:AL49) -> 0 | P49: 1.082
E50: Benefit/Fresh | F50: External | G50: LVMH | I50: E | J50: =+K50+L50 -> 124.998 | K50: =SUM(N50:Y50) -> 124.998 | L50: =SUM(AA50:AL50) -> 0 | P50: =81.998+31+12 -> 124.998
E51: Laura Mercier/Bareminerals | F51: External | G51: Laura Mercier/BAREMINERALS | I51: E | J51: =+K51+L51 -> 116.175 | K51: =SUM(N51:Y51) -> 116.175 | L51: =SUM(AA51:AL51) -> 0 | P51: =86.041-41 -> 45.041 | Q51: =15+41+2 -> 58 | S51: =15.134-2 -> 13.134
E52: Shiseido | F52: External | G52: Shiseido(P) | I52: E | J52: =+K52+L52 -> 2.128 | K52: =SUM(N52:Y52) -> 2.128 | L52: =SUM(AA52:AL52) -> 0 | P52: 2.128
E53: ONE SIZE | F53: External | G53: ONE SIZE | I53: E | J53: =+K53+L53 -> 62.328 | K53: =SUM(N53:Y53) -> 62.328 | L53: =SUM(AA53:AL53) -> 0 | P53: =107.216-44.888 -> 62.328
E54: Huda Beauty | F54: External | G54: Huda Beauty | I54: E | J54: =+K54+L54 -> 208.45 | K54: =SUM(N54:Y54) -> 208.45 | L54: =SUM(AA54:AL54) -> 0 | P54: 208.45
E55: ESTEE LAUDER | F55: External | G55: ESTEE LAUDER (PACK) | I55: E | J55: =+K55+L55 -> 49.941 | K55: =SUM(N55:Y55) -> 49.941 | L55: =SUM(AA55:AL55) -> 0 | P55: =139.6-251.659+50+112 -> 49.941
E56: L'OREAL/Prada | F56: External | G56: L'OREAL(PACK) | I56: E | J56: =+K56+L56 -> 12.052 | K56: =SUM(N56:Y56) -> 12.052 | L56: =SUM(AA56:AL56) -> 0 | P56: =12-10.948+5+6 -> 12.052
E57: MUGLER | F57: External | G57: MUGLER | I57: G | J57: =+K57+L57 -> 17 | K57: =SUM(N57:Y57) -> 17 | L57: =SUM(AA57:AL57) -> 0 | P57: 17
E58: RITUALS | F58: External | G58: RITUALS | I58: E | J58: =+K58+L58 -> 22.633 | K58: =SUM(N58:Y58) -> 22.633 | L58: =SUM(AA58:AL58) -> 0 | Q58: 22.633
J59: =+K59+L59 -> 0 | K59: =SUM(N59:Y59) -> 0 | L59: =SUM(AA59:AL59) -> 0
J60: =+K60+L60 -> 0 | K60: =SUM(N60:Y60) -> 0 | L60: =SUM(AA60:AL60) -> 0
J61: =+K61+L61 -> 0 | K61: =SUM(N61:Y61) -> 0 | L61: =SUM(AA61:AL61) -> 0
J62: =+K62+L62 -> 0 | K62: =SUM(N62:Y62) -> 0 | L62: =SUM(AA62:AL62) -> 0
J63: =+K63+L63 -> 0 | K63: =SUM(N63:Y63) -> 0 | L63: =SUM(AA63:AL63) -> 0
J64: =+K64+L64 -> 0 | K64: =SUM(N64:Y64) -> 0 | L64: =SUM(AA64:AL64) -> 0
J65: =+K65+L65 -> 0 | K65: =SUM(N65:Y65) -> 0 | L65: =SUM(AA65:AL65) -> 0
J66: =+K66+L66 -> 0 | K66: =SUM(N66:Y66) -> 0 | L66: =SUM(AA66:AL66) -> 0
J67: =+K67+L67 -> 0 | K67: =SUM(N67:Y67) -> 0 | L67: =SUM(AA67:AL67) -> 0
J68: =+K68+L68 -> 0 | K68: =SUM(N68:Y68) -> 0 | L68: =SUM(AA68:AL68) -> 0
J69: =+K69+L69 -> 0 | K69: =SUM(N69:Y69) -> 0 | L69: =SUM(AA69:AL69) -> 0
J70: =+K70+L70 -> 0 | K70: =SUM(N70:Y70) -> 0 | L70: =SUM(AA70:AL70) -> 0
... J252: =+K252+L252 -> 0 | K252: =SUM(N252:Y252) -> 0 | L252: =SUM(AA252:AL252) -> 0

Sheet W10
E2: ENTITY NAME : | G2: =+parameters!D2 -> DE HONG KONG | I2: ORDER BOOK SYNTHESIS in K€
E4: WEEK : | G4: W10 | I4: Cells to be filled in
E6: MONTH : | G6: =+VLOOKUP(G4, parameters!G:H, 2, 0) -> March
E8: TURNOVER | F8: =parameters!D4 -> k€ | H8: YTD Turnover | J8: =+G6&" Turnover" -> March Turnover | L8: Last estim. for the month: | O8: Forecast 2026
H9: =+"from January 1 until end of "&G4 -> from January 1 until end of W10 | J9: =+"from "&G6&" 1 until end of "&G4 -> from March 1 until end of W10 | L9: =+G6 -> March | O9: =+G4 -> W10 | P9: =+VLOOKUP(G4, parameters!$G$9:$I$61,3,0) -> W9 | Q9: Var
E10: EXTERNAL SALES INVOICED (=outside group) | H10: =0+65.798+187.646+1646.019+2738.581+197.926+1008.221+J10 -> 5973.934 | J10: =129.743 -> 129.743 | L10: =J10+P17 -> 1901.784 | O10: =+H10+K17 -> 9769.172 | P10: {=INDIRECT(ADDRESS(10,15,,,VLOOKUP($G$4,parameters!$G:$I,3,0)))} -> 9579.453 | Q10: =O10-P10 -> 189.719
E11: GROUP SALES INVOICED | H11: =0+68.362+73.603+302.502+1813.594+46.497+224.908+J11 -> 2529.651 | J11: =0.185 -> 0.185 | L11: =J11+P18 -> 475.436 | O11: =+H11+K18 -> 5465.813 | P11: {=INDIRECT(ADDRESS(11,15,,,VLOOKUP($G$4,parameters!$G:$I,3,0)))} -> 5231.878 | Q11: =O11-P11 -> 233.935 | S11: Definition orders : you consider the orders which are sure even if the order customers paper order is not yet received
E12: TOTAL | H12: =SUM(H10:H11) -> 8503.585 | J12: =SUM(J10:J11) -> 129.928 | L12: =SUM(L10:L11) -> 2377.22 | O12: =SUM(O10:O11) -> 15234.985 | P12: =SUM(P10:P11) -> 14811.331 | Q12: =O12-P12 -> 423.654 | S12: The quantity, value, and delivery date can be changed before final delivery
E16: ORDERBOOK | F16: =+F8 -> k€ | J16: TOTAL ORDERBOOK | K16: Total amount 2026 | L16: Total amount 2027 | N16: 46023 | O16: 46054 | P16: 46082 | Q16: 46113 | R16: 46143 | S16: 46174 | T16: 46204 | U16: 46235 | V16: 46266 | W16: 46296 | X16: 46327 | Y16: 46357 | AA16: 46388 | AB16: 46419 | AC16: 46447 | AD16: 46478 | AE16: 46508 | AF16: 46539 | AG16: 46569 | AH16: 46600 | AI16: 46631 | AJ16: 46661 | AK16: 46692 | AL16: 46722
E17: External | J17: =+SUMIF($F$24:$F$250,"External",$J$24:$J$250) -> 3795.238 | K17: =+SUMIF($F$24:$F$250,"External",$K$24:$K$250) -> 3795.238 | L17: =+SUMIF($F$24:$F$250,"External",$L$24:$L$250) -> 0 | N17: =+SUMIF($F$24:$F$250,"External",N$24:N$250) -> 0 | O17: =+SUMIF($F$24:$F$250,"External",O$24:O$250) -> 0 | P17: =+SUMIF($F$24:$F$250,"External",P$24:P$250) -> 1772.041 | Q17: =+SUMIF($F$24:$F$250,"External",Q$24:Q$250) -> 1279.233 | R17: =+SUMIF($F$24:$F$250,"External",R$24:R$250) -> 399.076 | S17: =+SUMIF($F$24:$F$250,"External",S$24:S$250) -> 154 | T17: =+SUMIF($F$24:$F$250,"External",T$24:T$250) -> 65.76 | U17: =+SUMIF($F$24:$F$250,"External",U$24:U$250) -> 125.128 | ... Y17: =+SUMIF($F$24:$F$250,"External",Y$24:Y$250) -> 0 | AA17: =+SUMIF($F$24:$F$250,"External",AA$24:AA$250) -> 0 | AB17: =+SUMIF($F$24:$F$250,"External",AB$24:AB$250) -> 0 | AC17: =+SUMIF($F$24:$F$250,"External",AC$24:AC$250) -> 0 | AD17: =+SUMIF($F$24:$F$250,"External",AD$24:AD$250) -> 0 | AE17: =+SUMIF($F$24:$F$250,"External",AE$24:AE$250) -> 0 | AF17: =+SUMIF($F$24:$F$250,"External",AF$24:AF$250) -> 0 | AG17: =+SUMIF($F$24:$F$250,"External",AG$24:AG$250) -> 0 | AH17: =+SUMIF($F$24:$F$250,"External",AH$24:AH$250) -> 0 | ... AL17: =+SUMIF($F$24:$F$250,"External",AL$24:AL$250) -> 0
E18: Group | J18: =+SUMIF($F$24:$F$250,"Group",$J$24:$J$250) -> 2936.162 | K18: =+SUMIF($F$24:$F$250,"Group",$K$24:$K$250) -> 2936.162 | L18: =SUMIF($F$24:$F$250,"Group",$L$24:$L$250) -> 0 | N18: =+SUMIF($F$24:$F$250,"Group",N$24:N$250) -> 0 | O18: =+SUMIF($F$24:$F$250,"Group",O$24:O$250) -> 0 | P18: =+SUMIF($F$24:$F$250,"Group",P$24:P$250) -> 475.251 | Q18: =+SUMIF($F$24:$F$250,"Group",Q$24:Q$250) -> 361.237 | R18: =+SUMIF($F$24:$F$250,"Group",R$24:R$250) -> 774.538 | S18: =+SUMIF($F$24:$F$250,"Group",S$24:S$250) -> 151.881 | T18: =+SUMIF($F$24:$F$250,"Group",T$24:T$250) -> 956.255 | U18: =+SUMIF($F$24:$F$250,"Group",U$24:U$250) -> 217 | ... Y18: =+SUMIF($F$24:$F$250,"Group",Y$24:Y$250) -> 0 | AA18: =+SUMIF($F$24:$F$250,"Group",AA$24:AA$250) -> 0 | AB18: =+SUMIF($F$24:$F$250,"Group",AB$24:AB$250) -> 0 | AC18: =+SUMIF($F$24:$F$250,"Group",AC$24:AC$250) -> 0 | AD18: =+SUMIF($F$24:$F$250,"Group",AD$24:AD$250) -> 0 | AE18: =+SUMIF($F$24:$F$250,"Group",AE$24:AE$250) -> 0 | AF18: =+SUMIF($F$24:$F$250,"Group",AF$24:AF$250) -> 0 | AG18: =+SUMIF($F$24:$F$250,"Group",AG$24:AG$250) -> 0 | AH18: =+SUMIF($F$24:$F$250,"Group",AH$24:AH$250) -> 0 | ... AL18: =+SUMIF($F$24:$F$250,"Group",AL$24:AL$250) -> 0
E19: TOTAL | J19: =SUM(J17:J18) -> 6731.4 | K19: =SUM(K17:K18) -> 6731.4 | L19: =SUM(L17:L18) -> 0 | N19: =SUM(N17:N18) -> 0 | O19: =SUM(O17:O18) -> 0 | P19: =SUM(P17:P18) -> 2247.292 | Q19: =SUM(Q17:Q18) -> 1640.47 | R19: =SUM(R17:R18) -> 1173.614 | S19: =SUM(S17:S18) -> 305.881 | T19: =SUM(T17:T18) -> 1022.015 | U19: =SUM(U17:U18) -> 342.128 | ... Y19: =SUM(Y17:Y18) -> 0 | AA19: =SUM(AA17:AA18) -> 0 | AB19: =SUM(AB17:AB18) -> 0 | AC19: =SUM(AC17:AC18) -> 0 | AD19: =SUM(AD17:AD18) -> 0 | AE19: =SUM(AE17:AE18) -> 0 | AF19: =SUM(AF17:AF18) -> 0 | AG19: =SUM(AG17:AG18) -> 0 | AH19: =SUM(AH17:AH18) -> 0 | ... AL19: =SUM(AL17:AL18) -> 0
I21: check | J21: =IF(SUM(J24:J250)=J19, "OK", "Please correct: the sum of orders below is not equal to the total calculated above. Make sure to pick External or Group for each order and don't change the formulas in columns K and L") -> OK | N21: 2026 | AA21: 2027
E23: Order (Tooling including) to be delivered | F23: External or Group | G23: Customers orders | H23: Quantity | I23: DGC | J23: TOTAL ORDERBOOK | K23: Total amount 2026 | L23: Total amount 2026 | N23: 46023 | O23: 46054 | P23: 46082 | Q23: 46113 | R23: 46143 | S23: 46174 | T23: 46204 | U23: 46235 | V23: 46266 | W23: 46296 | X23: 46327 | Y23: 46357 | AA23: 46388 | AB23: 46419 | AC23: 46447 | AD23: 46478 | AE23: 46508 | AF23: 46539 | AG23: 46569 | AH23: 46600 | AI23: 46631 | AJ23: 46661 | AK23: 46692 | AL23: 46722
D24: X | E24: D3 | F24: Group | G24: D3 | I24: G | J24: =+K24+L24 -> 1785.552 | K24: =SUM(N24:Y24) -> 1785.552 | L24: =SUM(AA24:AL24) -> 0 | P24: 32.014 | Q24: 26 | R24: =695.538+4 -> 699.538 | T24: 868 | U24: =1032-4-868 -> 160
E25: Diam France | F25: Group | G25: Diam France | I25: G | J25: =+K25+L25 -> 38.2 | K25: =SUM(N25:Y25) -> 38.2 | L25: =SUM(AA25:AL25) -> 0 | P25: 38.2
E26: DIAM Turkey | F26: Group | G26: DIAM Turkey | I26: G | J26: =+K26+L26 -> 113.255 | K26: =SUM(N26:Y26) -> 113.255 | L26: =SUM(AA26:AL26) -> 0 | P26: 4 | Q26: =25-4 -> 21 | T26: =90.44-0.185-2 -> 88.255
E27: Nevacril | F27: Group | G27: Nevacril | I27: G | J27: =+K27+L27 -> 9.31 | K27: =SUM(N27:Y27) -> 9.31 | L27: =SUM(AA27:AL27) -> 0 | P27: 9.31
E28: Diam UK | F28: Group | G28: Diam UK | I28: G | J28: =+K28+L28 -> 189.758 | K28: =SUM(N28:Y28) -> 189.758 | L28: =SUM(AA28:AL28) -> 0 | P28: 95.758 | S28: 94
E29: DIAM PORTUGAL | F29: Group | G29: DIAM PORTUGAL | I29: G | J29: =+K29+L29 -> 3.5 | K29: =SUM(N29:Y29) -> 3.5 | L29: =SUM(AA29:AL29) -> 0 | Q29: 3.5
E30: DIAM PRESTIGE EUROPE | F30: Group | G30: DIAM PRESTIGE EUROPE | I30: G | J30: =+K30+L30 -> 333.345 | K30: =SUM(N30:Y30) -> 333.345 | L30: =SUM(AA30:AL30) -> 0 | P30: 6.529 | Q30: 233.935 | R30: 35 | S30: 57.881
E31: PRUGENT DIAM EUROPE | F31: Group | G31: PRUGENT DIAM EUROPE | I31: G | J31: =+K31+L31 -> 3.134 | K31: =SUM(N31:Y31) -> 3.134 | L31: =SUM(AA31:AL31) -> 0 | P31: =1.134+2 -> 3.134
E32: Diam Japan | F32: Group | G32: Diam Japan(Naya team) | I32: G | J32: =+K32+L32 -> 302.846 | K32: =SUM(N32:Y32) -> 302.846 | L32: =SUM(AA32:AL32) -> 0 | P32: =270.846-10 -> 260.846 | Q32: =32+10 -> 42
E33: Diam Japan | F33: Group | G33: Diam Japan(PACK) | I33: G | J33: =+K33+L33 -> 106.802 | K33: =SUM(N33:Y33) -> 106.802 | L33: =SUM(AA33:AL33) -> 0 | P33: 2 | Q33: =56.802-2-25 -> 29.802 | R33: =50-20 -> 30 | U33: =25+20 -> 45
E34: DDA | F34: Group | G34: DDA(PACK) | I34: G | J34: =+K34+L34 -> 7.974 | K34: =SUM(N34:Y34) -> 7.974 | L34: =SUM(AA34:AL34) -> 0 | P34: 7.974
E35: D3 | F35: Group | G35: D3(PACK) | I35: G | J35: =+K35+L35 -> 42.486 | K35: =SUM(N35:Y35) -> 42.486 | L35: =SUM(AA35:AL35) -> 0 | P35: 15.486 | Q35: 5 | R35: 10 | U35: =22-10 -> 12
E36: Chanel | F36: External | G36: Chanel(FR team) | I36: G | J36: =+K36+L36 -> 324.96 | K36: =SUM(N36:Y36) -> 324.96 | L36: =SUM(AA36:AL36) -> 0 | P36: 324.96
E37: Lancome/BIOTHERM/ARMANI | F37: External | G37: Loreal(FR team) | I37: G | J37: =+K37+L37 -> 171.046 | K37: =SUM(N37:Y37) -> 171.046 | L37: =SUM(AA37:AL37) -> 0 | P37: =167.046+4 -> 171.046
E38: LOUIS VUITTON | F38: External | G38: LOUIS VUITTON(FR team) | I38: G | J38: =+K38+L38 -> 36.892 | K38: =SUM(N38:Y38) -> 36.892 | L38: =SUM(AA38:AL38) -> 0 | P38: 36.892
E39: NARS/Shiseido | F39: External | G39: Shiseido(D3 team) | I39: G | J39: =+K39+L39 -> 244.345 | K39: =SUM(N39:Y39) -> 244.345 | L39: =SUM(AA39:AL39) -> 0 | P39: 49.345 | Q39: 8 | S39: =148+2 -> 150 | U39: =39-2 -> 37
E40: Hourglass | F40: External | G40: Hourglass(D3 team) | I40: G | J40: =+K40+L40 -> 130.415 | K40: =SUM(N40:Y40) -> 130.415 | L40: =SUM(AA40:AL40) -> 0 | P40: =119.415+8 -> 127.415 | Q40: 2 | S40: 1
E41: Luxottica | F41: External | G41: Luxottica(D3 team) | I41: G | J41: =+K41+L41 -> 119.718 | K41: =SUM(N41:Y41) -> 119.718 | L41: =SUM(AA41:AL41) -> 0 | R41: 119.718
E42: LM/Bibbi Brown /MAC/Estee Lauder | F42: External | G42: ESTEE LAUDER(RDDC) | I42: E | J42: =+K42+L42 -> 747.174 | K42: =SUM(N42:Y42) -> 747.174 | L42: =SUM(AA42:AL42) -> 0 | P42: =265.082-12.046-7.086+66-23 -> 288.95 | Q42: =175+4 -> 179 | R42: =159.358+31-3 -> 187.358 | T42: 13 | U42: =153.866-66-4-31+3+23 -> 78.866
E43: SEPHORA | F43: External | G43: Sephora | I43: E | J43: =+K43+L43 -> 270.66 | K43: =SUM(N43:Y43) -> 270.66 | L43: =SUM(AA43:AL43) -> 0 | P43: =40.854-1.194+2 -> 41.66 | Q43: 144 | R43: =67-2+20 -> 85
E44: MARIO | F44: External | G44: MARIO | I44: E | J44: =+K44+L44 -> 104.962 | K44: =SUM(N44:Y44) -> 104.962 | L44: =SUM(AA44:AL44) -> 0 | Q44: =109-4.038 -> 104.962
E45: Burberry/GUCCI | F45: External | G45: COTY | I45: E | J45: =+K45+L45 -> 38.402 | K45: =SUM(N45:Y45) -> 38.402 | L45: =SUM(AA45:AL45) -> 0 | P45: =15.402-3 -> 12.402 | Q45: =3+20 -> 23 | S45: 3
E46: Tarte | F46: External | G46: Tarte | I46: E | J46: =+K46+L46 -> 293.338 | K46: =SUM(N46:Y46) -> 293.338 | L46: =SUM(AA46:AL46) -> 0 | P46: =264.578-31 -> 233.578 | R46: 7 | T46: =31+29-7-0.24 -> 52.76
E47: KVD/FENTY | F47: External | G47: KENDO | I47: E | J47: =+K47+L47 -> 787.677 | K47: =SUM(N47:Y47) -> 787.677 | L47: =SUM(AA47:AL47) -> 0 | P47: 62.039 | Q47: =712.638+13 -> 725.638
E48: OLE HENRIKSEN | F48: External | G48: OLE HENRIKSEN | I48: E | J48: =+K48+L48 -> 1.082 | K48: =SUM(N48:Y48) -> 1.082 | L48: =SUM(AA48:AL48) -> 0 | P48: 1.082
E49: Benefit/Fresh | F49: External | G49: LVMH | I49: E | J49: =+K49+L49 -> 34.072 | K49: =SUM(N49:Y49) -> 34.072 | L49: =SUM(AA49:AL49) -> 0 | P49: =124.998-86.412-4.514-6 -> 28.072 | Q49: 6
E50: Laura Mercier/Bareminerals | F50: External | G50: Laura Mercier/BAREMINERALS | I50: E | J50: =+K50+L50 -> 116.175 | K50: =SUM(N50:Y50) -> 116.175 | L50: =SUM(AA50:AL50) -> 0 | P50: 45.041 | Q50: =58+6 -> 64 | U50: =13.134-6 -> 7.134
E51: Shiseido | F51: External | G51: Shiseido(P) | I51: E | J51: =+K51+L51 -> 2.128 | K51: =SUM(N51:Y51) -> 2.128 | L51: =SUM(AA51:AL51) -> 0 | U51: 2.128
E52: ONE SIZE | F52: External | G52: ONE SIZE | I52: E | J52: =+K52+L52 -> 62.328 | K52: =SUM(N52:Y52) -> 62.328 | L52: =SUM(AA52:AL52) -> 0 | P52: 62.328
E53: Huda Beauty | F53: External | G53: Huda Beauty | I53: E | J53: =+K53+L53 -> 208.238 | K53: =SUM(N53:Y53) -> 208.238 | L53: =SUM(AA53:AL53) -> 0 | P53: =208.45-0.212 -> 208.238
E54: ESTEE LAUDER | F54: External | G54: ESTEE LAUDER (PACK) | I54: E | J54: =+K54+L54 -> 49.941 | K54: =SUM(N54:Y54) -> 49.941 | L54: =SUM(AA54:AL54) -> 0 | P54: 49.941
E55: L'OREAL/Prada | F55: External | G55: L'OREAL(PACK) | I55: E | J55: =+K55+L55 -> 12.052 | K55: =SUM(N55:Y55) -> 12.052 | L55: =SUM(AA55:AL55) -> 0 | P55: 12.052
E56: MUGLER | F56: External | G56: MUGLER | I56: G | J56: =+K56+L56 -> 17 | K56: =SUM(N56:Y56) -> 17 | L56: =SUM(AA56:AL56) -> 0 | P56: 17
E57: RITUALS | F57: External | G57: RITUALS | I57: E | J57: =+K57+L57 -> 22.633 | K57: =SUM(N57:Y57) -> 22.633 | L57: =SUM(AA57:AL57) -> 0 | Q57: 22.633
J58: =+K58+L58 -> 0 | K58: =SUM(N58:Y58) -> 0 | L58: =SUM(AA58:AL58) -> 0
J59: =+K59+L59 -> 0 | K59: =SUM(N59:Y59) -> 0 | L59: =SUM(AA59:AL59) -> 0
J60: =+K60+L60 -> 0 | K60: =SUM(N60:Y60) -> 0 | L60: =SUM(AA60:AL60) -> 0
J61: =+K61+L61 -> 0 | K61: =SUM(N61:Y61) -> 0 | L61: =SUM(AA61:AL61) -> 0
J62: =+K62+L62 -> 0 | K62: =SUM(N62:Y62) -> 0 | L62: =SUM(AA62:AL62) -> 0
J63: =+K63+L63 -> 0 | K63: =SUM(N63:Y63) -> 0 | L63: =SUM(AA63:AL63) -> 0
J64: =+K64+L64 -> 0 | K64: =SUM(N64:Y64) -> 0 | L64: =SUM(AA64:AL64) -> 0
J65: =+K65+L65 -> 0 | K65: =SUM(N65:Y65) -> 0 | L65: =SUM(AA65:AL65) -> 0
J66: =+K66+L66 -> 0 | K66: =SUM(N66:Y66) -> 0 | L66: =SUM(AA66:AL66) -> 0
J67: =+K67+L67 -> 0 | K67: =SUM(N67:Y67) -> 0 | L67: =SUM(AA67:AL67) -> 0
J68: =+K68+L68 -> 0 | K68: =SUM(N68:Y68) -> 0 | L68: =SUM(AA68:AL68) -> 0
J69: =+K69+L69 -> 0 | K69: =SUM(N69:Y69) -> 0 | L69: =SUM(AA69:AL69) -> 0
... J251: =+K251+L251 -> 0 | K251: =SUM(N251:Y251) -> 0 | L251: =SUM(AA251:AL251) -> 0

Sheet W11
E2: ENTITY NAME : | G2: =+parameters!D2 -> DE HONG KONG | I2: ORDER BOOK SYNTHESIS in K€
E4: WEEK : | G4: W11 | I4: Cells to be filled in
E6: MONTH : | G6: =+VLOOKUP(G4, parameters!G:H, 2, 0) -> March
E8: TURNOVER | F8: =parameters!D4 -> k€ | H8: YTD Turnover | J8: =+G6&" Turnover" -> March Turnover | L8: Last estim. for the month: | O8: Forecast 2026
H9: =+"from January 1 until end of "&G4 -> from January 1 until end of W11 | J9: =+"from "&G6&" 1 until end of "&G4 -> from March 1 until end of W11 | L9: =+G6 -> March | O9: =+G4 -> W11 | P9: =+VLOOKUP(G4, parameters!$G$9:$I$61,3,0) -> W10 | Q9: Var
E10: EXTERNAL SALES INVOICED (=outside group) | H10: =0+65.798+187.646+1646.019+2738.581+197.926+1008.221+J10 -> 6210.774 | J10: =129.743+236.84 -> 366.583 | L10: =J10+P17 -> 2011.784 | O10: =+H10+K17 -> 10058.845 | P10: {=INDIRECT(ADDRESS(10,15,,,VLOOKUP($G$4,parameters!$G:$I,3,0)))} -> 9769.172 | Q10: =O10-P10 -> 289.673
E11: GROUP SALES INVOICED | H11: =0+68.362+73.603+302.502+1813.594+46.497+224.908+J11 -> 2722.587 | J11: =0.185+192.936 -> 193.121 | L11: =J11+P18 -> 625.908 | O11: =+H11+K18 -> 5621.655 | P11: {=INDIRECT(ADDRESS(11,15,,,VLOOKUP($G$4,parameters!$G:$I,3,0)))} -> 5465.813 | Q11: =O11-P11 -> 155.842 | S11: Definition orders : you consider the orders which are sure even if the order customers paper order is not yet received
E12: TOTAL | H12: =SUM(H10:H11) -> 8933.361 | J12: =SUM(J10:J11) -> 559.704 | L12: =SUM(L10:L11) -> 2637.692 | O12: =SUM(O10:O11) -> 15680.5 | P12: =SUM(P10:P11) -> 15234.985 | Q12: =O12-P12 -> 445.515 | S12: The quantity, value, and delivery date can be changed before final delivery
E16: ORDERBOOK | F16: =+F8 -> k€ | J16: TOTAL ORDERBOOK | K16: Total amount 2026 | L16: Total amount 2027 | N16: 46023 | O16: 46054 | P16: 46082 | Q16: 46113 | R16: 46143 | S16: 46174 | T16: 46204 | U16: 46235 | V16: 46266 | W16: 46296 | X16: 46327 | Y16: 46357 | AA16: 46388 | AB16: 46419 | AC16: 46447 | AD16: 46478 | AE16: 46508 | AF16: 46539 | AG16: 46569 | AH16: 46600 | AI16: 46631 | AJ16: 46661 | AK16: 46692 | AL16: 46722
E17: External | J17: =+SUMIF($F$24:$F$253,"External",$J$24:$J$253) -> 3848.071 | K17: =+SUMIF($F$24:$F$253,"External",$K$24:$K$253) -> 3848.071 | L17: =+SUMIF($F$24:$F$253,"External",$L$24:$L$253) -> 0 | N17: =+SUMIF($F$24:$F$253,"External",N$24:N$253) -> 0 | O17: =+SUMIF($F$24:$F$253,"External",O$24:O$253) -> 0 | P17: =+SUMIF($F$24:$F$253,"External",P$24:P$253) -> 1645.201 | Q17: =+SUMIF($F$24:$F$253,"External",Q$24:Q$253) -> 1393.233 | R17: =+SUMIF($F$24:$F$253,"External",R$24:R$253) -> 462.81 | S17: =+SUMIF($F$24:$F$253,"External",S$24:S$253) -> 233.939 | T17: =+SUMIF($F$24:$F$253,"External",T$24:T$253) -> 35.76 | U17: =+SUMIF($F$24:$F$253,"External",U$24:U$253) -> 77.128 | ... Y17: =+SUMIF($F$24:$F$253,"External",Y$24:Y$253) -> 0 | AA17: =+SUMIF($F$24:$F$253,"External",AA$24:AA$253) -> 0 | AB17: =+SUMIF($F$24:$F$253,"External",AB$24:AB$253) -> 0 | AC17: =+SUMIF($F$24:$F$253,"External",AC$24:AC$253) -> 0 | AD17: =+SUMIF($F$24:$F$253,"External",AD$24:AD$253) -> 0 | AE17: =+SUMIF($F$24:$F$253,"External",AE$24:AE$253) -> 0 | AF17: =+SUMIF($F$24:$F$253,"External",AF$24:AF$253) -> 0 | AG17: =+SUMIF($F$24:$F$253,"External",AG$24:AG$253) -> 0 | AH17: =+SUMIF($F$24:$F$253,"External",AH$24:AH$253) -> 0 | ... AL17: =+SUMIF($F$24:$F$253,"External",AL$24:AL$253) -> 0
E18: Group | J18: =+SUMIF($F$24:$F$253,"Group",$J$24:$J$253) -> 2899.068 | K18: =+SUMIF($F$24:$F$253,"Group",$K$24:$K$253) -> 2899.068 | L18: =SUMIF($F$24:$F$253,"Group",$L$24:$L$253) -> 0 | N18: =+SUMIF($F$24:$F$253,"Group",N$24:N$253) -> 0 | O18: =+SUMIF($F$24:$F$253,"Group",O$24:O$253) -> 0 | P18: =+SUMIF($F$24:$F$253,"Group",P$24:P$253) -> 432.787 | Q18: =+SUMIF($F$24:$F$253,"Group",Q$24:Q$253) -> 373.737 | R18: =+SUMIF($F$24:$F$253,"Group",R$24:R$253) -> 782.038 | S18: =+SUMIF($F$24:$F$253,"Group",S$24:S$253) -> 96.881 | T18: =+SUMIF($F$24:$F$253,"Group",T$24:T$253) -> 868 | U18: =+SUMIF($F$24:$F$253,"Group",U$24:U$253) -> 345.625 | ... Y18: =+SUMIF($F$24:$F$253,"Group",Y$24:Y$253) -> 0 | AA18: =+SUMIF($F$24:$F$253,"Group",AA$24:AA$253) -> 0 | AB18: =+SUMIF($F$24:$F$253,"Group",AB$24:AB$253) -> 0 | AC18: =+SUMIF($F$24:$F$253,"Group",AC$24:AC$253) -> 0 | AD18: =+SUMIF($F$24:$F$253,"Group",AD$24:AD$253) -> 0 | AE18: =+SUMIF($F$24:$F$253,"Group",AE$24:AE$253) -> 0 | AF18: =+SUMIF($F$24:$F$253,"Group",AF$24:AF$253) -> 0 | AG18: =+SUMIF($F$24:$F$253,"Group",AG$24:AG$253) -> 0 | AH18: =+SUMIF($F$24:$F$253,"Group",AH$24:AH$253) -> 0 | ... AL18: =+SUMIF($F$24:$F$253,"Group",AL$24:AL$253) -> 0
E19: TOTAL | J19: =SUM(J17:J18) -> 6747.139 | K19: =SUM(K17:K18) -> 6747.139 | L19: =SUM(L17:L18) -> 0 | N19: =SUM(N17:N18) -> 0 | O19: =SUM(O17:O18) -> 0 | P19: =SUM(P17:P18) -> 2077.988 | Q19: =SUM(Q17:Q18) -> 1766.97 | R19: =SUM(R17:R18) -> 1244.848 | S19: =SUM(S17:S18) -> 330.82 | T19: =SUM(T17:T18) -> 903.76 | U19: =SUM(U17:U18) -> 422.753 | ... Y19: =SUM(Y17:Y18) -> 0 | AA19: =SUM(AA17:AA18) -> 0 | AB19: =SUM(AB17:AB18) -> 0 | AC19: =SUM(AC17:AC18) -> 0 | AD19: =SUM(AD17:AD18) -> 0 | AE19: =SUM(AE17:AE18) -> 0 | AF19: =SUM(AF17:AF18) -> 0 | AG19: =SUM(AG17:AG18) -> 0 | AH19: =SUM(AH17:AH18) -> 0 | ... AL19: =SUM(AL17:AL18) -> 0
I21: check | J21: =IF(SUM(J24:J253)=J19, "OK", "Please correct: the sum of orders below is not equal to the total calculated above. Make sure to pick External or Group for each order and don't change the formulas in columns K and L") -> OK | N21: 2026 | AA21: 2027
E23: Order (Tooling including) to be delivered | F23: External or Group | G23: Customers orders | H23: Quantity | I23: DGC | J23: TOTAL ORDERBOOK | K23: Total amount 2026 | L23: Total amount 2026 | N23: 46023 | O23: 46054 | P23: 46082 | Q23: 46113 | R23: 46143 | S23: 46174 | T23: 46204 | U23: 46235 | V23: 46266 | W23: 46296 | X23: 46327 | Y23: 46357 | AA23: 46388 | AB23: 46419 | AC23: 46447 | AD23: 46478 | AE23: 46508 | AF23: 46539 | AG23: 46569 | AH23: 46600 | AI23: 46631 | AJ23: 46661 | AK23: 46692 | AL23: 46722
D24: X | E24: D3 | F24: Group | G24: D3 | I24: G | J24: =+K24+L24 -> 1759.552 | K24: =SUM(N24:Y24) -> 1759.552 | L24: =SUM(AA24:AL24) -> 0 | P24: =32.014-26+39 -> 45.014 | Q24: =26-24 -> 2 | R24: 699.538 | S24: 14 | T24: 868 | U24: =160-39+24-14 -> 131
E25: Diam France | F25: Group | G25: Diam France | I25: G | J25: =+K25+L25 -> 41.2 | K25: =SUM(N25:Y25) -> 41.2 | L25: =SUM(AA25:AL25) -> 0 | P25: =38.2-29 -> 9.2 | Q25: =29+3 -> 32
E26: DIAM Turkey | F26: Group | G26: DIAM Turkey | I26: G | J26: =+K26+L26 -> 91.255 | K26: =SUM(N26:Y26) -> 91.255 | L26: =SUM(AA26:AL26) -> 0 | P26: =4+14 -> 18 | Q26: =21-14-2 -> 5 | U26: 68.255
E27: DIAM Lurcy | F27: Group | G27: DIAM Lurcy | I27: G | J27: =+K27+L27 -> 87.508 | K27: =SUM(N27:Y27) -> 87.508 | L27: =SUM(AA27:AL27) -> 0 | P27: 87.508
E28: Diam UK | F28: Group | G28: Diam UK | I28: G | J28: =+K28+L28 -> 130.989 | K28: =SUM(N28:Y28) -> 130.989 | L28: =SUM(AA28:AL28) -> 0 | P28: =95.758-54.139 -> 41.619 | U28: 89.37
E29: Prugent Portugal | F29: Group | G29: Prugent Portugal | I29: G | J29: =+K29+L29 -> 7.5 | K29: =SUM(N29:Y29) -> 7.5 | L29: =SUM(AA29:AL29) -> 0 | R29: =3.5+4 -> 7.5
E30: DIAM PRESTIGE EUROPE | F30: Group | G30: DIAM PRESTIGE EUROPE | I30: G | J30: =+K30+L30 -> 357.109 | K30: =SUM(N30:Y30) -> 357.109 | L30: =SUM(AA30:AL30) -> 0 | P30: =6.529-1.236 -> 5.293 | Q30: 233.935 | R30: 35 | S30: =57.881+25 -> 82.881
E31: PRUGENT DIAM EUROPE | F31: Group | G31: PRUGENT DIAM EUROPE | I31: G | J31: =+K31+L31 -> 22.134 | K31: =SUM(N31:Y31) -> 22.134 | L31: =SUM(AA31:AL31) -> 0 | P31: =3.134+19 -> 22.134
E32: Diam Japan | F32: Group | G32: Diam Japan(Naya team) | I32: G | J32: =+K32+L32 -> 225.259 | K32: =SUM(N32:Y32) -> 225.259 | L32: =SUM(AA32:AL32) -> 0 | P32: =260.846-95.909-5.678 -> 159.259 | Q32: =42+24 -> 66
E33: Diam Japan | F33: Group | G33: Diam Japan(PACK) | I33: G | J33: =+K33+L33 -> 106.802 | K33: =SUM(N33:Y33) -> 106.802 | L33: =SUM(AA33:AL33) -> 0 | P33: 2 | Q33: 29.802 | R33: 30 | U33: 45
E34: DDA | F34: Group | G34: DDA(PACK) | I34: G | J34: =+K34+L34 -> 7.974 | K34: =SUM(N34:Y34) -> 7.974 | L34: =SUM(AA34:AL34) -> 0 | P34: 7.974
E35: D3 | F35: Group | G35: D3(PACK) | I35: G | J35: =+K35+L35 -> 42.486 | K35: =SUM(N35:Y35) -> 42.486 | L35: =SUM(AA35:AL35) -> 0 | P35: 15.486 | Q35: 5 | R35: 10 | U35: 12
E36: Diam Italy | F36: Group | G36: Diam Italy | I36: G | J36: =+K36+L36 -> 19.3 | K36: =SUM(N36:Y36) -> 19.3 | L36: =SUM(AA36:AL36) -> 0 | P36: 19.3
E37: Chanel | F37: External | G37: Chanel(FR team) | I37: G | J37: =+K37+L37 -> 182.516 | K37: =SUM(N37:Y37) -> 182.516 | L37: =SUM(AA37:AL37) -> 0 | P37: =324.96-216.07 -> 108.89 | S37: 73.626
E38: Lancome/BIOTHERM/ARMANI | F38: External | G38: Loreal(FR team) | I38: G | J38: =+K38+L38 -> 225.664 | K38: =SUM(N38:Y38) -> 225.664 | L38: =SUM(AA38:AL38) -> 0 | P38: =171.046-10.382+65 -> 225.664
E39: LOUIS VUITTON | F39: External | G39: LOUIS VUITTON(FR team) | I39: G | J39: =+K39+L39 -> 36.892 | K39: =SUM(N39:Y39) -> 36.892 | L39: =SUM(AA39:AL39) -> 0 | P39: 36.892
E40: NARS/Shiseido | F40: External | G40: Shiseido(D3 team) | I40: G | J40: =+K40+L40 -> 241.127 | K40: =SUM(N40:Y40) -> 241.127 | L40: =SUM(AA40:AL40) -> 0 | P40: =49.345-3.218 -> 46.127 | Q40: =8+2 -> 10 | S40: 150 | U40: =37-2 -> 35
E41: Hourglass | F41: External | G41: Hourglass(D3 team) | I41: G | J41: =+K41+L41 -> 129.748 | K41: =SUM(N41:Y41) -> 129.748 | L41: =SUM(AA41:AL41) -> 0 | P41: =127.415-0.667 -> 126.748 | Q41: 2 | T41: 1
E42: Luxottica | F42: External | G42: Luxottica(D3 team) | I42: G | J42: =+K42+L42 -> 119.718 | K42: =SUM(N42:Y42) -> 119.718 | L42: =SUM(AA42:AL42) -> 0 | R42: 119.718
E43: LUNE & ASTER | F43: External | G43: LUNE & ASTER(D3 team) | I43: G | J43: =+K43+L43 -> 7.734 | K43: =SUM(N43:Y43) -> 7.734 | L43: =SUM(AA43:AL43) -> 0 | R43: 7.734
E44: LM/Bibbi Brown /MAC/Estee Lauder | F44: External | G44: ESTEE LAUDER(RDDC) | I44: E | J44: =+K44+L44 -> 746.655 | K44: =SUM(N44:Y44) -> 746.655 | L44: =SUM(AA44:AL44) -> 0 | P44: =288.95-0.519-20-5 -> 263.431 | Q44: =179+20-5 -> 194 | R44: =187.358+5+51 -> 243.358 | T44: 13 | U44: =78.866-51+5 -> 32.866
E45: SEPHORA | F45: External | G45: Sephora | I45: E | J45: =+K45+L45 -> 379.66 | K45: =SUM(N45:Y45) -> 379.66 | L45: =SUM(AA45:AL45) -> 0 | P45: 41.66 | Q45: =144+109 -> 253 | R45: 85
E46: MARIO | F46: External | G46: MARIO | I46: E | J46: =+K46+L46 -> 104.962 | K46: =SUM(N46:Y46) -> 104.962 | L46: =SUM(AA46:AL46) -> 0 | Q46: 104.962
E47: Burberry/GUCCI | F47: External | G47: COTY | I47: E | J47: =+K47+L47 -> 48.715 | K47: =SUM(N47:Y47) -> 48.715 | L47: =SUM(AA47:AL47) -> 0 | P47: =12.402+19 -> 31.402 | Q47: =23-19+3 -> 7 | S47: 10.313
E48: Tarte | F48: External | G48: Tarte | I48: E | J48: =+K48+L48 -> 293.338 | K48: =SUM(N48:Y48) -> 293.338 | L48: =SUM(AA48:AL48) -> 0 | P48: =233.578+31 -> 264.578 | R48: 7 | T48: =52.76-31 -> 21.76
E49: KVD/FENTY | F49: External | G49: KENDO | I49: E | J49: =+K49+L49 -> 787.677 | K49: =SUM(N49:Y49) -> 787.677 | L49: =SUM(AA49:AL49) -> 0 | P49: 62.039 | Q49: 725.638
E50: OLE HENRIKSEN | F50: External | G50: OLE HENRIKSEN | I50: E | J50: =+K50+L50 -> 1.082 | K50: =SUM(N50:Y50) -> 1.082 | L50: =SUM(AA50:AL50) -> 0 | P50: 1.082
E51: Benefit/Fresh | F51: External | G51: LVMH | I51: E | J51: =+K51+L51 -> 42.088 | K51: =SUM(N51:Y51) -> 42.088 | L51: =SUM(AA51:AL51) -> 0 | P51: =28.072-5.984+6+4 -> 32.088 | Q51: 10
E52: Laura Mercier/Bareminerals | F52: External | G52: Laura Mercier/BAREMINERALS | I52: E | J52: =+K52+L52 -> 116.175 | K52: =SUM(N52:Y52) -> 116.175 | L52: =SUM(AA52:AL52) -> 0 | P52: 45.041 | Q52: 64 | U52: 7.134
E53: Shiseido | F53: External | G53: Shiseido(P) | I53: E | J53: =+K53+L53 -> 2.128 | K53: =SUM(N53:Y53) -> 2.128 | L53: =SUM(AA53:AL53) -> 0 | U53: 2.128
E54: ONE SIZE | F54: External | G54: ONE SIZE | I54: E | J54: =+K54+L54 -> 62.328 | K54: =SUM(N54:Y54) -> 62.328 | L54: =SUM(AA54:AL54) -> 0 | P54: 62.328
E55: Huda Beauty | F55: External | G55: Huda Beauty | I55: E | J55: =+K55+L55 -> 208.238 | K55: =SUM(N55:Y55) -> 208.238 | L55: =SUM(AA55:AL55) -> 0 | P55: 208.238
E56: MUGLER | F56: External | G56: MUGLER | I56: G | J56: =+K56+L56 -> 17 | K56: =SUM(N56:Y56) -> 17 | L56: =SUM(AA56:AL56) -> 0 | P56: 17
E57: RITUALS | F57: External | G57: RITUALS | I57: E | J57: =+K57+L57 -> 22.633 | K57: =SUM(N57:Y57) -> 22.633 | L57: =SUM(AA57:AL57) -> 0 | Q57: 22.633
E58: ESTEE LAUDER | F58: External | G58: ESTEE LAUDER (PACK) | I58: E | J58: =+K58+L58 -> 49.941 | K58: =SUM(N58:Y58) -> 49.941 | L58: =SUM(AA58:AL58) -> 0 | P58: 49.941
E59: L'OREAL/Prada | F59: External | G59: L'OREAL(PACK) | I59: E | J59: =+K59+L59 -> 12.052 | K59: =SUM(N59:Y59) -> 12.052 | L59: =SUM(AA59:AL59) -> 0 | P59: 12.052
E60: TCT(PACK) | F60: External | G60: TCT(PACK) | I60: E | J60: =+K60+L60 -> 3 | K60: =SUM(N60:Y60) -> 3 | L60: =SUM(AA60:AL60) -> 0 | P60: 3
E61: Electrowatt(PACK) | F61: External | G61: Electrowatt(PACK) | I61: E | J61: =+K61+L61 -> 7 | K61: =SUM(N61:Y61) -> 7 | L61: =SUM(AA61:AL61) -> 0 | P61: 7
J62: =+K62+L62 -> 0 | K62: =SUM(N62:Y62) -> 0 | L62: =SUM(AA62:AL62) -> 0
J63: =+K63+L63 -> 0 | K63: =SUM(N63:Y63) -> 0 | L63: =SUM(AA63:AL63) -> 0
J64: =+K64+L64 -> 0 | K64: =SUM(N64:Y64) -> 0 | L64: =SUM(AA64:AL64) -> 0
J65: =+K65+L65 -> 0 | K65: =SUM(N65:Y65) -> 0 | L65: =SUM(AA65:AL65) -> 0
J66: =+K66+L66 -> 0 | K66: =SUM(N66:Y66) -> 0 | L66: =SUM(AA66:AL66) -> 0
J67: =+K67+L67 -> 0 | K67: =SUM(N67:Y67) -> 0 | L67: =SUM(AA67:AL67) -> 0
J68: =+K68+L68 -> 0 | K68: =SUM(N68:Y68) -> 0 | L68: =SUM(AA68:AL68) -> 0
J69: =+K69+L69 -> 0 | K69: =SUM(N69:Y69) -> 0 | L69: =SUM(AA69:AL69) -> 0
J70: =+K70+L70 -> 0 | K70: =SUM(N70:Y70) -> 0 | L70: =SUM(AA70:AL70) -> 0
J71: =+K71+L71 -> 0 | K71: =SUM(N71:Y71) -> 0 | L71: =SUM(AA71:AL71) -> 0
J72: =+K72+L72 -> 0 | K72: =SUM(N72:Y72) -> 0 | L72: =SUM(AA72:AL72) -> 0
J73: =+K73+L73 -> 0 | K73: =SUM(N73:Y73) -> 0 | L73: =SUM(AA73:AL73) -> 0
... J254: =+K254+L254 -> 0 | K254: =SUM(N254:Y254) -> 0 | L254: =SUM(AA254:AL254) -> 0

Sheet W12
E2: ENTITY NAME : | G2: =+parameters!D2 -> DE HONG KONG | I2: ORDER BOOK SYNTHESIS in K€
E4: WEEK : | G4: W12 | I4: Cells to be filled in
E6: MONTH : | G6: =+VLOOKUP(G4, parameters!G:H, 2, 0) -> March
E8: TURNOVER | F8: =parameters!D4 -> k€ | H8: YTD Turnover | J8: =+G6&" Turnover" -> March Turnover | L8: Last estim. for the month: | O8: Forecast 2026
H9: =+"from January 1 until end of "&G4 -> from January 1 until end of W12 | J9: =+"from "&G6&" 1 until end of "&G4 -> from March 1 until end of W12 | L9: =+G6 -> March | O9: =+G4 -> W12 | P9: =+VLOOKUP(G4, parameters!$G$9:$I$61,3,0) -> W11 | Q9: Var
E10: EXTERNAL SALES INVOICED (=outside group) | H10: =0+65.798+187.646+1646.019+2738.581+197.926+1008.221+J10 -> 6421.296 | J10: =129.743+236.84+210.522 -> 577.105 | L10: =J10+P17 -> 1967.143 | O10: =+H10+K17 -> 10080.245 | P10: {=INDIRECT(ADDRESS(10,15,,,VLOOKUP($G$4,parameters!$G:$I,3,0)))} -> 10058.845 | Q10: =O10-P10 -> 21.4
E11: GROUP SALES INVOICED | H11: =0+68.362+73.603+302.502+1813.594+46.497+224.908+J11 -> 2729.012 | J11: =0.185+192.936+6.425 -> 199.546 | L11: =J11+P18 -> 603.774 | O11: =+H11+K18 -> 5636.713 | P11: {=INDIRECT(ADDRESS(11,15,,,VLOOKUP($G$4,parameters!$G:$I,3,0)))} -> 5621.655 | Q11: =O11-P11 -> 15.058 | S11: Definition orders : you consider the orders which are sure even if the order customers paper order is not yet received
E12: TOTAL | H12: =SUM(H10:H11) -> 9150.308 | J12: =SUM(J10:J11) -> 776.651 | L12: =SUM(L10:L11) -> 2570.917 | O12: =SUM(O10:O11) -> 15716.958 | P12: =SUM(P10:P11) -> 15680.5 | Q12: =O12-P12 -> 36.458 | S12: The quantity, value, and delivery date can be changed before final delivery
E16: ORDERBOOK | F16: =+F8 -> k€ | J16: TOTAL ORDERBOOK | K16: Total amount 2026 | L16: Total amount 2027 | N16: 46023 | O16: 46054 | P16: 46082 | Q16: 46113 | R16: 46143 | S16: 46174 | T16: 46204 | U16: 46235 | V16: 46266 | W16: 46296 | X16: 46327 | Y16: 46357 | AA16: 46388 | AB16: 46419 | AC16: 46447 | AD16: 46478 | AE16: 46508 | AF16: 46539 | AG16: 46569 | AH16: 46600 | AI16: 46631 | AJ16: 46661 | AK16: 46692 | AL16: 46722
E17: External | J17: =+SUMIF($F$24:$F$252,"External",$J$24:$J$252) -> 3658.949 | K17: =+SUMIF($F$24:$F$252,"External",$K$24:$K$252) -> 3658.949 | L17: =+SUMIF($F$24:$F$252,"External",$L$24:$L$252) -> 0 | N17: =+SUMIF($F$24:$F$252,"External",N$24:N$252) -> 0 | O17: =+SUMIF($F$24:$F$252,"External",O$24:O$252) -> 0 | P17: =+SUMIF($F$24:$F$252,"External",P$24:P$252) -> 1390.038 | Q17: =+SUMIF($F$24:$F$252,"External",Q$24:Q$252) -> 1489.274 | R17: =+SUMIF($F$24:$F$252,"External",R$24:R$252) -> 411.81 | S17: =+SUMIF($F$24:$F$252,"External",S$24:S$252) -> 275.805 | T17: =+SUMIF($F$24:$F$252,"External",T$24:T$252) -> 47.76 | U17: =+SUMIF($F$24:$F$252,"External",U$24:U$252) -> 44.262 | ... Y17: =+SUMIF($F$24:$F$252,"External",Y$24:Y$252) -> 0 | AA17: =+SUMIF($F$24:$F$252,"External",AA$24:AA$252) -> 0 | AB17: =+SUMIF($F$24:$F$252,"External",AB$24:AB$252) -> 0 | AC17: =+SUMIF($F$24:$F$252,"External",AC$24:AC$252) -> 0 | AD17: =+SUMIF($F$24:$F$252,"External",AD$24:AD$252) -> 0 | AE17: =+SUMIF($F$24:$F$252,"External",AE$24:AE$252) -> 0 | AF17: =+SUMIF($F$24:$F$252,"External",AF$24:AF$252) -> 0 | AG17: =+SUMIF($F$24:$F$252,"External",AG$24:AG$252) -> 0 | AH17: =+SUMIF($F$24:$F$252,"External",AH$24:AH$252) -> 0 | ... AL17: =+SUMIF($F$24:$F$252,"External",AL$24:AL$252) -> 0
E18: Group | J18: =+SUMIF($F$24:$F$252,"Group",$J$24:$J$252) -> 2907.701 | K18: =+SUMIF($F$24:$F$252,"Group",$K$24:$K$252) -> 2907.701 | L18: =SUMIF($F$24:$F$252,"Group",$L$24:$L$252) -> 0 | N18: =+SUMIF($F$24:$F$252,"Group",N$24:N$252) -> 0 | O18: =+SUMIF($F$24:$F$252,"Group",O$24:O$252) -> 0 | P18: =+SUMIF($F$24:$F$252,"Group",P$24:P$252) -> 404.228 | Q18: =+SUMIF($F$24:$F$252,"Group",Q$24:Q$252) -> 247.653 | R18: =+SUMIF($F$24:$F$252,"Group",R$24:R$252) -> 472.379 | S18: =+SUMIF($F$24:$F$252,"Group",S$24:S$252) -> 14 | T18: =+SUMIF($F$24:$F$252,"Group",T$24:T$252) -> 1186 | U18: =+SUMIF($F$24:$F$252,"Group",U$24:U$252) -> 583.441 | ... Y18: =+SUMIF($F$24:$F$252,"Group",Y$24:Y$252) -> 0 | AA18: =+SUMIF($F$24:$F$252,"Group",AA$24:AA$252) -> 0 | AB18: =+SUMIF($F$24:$F$252,"Group",AB$24:AB$252) -> 0 | AC18: =+SUMIF($F$24:$F$252,"Group",AC$24:AC$252) -> 0 | AD18: =+SUMIF($F$24:$F$252,"Group",AD$24:AD$252) -> 0 | AE18: =+SUMIF($F$24:$F$252,"Group",AE$24:AE$252) -> 0 | AF18: =+SUMIF($F$24:$F$252,"Group",AF$24:AF$252) -> 0 | AG18: =+SUMIF($F$24:$F$252,"Group",AG$24:AG$252) -> 0 | AH18: =+SUMIF($F$24:$F$252,"Group",AH$24:AH$252) -> 0 | ... AL18: =+SUMIF($F$24:$F$252,"Group",AL$24:AL$252) -> 0
E19: TOTAL | J19: =SUM(J17:J18) -> 6566.65 | K19: =SUM(K17:K18) -> 6566.65 | L19: =SUM(L17:L18) -> 0 | N19: =SUM(N17:N18) -> 0 | O19: =SUM(O17:O18) -> 0 | P19: =SUM(P17:P18) -> 1794.266 | Q19: =SUM(Q17:Q18) -> 1736.927 | R19: =SUM(R17:R18) -> 884.189 | S19: =SUM(S17:S18) -> 289.805 | T19: =SUM(T17:T18) -> 1233.76 | U19: =SUM(U17:U18) -> 627.703 | ... Y19: =SUM(Y17:Y18) -> 0 | AA19: =SUM(AA17:AA18) -> 0 | AB19: =SUM(AB17:AB18) -> 0 | AC19: =SUM(AC17:AC18) -> 0 | AD19: =SUM(AD17:AD18) -> 0 | AE19: =SUM(AE17:AE18) -> 0 | AF19: =SUM(AF17:AF18) -> 0 | AG19: =SUM(AG17:AG18) -> 0 | AH19: =SUM(AH17:AH18) -> 0 | ... AL19: =SUM(AL17:AL18) -> 0
I21: check | J21: =IF(SUM(J24:J252)=J19, "OK", "Please correct: the sum of orders below is not equal to the total calculated above. Make sure to pick External or Group for each order and don't change the formulas in columns K and L") -> OK | N21: 2026 | AA21: 2027
E23: Order (Tooling including) to be delivered | F23: External or Group | G23: Customers orders | H23: Quantity | I23: DGC | J23: TOTAL ORDERBOOK | K23: Total amount 2026 | L23: Total amount 2026 | N23: 46023 | O23: 46054 | P23: 46082 | Q23: 46113 | R23: 46143 | S23: 46174 | T23: 46204 | U23: 46235 | V23: 46266 | W23: 46296 | X23: 46327 | Y23: 46357 | AA23: 46388 | AB23: 46419 | AC23: 46447 | AD23: 46478 | AE23: 46508 | AF23: 46539 | AG23: 46569 | AH23: 46600 | AI23: 46631 | AJ23: 46661 | AK23: 46692 | AL23: 46722
D24: X | E24: D3 | F24: Group | G24: D3 | I24: G | J24: =+K24+L24 -> 1753.127 | K24: =SUM(N24:Y24) -> 1753.127 | L24: =SUM(AA24:AL24) -> 0 | P24: =45.014-6.425-7 -> 31.589 | Q24: =2+7+23 -> 32 | R24: =699.538-318 -> 381.538 | S24: =14+318-318 -> 14 | T24: =868+318 -> 1186 | U24: =131-23 -> 108
E25: Diam France | F25: Group | G25: Diam France | I25: G | J25: =+K25+L25 -> 41.4 | K25: =SUM(N25:Y25) -> 41.4 | L25: =SUM(AA25:AL25) -> 0 | P25: 9.2 | Q25: =32+0.2 -> 32.2
E26: DIAM Turkey | F26: Group | G26: DIAM Turkey | I26: G | J26: =+K26+L26 -> 91.255 | K26: =SUM(N26:Y26) -> 91.255 | L26: =SUM(AA26:AL26) -> 0 | P26: =18+2 -> 20 | Q26: =5-2+41 -> 44 | U26: =68.255-41 -> 27.255
E27: DIAM Lurcy | F27: Group | G27: DIAM Lurcy | I27: G | J27: =+K27+L27 -> 87.508 | K27: =SUM(N27:Y27) -> 87.508 | L27: =SUM(AA27:AL27) -> 0 | P27: 87.508
E28: Diam UK | F28: Group | G28: Diam UK | I28: G | J28: =+K28+L28 -> 130.989 | K28: =SUM(N28:Y28) -> 130.989 | L28: =SUM(AA28:AL28) -> 0 | P28: 41.619 | U28: 89.37
E29: Prugent Portugal | F29: Group | G29: Prugent Portugal | I29: G | J29: =+K29+L29 -> 7.5 | K29: =SUM(N29:Y29) -> 7.5 | L29: =SUM(AA29:AL29) -> 0 | R29: 7.5
E30: DIAM PRESTIGE EUROPE | F30: Group | G30: DIAM PRESTIGE EUROPE | I30: G | J30: =+K30+L30 -> 357.109 | K30: =SUM(N30:Y30) -> 357.109 | L30: =SUM(AA30:AL30) -> 0 | P30: =5.293+2 -> 7.293 | Q30: =1+12 -> 13 | R30: 35 | U30: =233.935+82.881-2-1-12 -> 301.816
E31: PRUGENT DIAM EUROPE | F31: Group | G31: PRUGENT DIAM EUROPE | I31: G | J31: =+K31+L31 -> 22.134 | K31: =SUM(N31:Y31) -> 22.134 | L31: =SUM(AA31:AL31) -> 0 | P31: 3 | Q31: =22.134-3 -> 19.134
E32: Diam Thailand | F32: Group | G32: Diam Thailand | I32: G | J32: =+K32+L32 -> 6.517 | K32: =SUM(N32:Y32) -> 6.517 | L32: =SUM(AA32:AL32) -> 0 | Q32: 6.517
E33: Diam Japan | F33: Group | G33: Diam Japan(Naya team) | I33: G | J33: =+K33+L33 -> 233.6 | K33: =SUM(N33:Y33) -> 233.6 | L33: =SUM(AA33:AL33) -> 0 | P33: 159.259 | Q33: 66 | R33: 8.341
E34: Diam Japan | F34: Group | G34: Diam Japan(PACK) | I34: G | J34: =+K34+L34 -> 106.802 | K34: =SUM(N34:Y34) -> 106.802 | L34: =SUM(AA34:AL34) -> 0 | P34: 2 | Q34: 29.802 | R34: 30 | U34: 45
E35: DDA | F35: Group | G35: DDA(PACK) | I35: G | J35: =+K35+L35 -> 7.974 | K35: =SUM(N35:Y35) -> 7.974 | L35: =SUM(AA35:AL35) -> 0 | P35: 7.974
E36: D3 | F36: Group | G36: D3(PACK) | I36: G | J36: =+K36+L36 -> 42.486 | K36: =SUM(N36:Y36) -> 42.486 | L36: =SUM(AA36:AL36) -> 0 | P36: 15.486 | Q36: 5 | R36: 10 | U36: 12
E37: Diam Italy | F37: Group | G37: Diam Italy | I37: G | J37: =+K37+L37 -> 19.3 | K37: =SUM(N37:Y37) -> 19.3 | L37: =SUM(AA37:AL37) -> 0 | P37: 19.3
E38: Chanel | F38: External | G38: Chanel(FR team) | I38: G | J38: =+K38+L38 -> 85.313 | K38: =SUM(N38:Y38) -> 85.313 | L38: =SUM(AA38:AL38) -> 0 | P38: =108.89-97.203 -> 11.687 | S38: 73.626
E39: Lancome/BIOTHERM/ARMANI | F39: External | G39: Loreal(FR team) | I39: G | J39: =+K39+L39 -> 199.479 | K39: =SUM(N39:Y39) -> 199.479 | L39: =SUM(AA39:AL39) -> 0 | P39: =225.664-26.585+0.4 -> 199.479
E40: LOUIS VUITTON | F40: External | G40: LOUIS VUITTON(FR team) | I40: G | J40: =+K40+L40 -> 36.892 | K40: =SUM(N40:Y40) -> 36.892 | L40: =SUM(AA40:AL40) -> 0 | P40: 36.892
E41: MUGLER | F41: External | G41: MUGLER | I41: G | J41: =+K41+L41 -> 17 | K41: =SUM(N41:Y41) -> 17 | L41: =SUM(AA41:AL41) -> 0 | P41: 17
E42: NARS/Shiseido | F42: External | G42: Shiseido(D3 team) | I42: G | J42: =+K42+L42 -> 224.577 | K42: =SUM(N42:Y42) -> 224.577 | L42: =SUM(AA42:AL42) -> 0 | P42: =46.127-16.55 -> 29.577 | Q42: 10 | S42: 150 | U42: 35
E43: Hourglass | F43: External | G43: Hourglass(D3 team) | I43: G | J43: =+K43+L43 -> 144.057 | K43: =SUM(N43:Y43) -> 144.057 | L43: =SUM(AA43:AL43) -> 0 | P43: =126.748-1.691 -> 125.057 | Q43: =2+4 -> 6 | T43: 13
E44: Luxottica | F44: External | G44: Luxottica(D3 team) | I44: G | J44: =+K44+L44 -> 119.718 | K44: =SUM(N44:Y44) -> 119.718 | L44: =SUM(AA44:AL44) -> 0 | R44: 119.718
E45: LUNE & ASTER | F45: External | G45: LUNE & ASTER(D3 team) | I45: G | J45: =+K45+L45 -> 7.734 | K45: =SUM(N45:Y45) -> 7.734 | L45: =SUM(AA45:AL45) -> 0 | R45: 7.734
E46: LM/Bibbi Brown /MAC/Estee Lauder | F46: External | G46: ESTEE LAUDER(RDDC) | I46: E | J46: =+K46+L46 -> 751.655 | K46: =SUM(N46:Y46) -> 751.655 | L46: =SUM(AA46:AL46) -> 0 | P46: =288.95-0.519-20-5 -> 263.431 | Q46: =179+20-5+51-4 -> 241 | R46: =187.358+5+51-51 -> 192.358 | S46: =78.866-51+5+4+5 -> 41.866 | T46: 13
E47: SEPHORA | F47: External | G47: Sephora | I47: E | J47: =+K47+L47 -> 379.66 | K47: =SUM(N47:Y47) -> 379.66 | L47: =SUM(AA47:AL47) -> 0 | P47: 41.66 | Q47: 253 | R47: 85
E48: MARIO | F48: External | G48: MARIO | I48: E | J48: =+K48+L48 -> 104.962 | K48: =SUM(N48:Y48) -> 104.962 | L48: =SUM(AA48:AL48) -> 0 | Q48: 104.962
E49: Burberry/GUCCI | F49: External | G49: COTY | I49: E | J49: =+K49+L49 -> 26.012 | K49: =SUM(N49:Y49) -> 26.012 | L49: =SUM(AA49:AL49) -> 0 | P49: =31.402-22.703 -> 8.699 | Q49: 7 | S49: 10.313
E50: Tarte | F50: External | G50: Tarte | I50: E | J50: =+K50+L50 -> 293.338 | K50: =SUM(N50:Y50) -> 293.338 | L50: =SUM(AA50:AL50) -> 0 | P50: 264.578 | R50: 7 | T50: 21.76
E51: KVD/FENTY | F51: External | G51: KENDO | I51: E | J51: =+K51+L51 -> 741.887 | K51: =SUM(N51:Y51) -> 741.887 | L51: =SUM(AA51:AL51) -> 0 | P51: =62.039-45.79 -> 16.249 | Q51: 725.638
E52: OLE HENRIKSEN | F52: External | G52: OLE HENRIKSEN | I52: E | J52: =+K52+L52 -> 1.082 | K52: =SUM(N52:Y52) -> 1.082 | L52: =SUM(AA52:AL52) -> 0 | P52: 1.082
E53: Benefit/Fresh | F53: External | G53: LVMH | I53: E | J53: =+K53+L53 -> 42.088 | K53: =SUM(N53:Y53) -> 42.088 | L53: =SUM(AA53:AL53) -> 0 | P53: 32.088 | Q53: 10
E54: Laura Mercier/Bareminerals | F54: External | G54: Laura Mercier/BAREMINERALS | I54: E | J54: =+K54+L54 -> 116.175 | K54: =SUM(N54:Y54) -> 116.175 | L54: =SUM(AA54:AL54) -> 0 | Q54: =45.041+64 -> 109.041 | U54: 7.134
E55: Shiseido | F55: External | G55: Shiseido(P) | I55: E | J55: =+K55+L55 -> 2.128 | K55: =SUM(N55:Y55) -> 2.128 | L55: =SUM(AA55:AL55) -> 0 | U55: 2.128
E56: ONE SIZE | F56: External | G56: ONE SIZE | I56: E | J56: =+K56+L56 -> 62.328 | K56: =SUM(N56:Y56) -> 62.328 | L56: =SUM(AA56:AL56) -> 0 | P56: 62.328
E57: Huda Beauty | F57: External | G57: Huda Beauty | I57: E | J57: =+K57+L57 -> 208.238 | K57: =SUM(N57:Y57) -> 208.238 | L57: =SUM(AA57:AL57) -> 0 | P57: 208.238
E58: RITUALS | F58: External | G58: RITUALS | I58: E | J58: =+K58+L58 -> 22.633 | K58: =SUM(N58:Y58) -> 22.633 | L58: =SUM(AA58:AL58) -> 0 | Q58: 22.633
E59: ESTEE LAUDER | F59: External | G59: ESTEE LAUDER (PACK) | I59: E | J59: =+K59+L59 -> 49.941 | K59: =SUM(N59:Y59) -> 49.941 | L59: =SUM(AA59:AL59) -> 0 | P59: 49.941
E60: L'OREAL/Prada | F60: External | G60: L'OREAL(PACK) | I60: E | J60: =+K60+L60 -> 12.052 | K60: =SUM(N60:Y60) -> 12.052 | L60: =SUM(AA60:AL60) -> 0 | P60: 12.052
E61: TCT(PACK) | F61: External | G61: TCT(PACK) | I61: E | J61: =+K61+L61 -> 3 | K61: =SUM(N61:Y61) -> 3 | L61: =SUM(AA61:AL61) -> 0 | P61: 3
E62: Electrowatt(PACK) | F62: External | G62: Electrowatt(PACK) | I62: E | J62: =+K62+L62 -> 7 | K62: =SUM(N62:Y62) -> 7 | L62: =SUM(AA62:AL62) -> 0 | P62: 7
J63: =+K63+L63 -> 0 | K63: =SUM(N63:Y63) -> 0 | L63: =SUM(AA63:AL63) -> 0
J64: =+K64+L64 -> 0 | K64: =SUM(N64:Y64) -> 0 | L64: =SUM(AA64:AL64) -> 0
J65: =+K65+L65 -> 0 | K65: =SUM(N65:Y65) -> 0 | L65: =SUM(AA65:AL65) -> 0
J66: =+K66+L66 -> 0 | K66: =SUM(N66:Y66) -> 0 | L66: =SUM(AA66:AL66) -> 0
J67: =+K67+L67 -> 0 | K67: =SUM(N67:Y67) -> 0 | L67: =SUM(AA67:AL67) -> 0
J68: =+K68+L68 -> 0 | K68: =SUM(N68:Y68) -> 0 | L68: =SUM(AA68:AL68) -> 0
J69: =+K69+L69 -> 0 | K69: =SUM(N69:Y69) -> 0 | L69: =SUM(AA69:AL69) -> 0
J70: =+K70+L70 -> 0 | K70: =SUM(N70:Y70) -> 0 | L70: =SUM(AA70:AL70) -> 0
J71: =+K71+L71 -> 0 | K71: =SUM(N71:Y71) -> 0 | L71: =SUM(AA71:AL71) -> 0
J72: =+K72+L72 -> 0 | K72: =SUM(N72:Y72) -> 0 | L72: =SUM(AA72:AL72) -> 0
J73: =+K73+L73 -> 0 | K73: =SUM(N73:Y73) -> 0 | L73: =SUM(AA73:AL73) -> 0
J74: =+K74+L74 -> 0 | K74: =SUM(N74:Y74) -> 0 | L74: =SUM(AA74:AL74) -> 0
... J253: =+K253+L253 -> 0 | K253: =SUM(N253:Y253) -> 0 | L253: =SUM(AA253:AL253) -> 0

Sheet W13
E2: ENTITY NAME : | G2: =+parameters!D2 -> DE HONG KONG | I2: ORDER BOOK SYNTHESIS in K€
E4: WEEK : | G4: W13 | I4: Cells to be filled in
E6: MONTH : | G6: =+VLOOKUP(G4, parameters!G:H, 2, 0) -> March
E8: TURNOVER | F8: =parameters!D4 -> k€ | H8: YTD Turnover | J8: =+G6&" Turnover" -> March Turnover | L8: Last estim. for the month: | O8: Forecast 2026
H9: =+"from January 1 until end of "&G4 -> from January 1 until end of W13 | J9: =+"from "&G6&" 1 until end of "&G4 -> from March 1 until end of W13 | L9: =+G6 -> March | O9: =+G4 -> W13 | P9: =+VLOOKUP(G4, parameters!$G$9:$I$61,3,0) -> W12 | Q9: Var
E10: EXTERNAL SALES INVOICED (=outside group) | H10: =0+65.798+187.646+1646.019+2738.581+197.926+1008.221+J10 -> 6840.509 | J10: =129.743+236.84+210.522+419.213 -> 996.318 | L10: =J10+P17 -> 1766.612 | O10: =+H10+K17 -> 11412.145 | P10: {=INDIRECT(ADDRESS(10,15,,,VLOOKUP($G$4,parameters!$G:$I,3,0)))} -> 10080.245 | Q10: =O10-P10 -> 1331.9
E11: GROUP SALES INVOICED | H11: =0+68.362+73.603+302.502+1813.594+46.497+224.908+J11 -> 2835.714 | J11: =0.185+192.936+6.425+106.702 -> 306.248 | L11: =J11+P18 -> 541.856 | O11: =+H11+K18 -> 5766.713 | P11: {=INDIRECT(ADDRESS(11,15,,,VLOOKUP($G$4,parameters!$G:$I,3,0)))} -> 5636.713 | Q11: =O11-P11 -> 130 | S11: Definition orders : you consider the orders which are sure even if the order customers paper order is not yet received
E12: TOTAL | H12: =SUM(H10:H11) -> 9676.223 | J12: =SUM(J10:J11) -> 1302.566 | L12: =SUM(L10:L11) -> 2308.468 | O12: =SUM(O10:O11) -> 17178.858 | P12: =SUM(P10:P11) -> 15716.958 | Q12: =O12-P12 -> 1461.9 | S12: The quantity, value, and delivery date can be changed before final delivery
E16: ORDERBOOK | F16: =+F8 -> k€ | J16: TOTAL ORDERBOOK | K16: Total amount 2026 | L16: Total amount 2027 | N16: 46023 | O16: 46054 | P16: 46082 | Q16: 46113 | R16: 46143 | S16: 46174 | T16: 46204 | U16: 46235 | V16: 46266 | W16: 46296 | X16: 46327 | Y16: 46357 | AA16: 46388 | AB16: 46419 | AC16: 46447 | AD16: 46478 | AE16: 46508 | AF16: 46539 | AG16: 46569 | AH16: 46600 | AI16: 46631 | AJ16: 46661 | AK16: 46692 | AL16: 46722
E17: External | J17: =+SUMIF($F$24:$F$250,"External",$J$24:$J$250) -> 4571.636 | K17: =+SUMIF($F$24:$F$250,"External",$K$24:$K$250) -> 4571.636 | L17: =+SUMIF($F$24:$F$250,"External",$L$24:$L$250) -> 0 | N17: =+SUMIF($F$24:$F$250,"External",N$24:N$250) -> 0 | O17: =+SUMIF($F$24:$F$250,"External",O$24:O$250) -> 0 | P17: =+SUMIF($F$24:$F$250,"External",P$24:P$250) -> 770.294 | Q17: =+SUMIF($F$24:$F$250,"External",Q$24:Q$250) -> 1647.612 | R17: =+SUMIF($F$24:$F$250,"External",R$24:R$250) -> 677.131 | S17: =+SUMIF($F$24:$F$250,"External",S$24:S$250) -> 1125.371 | T17: =+SUMIF($F$24:$F$250,"External",T$24:T$250) -> 317.108 | U17: =+SUMIF($F$24:$F$250,"External",U$24:U$250) -> 34.12 | ... Y17: =+SUMIF($F$24:$F$250,"External",Y$24:Y$250) -> 0 | AA17: =+SUMIF($F$24:$F$250,"External",AA$24:AA$250) -> 0 | AB17: =+SUMIF($F$24:$F$250,"External",AB$24:AB$250) -> 0 | AC17: =+SUMIF($F$24:$F$250,"External",AC$24:AC$250) -> 0 | AD17: =+SUMIF($F$24:$F$250,"External",AD$24:AD$250) -> 0 | AE17: =+SUMIF($F$24:$F$250,"External",AE$24:AE$250) -> 0 | AF17: =+SUMIF($F$24:$F$250,"External",AF$24:AF$250) -> 0 | AG17: =+SUMIF($F$24:$F$250,"External",AG$24:AG$250) -> 0 | AH17: =+SUMIF($F$24:$F$250,"External",AH$24:AH$250) -> 0 | ... AL17: =+SUMIF($F$24:$F$250,"External",AL$24:AL$250) -> 0
E18: Group | J18: =+SUMIF($F$24:$F$250,"Group",$J$24:$J$250) -> 2930.999 | K18: =+SUMIF($F$24:$F$250,"Group",$K$24:$K$250) -> 2930.999 | L18: =SUMIF($F$24:$F$250,"Group",$L$24:$L$250) -> 0 | N18: =+SUMIF($F$24:$F$250,"Group",N$24:N$250) -> 0 | O18: =+SUMIF($F$24:$F$250,"Group",O$24:O$250) -> 0 | P18: =+SUMIF($F$24:$F$250,"Group",P$24:P$250) -> 235.608 | Q18: =+SUMIF($F$24:$F$250,"Group",Q$24:Q$250) -> 423.047 | R18: =+SUMIF($F$24:$F$250,"Group",R$24:R$250) -> 548.872 | S18: =+SUMIF($F$24:$F$250,"Group",S$24:S$250) -> 14 | T18: =+SUMIF($F$24:$F$250,"Group",T$24:T$250) -> 1186 | U18: =+SUMIF($F$24:$F$250,"Group",U$24:U$250) -> 523.472 | ... Y18: =+SUMIF($F$24:$F$250,"Group",Y$24:Y$250) -> 0 | AA18: =+SUMIF($F$24:$F$250,"Group",AA$24:AA$250) -> 0 | AB18: =+SUMIF($F$24:$F$250,"Group",AB$24:AB$250) -> 0 | AC18: =+SUMIF($F$24:$F$250,"Group",AC$24:AC$250) -> 0 | AD18: =+SUMIF($F$24:$F$250,"Group",AD$24:AD$250) -> 0 | AE18: =+SUMIF($F$24:$F$250,"Group",AE$24:AE$250) -> 0 | AF18: =+SUMIF($F$24:$F$250,"Group",AF$24:AF$250) -> 0 | AG18: =+SUMIF($F$24:$F$250,"Group",AG$24:AG$250) -> 0 | AH18: =+SUMIF($F$24:$F$250,"Group",AH$24:AH$250) -> 0 | ... AL18: =+SUMIF($F$24:$F$250,"Group",AL$24:AL$250) -> 0
E19: TOTAL | J19: =SUM(J17:J18) -> 7502.635 | K19: =SUM(K17:K18) -> 7502.635 | L19: =SUM(L17:L18) -> 0 | N19: =SUM(N17:N18) -> 0 | O19: =SUM(O17:O18) -> 0 | P19: =SUM(P17:P18) -> 1005.902 | Q19: =SUM(Q17:Q18) -> 2070.659 | R19: =SUM(R17:R18) -> 1226.003 | S19: =SUM(S17:S18) -> 1139.371 | T19: =SUM(T17:T18) -> 1503.108 | U19: =SUM(U17:U18) -> 557.592 | ... Y19: =SUM(Y17:Y18) -> 0 | AA19: =SUM(AA17:AA18) -> 0 | AB19: =SUM(AB17:AB18) -> 0 | AC19: =SUM(AC17:AC18) -> 0 | AD19: =SUM(AD17:AD18) -> 0 | AE19: =SUM(AE17:AE18) -> 0 | AF19: =SUM(AF17:AF18) -> 0 | AG19: =SUM(AG17:AG18) -> 0 | AH19: =SUM(AH17:AH18) -> 0 | ... AL19: =SUM(AL17:AL18) -> 0
I21: check | J21: =IF(SUM(J24:J250)=J19, "OK", "Please correct: the sum of orders below is not equal to the total calculated above. Make sure to pick External or Group for each order and don't change the formulas in columns K and L") -> OK | N21: 2026 | AA21: 2027
E23: Order (Tooling including) to be delivered | F23: External or Group | G23: Customers orders | H23: Quantity | I23: DGC | J23: TOTAL ORDERBOOK | K23: Total amount 2026 | L23: Total amount 2026 | N23: 46023 | O23: 46054 | P23: 46082 | Q23: 46113 | R23: 46143 | S23: 46174 | T23: 46204 | U23: 46235 | V23: 46266 | W23: 46296 | X23: 46327 | Y23: 46357 | AA23: 46388 | AB23: 46419 | AC23: 46447 | AD23: 46478 | AE23: 46508 | AF23: 46539 | AG23: 46569 | AH23: 46600 | AI23: 46631 | AJ23: 46661 | AK23: 46692 | AL23: 46722
D24: X | E24: D3 | F24: Group | G24: D3 | I24: G | J24: =+K24+L24 -> 1753.127 | K24: =SUM(N24:Y24) -> 1753.127 | L24: =SUM(AA24:AL24) -> 0 | P24: 31.589 | Q24: 32 | R24: 381.538 | S24: 14 | T24: 1186 | U24: 108
E25: Diam France | F25: Group | G25: Diam France | I25: G | J25: =+K25+L25 -> 41.4 | K25: =SUM(N25:Y25) -> 41.4 | L25: =SUM(AA25:AL25) -> 0 | Q25: =9.2+32.2 -> 41.4
E26: DIAM Turkey | F26: Group | G26: DIAM Turkey | I26: G | J26: =+K26+L26 -> 88.208 | K26: =SUM(N26:Y26) -> 88.208 | L26: =SUM(AA26:AL26) -> 0 | Q26: =20-3.047+44+3 -> 63.953 | U26: =27.255-3 -> 24.255
E27: DIAM Lurcy | F27: Group | G27: DIAM Lurcy | I27: G | J27: =+K27+L27 -> 87.508 | K27: =SUM(N27:Y27) -> 87.508 | L27: =SUM(AA27:AL27) -> 0 | R27: 87.508
E28: Diam UK | F28: Group | G28: Diam UK | I28: G | J28: =+K28+L28 -> 32.401 | K28: =SUM(N28:Y28) -> 32.401 | L28: =SUM(AA28:AL28) -> 0 | U28: =41.619-97.774+89.37-0.654-0.16 -> 32.401
E29: Prugent Portugal | F29: Group | G29: Prugent Portugal | I29: G | J29: =+K29+L29 -> 4.826 | K29: =SUM(N29:Y29) -> 4.826 | L29: =SUM(AA29:AL29) -> 0 | R29: =7.5-2.674 -> 4.826
E30: DIAM PRESTIGE EUROPE | F30: Group | G30: DIAM PRESTIGE EUROPE | I30: G | J30: =+K30+L30 -> 357.109 | K30: =SUM(N30:Y30) -> 357.109 | L30: =SUM(AA30:AL30) -> 0 | Q30: =13+7.293 -> 20.293 | R30: 35 | U30: 301.816
E31: PRUGENT DIAM EUROPE | F31: Group | G31: PRUGENT DIAM EUROPE | I31: G | J31: =+K31+L31 -> 21.255 | K31: =SUM(N31:Y31) -> 21.255 | L31: =SUM(AA31:AL31) -> 0 | Q31: =3-0.879+19.134 -> 21.255
E32: Diam Thailand | F32: Group | G32: Diam Thailand | I32: G | J32: =+K32+L32 -> 5.003 | K32: =SUM(N32:Y32) -> 5.003 | L32: =SUM(AA32:AL32) -> 0 | Q32: =6.517-1.514 -> 5.003
E33: Diam Japan | F33: Group | G33: Diam Japan(Naya team) | I33: G | J33: =+K33+L33 -> 363.6 | K33: =SUM(N33:Y33) -> 363.6 | L33: =SUM(AA33:AL33) -> 0 | P33: 159.259 | Q33: =66+8.341+130 -> 204.341
E34: Diam Japan | F34: Group | G34: Diam Japan(PACK) | I34: G | J34: =+K34+L34 -> 106.802 | K34: =SUM(N34:Y34) -> 106.802 | L34: =SUM(AA34:AL34) -> 0 | P34: 2 | Q34: 29.802 | R34: 30 | U34: 45
E35: DDA | F35: Group | G35: DDA(PACK) | I35: G | J35: =+K35+L35 -> 7.974 | K35: =SUM(N35:Y35) -> 7.974 | L35: =SUM(AA35:AL35) -> 0 | P35: 7.974
E36: D3 | F36: Group | G36: D3(PACK) | I36: G | J36: =+K36+L36 -> 42.486 | K36: =SUM(N36:Y36) -> 42.486 | L36: =SUM(AA36:AL36) -> 0 | P36: 15.486 | Q36: 5 | R36: 10 | U36: 12
E37: Diam Italy | F37: Group | G37: Diam Italy | I37: G | J37: =+K37+L37 -> 19.3 | K37: =SUM(N37:Y37) -> 19.3 | L37: =SUM(AA37:AL37) -> 0 | P37: 19.3
E38: Chanel | F38: External | G38: Chanel(FR team) | I38: G | J38: =+K38+L38 -> 73.163 | K38: =SUM(N38:Y38) -> 73.163 | L38: =SUM(AA38:AL38) -> 0 | S38: =11.687-12.15+73.626 -> 73.163
E39: Lancome/BIOTHERM/ARMANI | F39: External | G39: Loreal(FR team) | I39: G | J39: =+K39+L39 -> 1150.902 | K39: =SUM(N39:Y39) -> 1150.902 | L39: =SUM(AA39:AL39) -> 0 | P39: =199.479-24.316-123 -> 52.163 | Q39: 123 | S39: 745.765 | T39: 229.974
E40: LOUIS VUITTON | F40: External | G40: LOUIS VUITTON(FR team) | I40: G | J40: =+K40+L40 -> 36.892 | K40: =SUM(N40:Y40) -> 36.892 | L40: =SUM(AA40:AL40) -> 0 | P40: 36.892
E41: MUGLER | F41: External | G41: MUGLER | I41: G | J41: =+K41+L41 -> 17 | K41: =SUM(N41:Y41) -> 17 | L41: =SUM(AA41:AL41) -> 0 | Q41: 17
E42: NARS/Shiseido | F42: External | G42: Shiseido(D3 team) | I42: G | J42: =+K42+L42 -> 215.586 | K42: =SUM(N42:Y42) -> 215.586 | L42: =SUM(AA42:AL42) -> 0 | P42: =29.577-8.111 -> 21.466 | Q42: 10 | S42: 150 | U42: =35-0.88 -> 34.12
