Workbook
Name Liste: parameters!$A$2:$A$3
Name liste1: #REF!
Name liste2: #REF!
Name SOCIETE: parameters!$A$8:$A$55

Sheet read me
B1: INSTRUCTIONS FOR USE
B3: The aim of this document is to follow the orderbook per week.
B5: This document has to be sent each Friday afternoon to : | H5: dashboard@diaminter.com
B11: How to fill in the document :
C13: 1 | D13: Select the worksheet for the appropriate week
C15: 2 | D15: Fill in your company name in the cell G2
C17: 3 | D17: The current month corresponding to the week is automatically mentionned: please make sure to report data for this month (and not previous or next one when the week runs over two different months)
C19: 4 | D19: Column E : Fill in product name
C21: 5 | D21: Column F : Fill in customers statut (external or internal customers)
C23: 6 | D23: Column G : fill in the customers name
C25: 7 | D25: Please never correct the worksheet of a past week
C27: 8 | D27: You can update the pivot tables on the worksheet [analysis week] to see the detailed variations by customers in the orderbook from previous week to ongoing week
C29: 9 | D29: This is a synthesis of the orders taken and the sales invoiced during the year. Please update the YTD figures at the end of each months (yellow cells) to show the
B33: IMPORTANT : At the end of the month, orders not yet delivered, have to be automatically transferred to the next month.
D34: Once the orders have been invoiced (and so the amount is indicated as turnover), the orders should disappear of the table.

Sheet parameters
D1: Entity to select
A2: Group | D2: Diam CHINA
A3: External
D4: =VLOOKUP(D2,$A$8:$C$52,3,FALSE) -> k€
A8: TO SELECT | B8: Automatic data
A9: Diam France | B9: DFR | C9: k€ | G9: W1 | H9: January | J9: January | K9: 46023
A10: Diam Lurcy | B10: DLU | C10: k€ | G10: W2 | H10: January | I10: W1 | J10: February | K10: 46054
A11: Diam Yzeure | B11: DYZ | C11: k€ | G11: W3 | H11: January | I11: W2 | J11: March | K11: 46082
A12: Diam Tunisie | B12: DTN | C12: k€ | G12: W4 | H12: January | I12: W3 | J12: April | K12: 46113
A13: Diam Tunisie Prestige | B13: DTP | C13: k€ | G13: W5 | H13: January | I13: W4 | J13: May | K13: 46143
A14: Diam Turkey | B14: DTK | C14: k€ | G14: W6 | H14: February | I14: W5 | J14: June | K14: 46174
A15: Diam Italy | B15: DIT | C15: k€ | G15: W7 | H15: February | I15: W6 | J15: July | K15: 46204
A16: Diam Prestige Europe | B16: PEM | C16: k€ | G16: W8 | H16: February | I16: W7 | J16: August | K16: 46235
A17: Diam UK | B17: DUK | C17: k£ | G17: W9 | H17: February | I17: W8 | J17: September | K17: 46266
A18: Fieldflex UK | B18: FFUK | C18: k£ | G18: W10 | H18: March | I18: W9 | J18: October | K18: 46296
A19: Diam Germany | B19: DEU | C19: k€ | G19: W11 | H19: March | I19: W10 | J19: November | K19: 46327
A20: Diam Poland | B20: DPO | C20: k€ | G20: W12 | H20: March | I20: W11 | J20: December | K20: 46357
A21: Diam Premium North America | B21: DPN | C21: k$ | G21: W13 | H21: March | I21: W12
A22: D 3 LLC | B22: D3 | C22: k$ | G22: W14 | H22: April | I22: W13
A23: CONEX US | B23: CNX | C23: k$ | G23: W15 | H23: April | I23: W14
A24: CONEX EU | B24: CNE | C24: k€ | G24: W16 | H24: April | I24: W15
A25: CONEX APAC | B25: CNA | C25: k$ | G25: W17 | H25: April | I25: W16
A26: PRUGENT US | B26: PUS | C26: k$ | G26: W18 | H26: April | I26: W17
A27: Fieldflex US | B27: FFUS | C27: k$ | G27: W19 | H27: May | I27: W18
A28: Back to Diam | B28: B2D | C28: k$ | G28: W20 | H28: May | I28: W19
A29: Diam Mexico | B29: DMX | C29: k$ | G29: W21 | H29: May | I29: W20
A30: Diam Brazil | B30: DBR | C30: k€ | G30: W22 | H30: May | I30: W21
A31: Diam CHINA | B31: DDC | C31: k€ | G31: W23 | H31: June | I31: W22
A32: DE HONG KONG | B32: DEHK | C32: k€ | G32: W24 | H32: June | I32: W23
... A52: RETAIL 3D | B52: R3D | C52: k€ | G52: W44 | H52: October | I52: W43
G53: W45 | H53: November | I53: W44
G54: W46 | H54: November | I54: W45
G55: W47 | H55: November | I55: W46
G56: W48 | H56: November | I56: W47
G57: W49 | H57: December | I57: W48
G58: W50 | H58: December | I58: W49
G59: W51 | H59: December | I59: W50
G60: W52 | H60: December | I60: W51
G61: W53 | H61: December | I61: W52

Sheet analysis week
B2: Entity | C2: =+'W1'!G2 -> Diam CHINA | D2: =VLOOKUP(C2, parameters!A:B, 2,0) -> DDC
B4: Week | C4: W2 | D4: =VLOOKUP(C4, parameters!G:I,3,0) -> W1
B7: Var 2026 | H7: Var 2027
C9: External | D9: Group | E9: Total | I9: External | J9: Group | K9: Total
B10: ="Var in sales 2025 - "&D4&" to "&C4 -> Var in sales 2025 - W1 to W2 | C10: =+C16-C22 -> 0 | D10: =+D16-D22 -> 93.912 | E10: =+E16-E22 -> 93.912 | H10: =+"Orderbook "&$C$4 -> Orderbook W2 | I10: {=INDIRECT(ADDRESS(17,12,,,$C$4))} -> 0 | J10: {=INDIRECT(ADDRESS(18,12,,,$C$4))} -> 0 | K10: =SUM(I10:J10) -> 0
B11: ="Var in orderbook 2025 - "&D4&" to "&C4 -> Var in orderbook 2025 - W1 to W2 | C11: =+C17-C23 -> 369.921 | D11: =+D17-D23 -> 185 | E11: =+E17-E23 -> 554.921 | H11: =+"Orderbook "&$D$4 -> Orderbook W1 | I11: {=INDIRECT(ADDRESS(17,12,,,$D$4))} -> 0 | J11: {=INDIRECT(ADDRESS(18,12,,,$D$4))} -> 0 | K11: =SUM(I11:J11) -> 0
B12: ="Var in forecast 2025 - "&D4&" to "&C4 -> Var in forecast 2025 - W1 to W2 | C12: =+C18-C24 -> 369.921 | D12: =+D18-D24 -> 278.912 | E12: =+E18-E24 -> 648.833 | H12: ="Var in orderbook - "&D4&" to "&C4 -> Var in orderbook - W1 to W2 | I12: =+I10-I11 -> 0 | J12: =+J10-J11 -> 0 | K12: =+K10-K11 -> 0
C13: =+C12-SUM(C10:C11) -> 0 | D13: =+D12-SUM(D10:D11) -> 0 | E13: =+E12-SUM(E10:E11) -> 0
C15: External | D15: Group | E15: Total | H15: Somme de 2027 | I15: Étiquettes de colonnes
B16: =+"Sales "&$C$4 -> Sales W2 | C16: {=INDIRECT(ADDRESS(10,8,,,$C$4))} -> 0 | D16: {=INDIRECT(ADDRESS(11,8,,,$C$4))} -> 93.912 | E16: =SUM(C16:D16) -> 93.912 | H16: Étiquettes de lignes | I16: W2 | J16: W1 | K16: Var
B17: =+"Orderbook "&$C$4 -> Orderbook W2 | C17: {=INDIRECT(ADDRESS(17,11,,,$C$4))} -> 1560.5729 | D17: {=INDIRECT(ADDRESS(18,11,,,$C$4))} -> 8638.8 | E17: =SUM(C17:D17) -> 10199.373 | H17: 0 | I17: 0 | J17: 0 | K17: =+I17-J17 -> 0
B18: =+"Forecast "&$C$4 -> Forecast W2 | C18: =SUM(C16:C17) -> 1560.5729 | D18: =SUM(D16:D17) -> 8732.712 | E18: =SUM(E16:E17) -> 10293.285 | H18: Total général | I18: 0 | J18: 0 | K18: =+I18-J18 -> 0
K19: =+I19-J19 -> 0
K20: =+I20-J20 -> 0
C21: External | D21: Group | E21: Total | K21: =+I21-J21 -> 0
B22: =+"Sales "&$D$4 -> Sales W1 | C22: {=INDIRECT(ADDRESS(10,8,,,$D$4))} -> 0 | D22: {=INDIRECT(ADDRESS(11,8,,,$D$4))} -> 0 | E22: =SUM(C22:D22) -> 0 | K22: =+I22-J22 -> 0
B23: =+"Orderbook "&$D$4 -> Orderbook W1 | C23: {=INDIRECT(ADDRESS(17,11,,,$D$4))} -> 1190.6519 | D23: {=INDIRECT(ADDRESS(18,11,,,$D$4))} -> 8453.8 | E23: =SUM(C23:D23) -> 9644.4519 | K23: =+I23-J23 -> 0
B24: =+"Forecast "&$D$4 -> Forecast W1 | C24: =SUM(C22:C23) -> 1190.6519 | D24: =SUM(D22:D23) -> 8453.8 | E24: =SUM(E22:E23) -> 9644.4519 | K24: =+I24-J24 -> 0
K25: =+I25-J25 -> 0
K26: =+I26-J26 -> 0
B27: Somme de 2026 | C27: Étiquettes de colonnes | K27: =+I27-J27 -> 0
B28: Étiquettes de lignes | C28: W2 | D28: W1 | E28: Var | K28: =+I28-J28 -> 0
B29: 0 | C29: 0 | D29: 0 | E29: =+C29-D29 -> 0 | K29: =+I29-J29 -> 0
B30: Total général | C30: 0 | D30: 0 | E30: =+C30-D30 -> 0 | K30: =+I30-J30 -> 0
E31: =+C31-D31 -> 0 | K31: =+I31-J31 -> 0
E32: =+C32-D32 -> 0 | K32: =+I32-J32 -> 0
E33: =+C33-D33 -> 0 | K33: =+I33-J33 -> 0
E34: =+C34-D34 -> 0 | K34: =+I34-J34 -> 0
E35: =+C35-D35 -> 0 | K35: =+I35-J35 -> 0
E36: =+C36-D36 -> 0 | K36: =+I36-J36 -> 0
E37: =+C37-D37 -> 0 | K37: =+I37-J37 -> 0
E38: =+C38-D38 -> 0 | K38: =+I38-J38 -> 0
E39: =+C39-D39 -> 0 | K39: =+I39-J39 -> 0
E40: =+C40-D40 -> 0 | K40: =+I40-J40 -> 0
E41: =+C41-D41 -> 0 | K41: =+I41-J41 -> 0
E42: =+C42-D42 -> 0 | K42: =+I42-J42 -> 0
... E93: =+C93-D93 -> 0 | K93: =+I93-J93 -> 0
E94: =+C94-D94 -> 0
E95: =+C95-D95 -> 0
E96: =+C96-D96 -> 0
E97: =+C97-D97 -> 0
E98: =+C98-D98 -> 0
E99: =+C99-D99 -> 0
E100: =+C100-D100 -> 0
E101: =+C101-D101 -> 0
E102: =+C102-D102 -> 0
E103: =+C103-D103 -> 0
E104: =+C104-D104 -> 0
E105: =+C105-D105 -> 0
E106: =+C106-D106 -> 0

Sheet DB analysis orders
C2: Week | D2: =+'analysis week'!C4 -> W2 | E2: =+'analysis week'!D4 -> W1
C4: 5 | D4: =+C4+1 -> 6 | E4: =+D4+1 -> 7 | F4: =+E4+1 -> 8 | G4: =+F4+1 -> 9 | H4: =+G4+1 -> 10 | I4: =+H4+1 -> 11 | J4: =+I4+1 -> 12
B5: Week | C5: Order to be delivered | D5: External or Group | E5: Customers orders | F5: Quantity | G5: DGC | H5: TOTAL ORDERBOOK | I5: 2026 | J5: 2027
A6: =+INDEX(MATCH("X", 'W1'!D:D,0),,) -> 24 | B6: =+$D$2 -> W2 | C6: {=INDIRECT(ADDRESS($A6,C$4,,,$B6))} -> DEHK | D6: {=INDIRECT(ADDRESS($A6,D$4,,,$B6))} -> Group | E6: {=INDIRECT(ADDRESS($A6,E$4,,,$B6))} -> DEHK HK | F6: {=INDIRECT(ADDRESS($A6,F$4,,,$B6))} -> 0 | G6: {=INDIRECT(ADDRESS($A6,G$4,,,$B6))} -> G | H6: {=INDIRECT(ADDRESS($A6,H$4,,,$B6))} -> 8538.8 | I6: {=INDIRECT(ADDRESS($A6,I$4,,,$B6))} -> 8538.8 | J6: {=INDIRECT(ADDRESS($A6,J$4,,,$B6))} -> 0
A7: =+A6+1 -> 25 | B7: =+$D$2 -> W2 | C7: {=INDIRECT(ADDRESS($A7,C$4,,,$B7))} -> DIAM Singapore | D7: {=INDIRECT(ADDRESS($A7,D$4,,,$B7))} -> Group | E7: {=INDIRECT(ADDRESS($A7,E$4,,,$B7))} -> DIAM SINGAPORE | F7: {=INDIRECT(ADDRESS($A7,F$4,,,$B7))} -> 0 | G7: {=INDIRECT(ADDRESS($A7,G$4,,,$B7))} -> G | H7: {=INDIRECT(ADDRESS($A7,H$4,,,$B7))} -> 100 | I7: {=INDIRECT(ADDRESS($A7,I$4,,,$B7))} -> 100 | J7: {=INDIRECT(ADDRESS($A7,J$4,,,$B7))} -> 0
A8: =+A7+1 -> 26 | B8: =+$D$2 -> W2 | C8: {=INDIRECT(ADDRESS($A8,C$4,,,$B8))} -> Sephora | D8: {=INDIRECT(ADDRESS($A8,D$4,,,$B8))} -> External | E8: {=INDIRECT(ADDRESS($A8,E$4,,,$B8))} -> SEPHORA | F8: {=INDIRECT(ADDRESS($A8,F$4,,,$B8))} -> 0 | G8: {=INDIRECT(ADDRESS($A8,G$4,,,$B8))} -> E | H8: {=INDIRECT(ADDRESS($A8,H$4,,,$B8))} -> 309.454 | I8: {=INDIRECT(ADDRESS($A8,I$4,,,$B8))} -> 309.454 | J8: {=INDIRECT(ADDRESS($A8,J$4,,,$B8))} -> 0
A9: =+A8+1 -> 27 | B9: =+$D$2 -> W2 | C9: {=INDIRECT(ADDRESS($A9,C$4,,,$B9))} -> Burberry/Gucci/Lancaster | D9: {=INDIRECT(ADDRESS($A9,D$4,,,$B9))} -> External | E9: {=INDIRECT(ADDRESS($A9,E$4,,,$B9))} -> Coty | F9: {=INDIRECT(ADDRESS($A9,F$4,,,$B9))} -> 0 | G9: {=INDIRECT(ADDRESS($A9,G$4,,,$B9))} -> E | H9: {=INDIRECT(ADDRESS($A9,H$4,,,$B9))} -> 141.957 | I9: {=INDIRECT(ADDRESS($A9,I$4,,,$B9))} -> 141.957 | J9: {=INDIRECT(ADDRESS($A9,J$4,,,$B9))} -> 0
A10: =+A9+1 -> 28 | B10: =+$D$2 -> W2 | C10: {=INDIRECT(ADDRESS($A10,C$4,,,$B10))} -> Fenty | D10: {=INDIRECT(ADDRESS($A10,D$4,,,$B10))} -> External | E10: {=INDIRECT(ADDRESS($A10,E$4,,,$B10))} -> FENTY | F10: {=INDIRECT(ADDRESS($A10,F$4,,,$B10))} -> 0 | G10: {=INDIRECT(ADDRESS($A10,G$4,,,$B10))} -> E | H10: {=INDIRECT(ADDRESS($A10,H$4,,,$B10))} -> 6.708 | I10: {=INDIRECT(ADDRESS($A10,I$4,,,$B10))} -> 6.708 | J10: {=INDIRECT(ADDRESS($A10,J$4,,,$B10))} -> 0
A11: =+A10+1 -> 29 | B11: =+$D$2 -> W2 | C11: {=INDIRECT(ADDRESS($A11,C$4,,,$B11))} -> Herbeast/Komfymed/Chaling | D11: {=INDIRECT(ADDRESS($A11,D$4,,,$B11))} -> External | E11: {=INDIRECT(ADDRESS($A11,E$4,,,$B11))} -> SEPHORA-Exclusive brands | F11: {=INDIRECT(ADDRESS($A11,F$4,,,$B11))} -> 0 | G11: {=INDIRECT(ADDRESS($A11,G$4,,,$B11))} -> E | H11: {=INDIRECT(ADDRESS($A11,H$4,,,$B11))} -> 10.366 | I11: {=INDIRECT(ADDRESS($A11,I$4,,,$B11))} -> 10.366 | J11: {=INDIRECT(ADDRESS($A11,J$4,,,$B11))} -> 0
A12: =+A11+1 -> 30 | B12: =+$D$2 -> W2 | C12: {=INDIRECT(ADDRESS($A12,C$4,,,$B12))} -> Benefit/Fresh/Guerlain/Kenzo/Givenchy | D12: {=INDIRECT(ADDRESS($A12,D$4,,,$B12))} -> External | E12: {=INDIRECT(ADDRESS($A12,E$4,,,$B12))} -> LVMH | F12: {=INDIRECT(ADDRESS($A12,F$4,,,$B12))} -> 0 | G12: {=INDIRECT(ADDRESS($A12,G$4,,,$B12))} -> E | H12: {=INDIRECT(ADDRESS($A12,H$4,,,$B12))} -> 153.9259 | I12: {=INDIRECT(ADDRESS($A12,I$4,,,$B12))} -> 153.9259 | J12: {=INDIRECT(ADDRESS($A12,J$4,,,$B12))} -> 0
A13: =+A12+1 -> 31 | B13: =+$D$2 -> W2 | C13: {=INDIRECT(ADDRESS($A13,C$4,,,$B13))} -> ETERNAL( Laura Mercier) | D13: {=INDIRECT(ADDRESS($A13,D$4,,,$B13))} -> External | E13: {=INDIRECT(ADDRESS($A13,E$4,,,$B13))} -> ETERNAL | F13: {=INDIRECT(ADDRESS($A13,F$4,,,$B13))} -> 0 | G13: {=INDIRECT(ADDRESS($A13,G$4,,,$B13))} -> E | H13: {=INDIRECT(ADDRESS($A13,H$4,,,$B13))} -> 6.251 | I13: {=INDIRECT(ADDRESS($A13,I$4,,,$B13))} -> 6.251 | J13: {=INDIRECT(ADDRESS($A13,J$4,,,$B13))} -> 0
A14: =+A13+1 -> 32 | B14: =+$D$2 -> W2 | C14: {=INDIRECT(ADDRESS($A14,C$4,,,$B14))} -> Perfect Diary | D14: {=INDIRECT(ADDRESS($A14,D$4,,,$B14))} -> External | E14: {=INDIRECT(ADDRESS($A14,E$4,,,$B14))} -> Perfect Diary | F14: {=INDIRECT(ADDRESS($A14,F$4,,,$B14))} -> 0 | G14: {=INDIRECT(ADDRESS($A14,G$4,,,$B14))} -> E | H14: {=INDIRECT(ADDRESS($A14,H$4,,,$B14))} -> 14.456 | I14: {=INDIRECT(ADDRESS($A14,I$4,,,$B14))} -> 14.456 | J14: {=INDIRECT(ADDRESS($A14,J$4,,,$B14))} -> 0
A15: =+A14+1 -> 33 | B15: =+$D$2 -> W2 | C15: {=INDIRECT(ADDRESS($A15,C$4,,,$B15))} -> Clinique/BB/MAC/Estee Lauder | D15: {=INDIRECT(ADDRESS($A15,D$4,,,$B15))} -> External | E15: {=INDIRECT(ADDRESS($A15,E$4,,,$B15))} -> Estee Lauder | F15: {=INDIRECT(ADDRESS($A15,F$4,,,$B15))} -> 0 | G15: {=INDIRECT(ADDRESS($A15,G$4,,,$B15))} -> E | H15: {=INDIRECT(ADDRESS($A15,H$4,,,$B15))} -> 6.75 | I15: {=INDIRECT(ADDRESS($A15,I$4,,,$B15))} -> 6.75 | J15: {=INDIRECT(ADDRESS($A15,J$4,,,$B15))} -> 0
A16: =+A15+1 -> 34 | B16: =+$D$2 -> W2 | C16: {=INDIRECT(ADDRESS($A16,C$4,,,$B16))} -> Hourglass | D16: {=INDIRECT(ADDRESS($A16,D$4,,,$B16))} -> External | E16: {=INDIRECT(ADDRESS($A16,E$4,,,$B16))} -> Hourglass | F16: {=INDIRECT(ADDRESS($A16,F$4,,,$B16))} -> 0 | G16: {=INDIRECT(ADDRESS($A16,G$4,,,$B16))} -> E | H16: {=INDIRECT(ADDRESS($A16,H$4,,,$B16))} -> 360 | I16: {=INDIRECT(ADDRESS($A16,I$4,,,$B16))} -> 360 | J16: {=INDIRECT(ADDRESS($A16,J$4,,,$B16))} -> 0
A17: =+A16+1 -> 35 | B17: =+$D$2 -> W2 | C17: {=INDIRECT(ADDRESS($A17,C$4,,,$B17))} -> ARMANI | D17: {=INDIRECT(ADDRESS($A17,D$4,,,$B17))} -> External | E17: {=INDIRECT(ADDRESS($A17,E$4,,,$B17))} -> ARMANI | F17: {=INDIRECT(ADDRESS($A17,F$4,,,$B17))} -> 0 | G17: {=INDIRECT(ADDRESS($A17,G$4,,,$B17))} -> G | H17: {=INDIRECT(ADDRESS($A17,H$4,,,$B17))} -> 9.921 | I17: {=INDIRECT(ADDRESS($A17,I$4,,,$B17))} -> 9.921 | J17: {=INDIRECT(ADDRESS($A17,J$4,,,$B17))} -> 0
A18: =+A17+1 -> 36 | B18: =+$D$2 -> W2 | C18: {=INDIRECT(ADDRESS($A18,C$4,,,$B18))} -> Galenic | D18: {=INDIRECT(ADDRESS($A18,D$4,,,$B18))} -> External | E18: {=INDIRECT(ADDRESS($A18,E$4,,,$B18))} -> Galenic | F18: {=INDIRECT(ADDRESS($A18,F$4,,,$B18))} -> 0 | G18: {=INDIRECT(ADDRESS($A18,G$4,,,$B18))} -> E | H18: {=INDIRECT(ADDRESS($A18,H$4,,,$B18))} -> 23 | I18: {=INDIRECT(ADDRESS($A18,I$4,,,$B18))} -> 23 | J18: {=INDIRECT(ADDRESS($A18,J$4,,,$B18))} -> 0
... A233: =+A232+1 -> 251 | B233: =+$D$2 -> W2 | C233: {=INDIRECT(ADDRESS($A233,C$4,,,$B233))} -> 0 | D233: {=INDIRECT(ADDRESS($A233,D$4,,,$B233))} -> 0 | E233: {=INDIRECT(ADDRESS($A233,E$4,,,$B233))} -> 0 | F233: {=INDIRECT(ADDRESS($A233,F$4,,,$B233))} -> 0 | G233: {=INDIRECT(ADDRESS($A233,G$4,,,$B233))} -> 0 | H233: {=INDIRECT(ADDRESS($A233,H$4,,,$B233))} -> 0 | I233: {=INDIRECT(ADDRESS($A233,I$4,,,$B233))} -> 0 | J233: {=INDIRECT(ADDRESS($A233,J$4,,,$B233))} -> 0
A234: =+A6 -> 24 | B234: =+$E$2 -> W1 | C234: {=INDIRECT(ADDRESS($A234,C$4,,,$B234))} -> DEHK | D234: {=INDIRECT(ADDRESS($A234,D$4,,,$B234))} -> Group | E234: {=INDIRECT(ADDRESS($A234,E$4,,,$B234))} -> DEHK HK | F234: {=INDIRECT(ADDRESS($A234,F$4,,,$B234))} -> 0 | G234: {=INDIRECT(ADDRESS($A234,G$4,,,$B234))} -> G | H234: {=INDIRECT(ADDRESS($A234,H$4,,,$B234))} -> 8353.8 | I234: {=INDIRECT(ADDRESS($A234,I$4,,,$B234))} -> 8353.8 | J234: {=INDIRECT(ADDRESS($A234,J$4,,,$B234))} -> 0
A235: =+A7 -> 25 | B235: =+$E$2 -> W1 | C235: {=INDIRECT(ADDRESS($A235,C$4,,,$B235))} -> DIAM Singapore | D235: {=INDIRECT(ADDRESS($A235,D$4,,,$B235))} -> Group | E235: {=INDIRECT(ADDRESS($A235,E$4,,,$B235))} -> DIAM SINGAPORE | F235: {=INDIRECT(ADDRESS($A235,F$4,,,$B235))} -> 0 | G235: {=INDIRECT(ADDRESS($A235,G$4,,,$B235))} -> G | H235: {=INDIRECT(ADDRESS($A235,H$4,,,$B235))} -> 100 | I235: {=INDIRECT(ADDRESS($A235,I$4,,,$B235))} -> 100 | J235: {=INDIRECT(ADDRESS($A235,J$4,,,$B235))} -> 0
A236: =+A8 -> 26 | B236: =+$E$2 -> W1 | C236: {=INDIRECT(ADDRESS($A236,C$4,,,$B236))} -> Sephora | D236: {=INDIRECT(ADDRESS($A236,D$4,,,$B236))} -> External | E236: {=INDIRECT(ADDRESS($A236,E$4,,,$B236))} -> SEPHORA | F236: {=INDIRECT(ADDRESS($A236,F$4,,,$B236))} -> 0 | G236: {=INDIRECT(ADDRESS($A236,G$4,,,$B236))} -> E | H236: {=INDIRECT(ADDRESS($A236,H$4,,,$B236))} -> 292.454 | I236: {=INDIRECT(ADDRESS($A236,I$4,,,$B236))} -> 292.454 | J236: {=INDIRECT(ADDRESS($A236,J$4,,,$B236))} -> 0
A237: =+A9 -> 27 | B237: =+$E$2 -> W1 | C237: {=INDIRECT(ADDRESS($A237,C$4,,,$B237))} -> Burberry/Gucci/Lancaster | D237: {=INDIRECT(ADDRESS($A237,D$4,,,$B237))} -> External | E237: {=INDIRECT(ADDRESS($A237,E$4,,,$B237))} -> Coty | F237: {=INDIRECT(ADDRESS($A237,F$4,,,$B237))} -> 0 | G237: {=INDIRECT(ADDRESS($A237,G$4,,,$B237))} -> E | H237: {=INDIRECT(ADDRESS($A237,H$4,,,$B237))} -> 132.957 | I237: {=INDIRECT(ADDRESS($A237,I$4,,,$B237))} -> 132.957 | J237: {=INDIRECT(ADDRESS($A237,J$4,,,$B237))} -> 0
A238: =+A10 -> 28 | B238: =+$E$2 -> W1 | C238: {=INDIRECT(ADDRESS($A238,C$4,,,$B238))} -> Fenty | D238: {=INDIRECT(ADDRESS($A238,D$4,,,$B238))} -> External | E238: {=INDIRECT(ADDRESS($A238,E$4,,,$B238))} -> FENTY | F238: {=INDIRECT(ADDRESS($A238,F$4,,,$B238))} -> 0 | G238: {=INDIRECT(ADDRESS($A238,G$4,,,$B238))} -> E | H238: {=INDIRECT(ADDRESS($A238,H$4,,,$B238))} -> 3.708 | I238: {=INDIRECT(ADDRESS($A238,I$4,,,$B238))} -> 3.708 | J238: {=INDIRECT(ADDRESS($A238,J$4,,,$B238))} -> 0
A239: =+A11 -> 29 | B239: =+$E$2 -> W1 | C239: {=INDIRECT(ADDRESS($A239,C$4,,,$B239))} -> Herbeast/Komfymed/Chaling | D239: {=INDIRECT(ADDRESS($A239,D$4,,,$B239))} -> External | E239: {=INDIRECT(ADDRESS($A239,E$4,,,$B239))} -> SEPHORA-Exclusive brands | F239: {=INDIRECT(ADDRESS($A239,F$4,,,$B239))} -> 0 | G239: {=INDIRECT(ADDRESS($A239,G$4,,,$B239))} -> E | H239: {=INDIRECT(ADDRESS($A239,H$4,,,$B239))} -> 10.366 | I239: {=INDIRECT(ADDRESS($A239,I$4,,,$B239))} -> 10.366 | J239: {=INDIRECT(ADDRESS($A239,J$4,,,$B239))} -> 0
A240: =+A12 -> 30 | B240: =+$E$2 -> W1 | C240: {=INDIRECT(ADDRESS($A240,C$4,,,$B240))} -> Benefit/Fresh/Guerlain/Kenzo/Givenchy | D240: {=INDIRECT(ADDRESS($A240,D$4,,,$B240))} -> External | E240: {=INDIRECT(ADDRESS($A240,E$4,,,$B240))} -> LVMH | F240: {=INDIRECT(ADDRESS($A240,F$4,,,$B240))} -> 0 | G240: {=INDIRECT(ADDRESS($A240,G$4,,,$B240))} -> E | H240: {=INDIRECT(ADDRESS($A240,H$4,,,$B240))} -> 153.9259 | I240: {=INDIRECT(ADDRESS($A240,I$4,,,$B240))} -> 153.9259 | J240: {=INDIRECT(ADDRESS($A240,J$4,,,$B240))} -> 0
A241: =+A13 -> 31 | B241: =+$E$2 -> W1 | C241: {=INDIRECT(ADDRESS($A241,C$4,,,$B241))} -> ETERNAL( Laura Mercier) | D241: {=INDIRECT(ADDRESS($A241,D$4,,,$B241))} -> External | E241: {=INDIRECT(ADDRESS($A241,E$4,,,$B241))} -> ETERNAL | F241: {=INDIRECT(ADDRESS($A241,F$4,,,$B241))} -> 0 | G241: {=INDIRECT(ADDRESS($A241,G$4,,,$B241))} -> E | H241: {=INDIRECT(ADDRESS($A241,H$4,,,$B241))} -> 6.251 | I241: {=INDIRECT(ADDRESS($A241,I$4,,,$B241))} -> 6.251 | J241: {=INDIRECT(ADDRESS($A241,J$4,,,$B241))} -> 0
A242: =+A14 -> 32 | B242: =+$E$2 -> W1 | C242: {=INDIRECT(ADDRESS($A242,C$4,,,$B242))} -> Perfect Diary | D242: {=INDIRECT(ADDRESS($A242,D$4,,,$B242))} -> External | E242: {=INDIRECT(ADDRESS($A242,E$4,,,$B242))} -> Perfect Diary | F242: {=INDIRECT(ADDRESS($A242,F$4,,,$B242))} -> 0 | G242: {=INDIRECT(ADDRESS($A242,G$4,,,$B242))} -> E | H242: {=INDIRECT(ADDRESS($A242,H$4,,,$B242))} -> 14.456 | I242: {=INDIRECT(ADDRESS($A242,I$4,,,$B242))} -> 14.456 | J242: {=INDIRECT(ADDRESS($A242,J$4,,,$B242))} -> 0
A243: =+A15 -> 33 | B243: =+$E$2 -> W1 | C243: {=INDIRECT(ADDRESS($A243,C$4,,,$B243))} -> Clinique/BB/MAC/Estee Lauder | D243: {=INDIRECT(ADDRESS($A243,D$4,,,$B243))} -> External | E243: {=INDIRECT(ADDRESS($A243,E$4,,,$B243))} -> Estee Lauder | F243: {=INDIRECT(ADDRESS($A243,F$4,,,$B243))} -> 0 | G243: {=INDIRECT(ADDRESS($A243,G$4,,,$B243))} -> E | H243: {=INDIRECT(ADDRESS($A243,H$4,,,$B243))} -> 6.75 | I243: {=INDIRECT(ADDRESS($A243,I$4,,,$B243))} -> 6.75 | J243: {=INDIRECT(ADDRESS($A243,J$4,,,$B243))} -> 0
A244: =+A16 -> 34 | B244: =+$E$2 -> W1 | C244: {=INDIRECT(ADDRESS($A244,C$4,,,$B244))} -> Hourglass | D244: {=INDIRECT(ADDRESS($A244,D$4,,,$B244))} -> External | E244: {=INDIRECT(ADDRESS($A244,E$4,,,$B244))} -> Hourglass | F244: {=INDIRECT(ADDRESS($A244,F$4,,,$B244))} -> 0 | G244: {=INDIRECT(ADDRESS($A244,G$4,,,$B244))} -> E | H244: {=INDIRECT(ADDRESS($A244,H$4,,,$B244))} -> 360 | I244: {=INDIRECT(ADDRESS($A244,I$4,,,$B244))} -> 360 | J244: {=INDIRECT(ADDRESS($A244,J$4,,,$B244))} -> 0
A245: =+A17 -> 35 | B245: =+$E$2 -> W1 | C245: {=INDIRECT(ADDRESS($A245,C$4,,,$B245))} -> L‘oreal | D245: {=INDIRECT(ADDRESS($A245,D$4,,,$B245))} -> External | E245: {=INDIRECT(ADDRESS($A245,E$4,,,$B245))} -> L‘oreal(PACK) | F245: {=INDIRECT(ADDRESS($A245,F$4,,,$B245))} -> 0 | G245: {=INDIRECT(ADDRESS($A245,G$4,,,$B245))} -> E | H245: {=INDIRECT(ADDRESS($A245,H$4,,,$B245))} -> 209.784 | I245: {=INDIRECT(ADDRESS($A245,I$4,,,$B245))} -> 209.784 | J245: {=INDIRECT(ADDRESS($A245,J$4,,,$B245))} -> 0
... A461: =+A233 -> 251 | B461: =+$E$2 -> W1 | C461: {=INDIRECT(ADDRESS($A461,C$4,,,$B461))} -> 0 | D461: {=INDIRECT(ADDRESS($A461,D$4,,,$B461))} -> 0 | E461: {=INDIRECT(ADDRESS($A461,E$4,,,$B461))} -> 0 | F461: {=INDIRECT(ADDRESS($A461,F$4,,,$B461))} -> 0 | G461: {=INDIRECT(ADDRESS($A461,G$4,,,$B461))} -> 0 | H461: {=INDIRECT(ADDRESS($A461,H$4,,,$B461))} -> 0 | I461: {=INDIRECT(ADDRESS($A461,I$4,,,$B461))} -> 0 | J461: {=INDIRECT(ADDRESS($A461,J$4,,,$B461))} -> 0

Sheet Synth
A1: SYNTHESIS
A3: To be filled in (TURNOVER = BO)
A5: YTD : Year to date turnover. This means the cumulated turnover since the begining of the year.
A6: This turnover should the same as the turnover fill in Business Object (BO). See with your local accountant to know this turnover.
A8: TURNOVER | D8: ORDERBOOK 2026 | F8: FORECAST 2026 | H8: NEW ORDERS 2026 | J8: ORDERBOOK 2027
A10: W52 2025
A12: W1 | B12: =+'W1'!$J$12 -> 0 | D12: =+'W1'!$K$19 -> 9644.4519 | F12: =+B12+D12 -> 9644.4519 | H12: =D12+B12-D10 -> 9644.4519 | J12: =+'W1'!$L$19 -> 0
A13: W2 | B13: =+'W2'!$J$12 -> 93.912 | D13: =+'W2'!$K$19 -> 10199.373 | F13: =+B13+D13 -> 10293.285 | H13: =F13-F12 -> 648.833 | J13: =+'W2'!$L$19 -> 0
A14: W3 | B14: =+'W3'!$J$12 -> 319.115 | D14: =+'W3'!$K$19 -> 10132.398 | F14: =+B14+D14 -> 10451.513 | H14: =F14-F13 -> 158.228 | J14: =+'W3'!$L$19 -> 0
A15: W4 | B15: =+'W4'!$J$12 -> 2544.395 | D15: =+'W4'!$K$19 -> 8791.1139 | F15: =+B15+D15 -> 11335.509 | H15: =F15-F14 -> 883.996 | J15: =+'W4'!$L$19 -> 0
A16: W5 | B16: =+'W5'!$J$12 -> 5825.982 | D16: =+'W5'!$K$19 -> 5833.3499 | F16: =+B16+D16 -> 11659.332 | H16: =F16-F15 -> 323.823 | J16: =+'W5'!$L$19 -> 0
A17: January YTD
A18: W6 | B18: =+'W6'!$J$12 -> 171.096 | D18: =+'W6'!$K$19 -> 6587.1139 | F18: =+B17+B18+D18 -> 6758.2099 | H18: =F18-F16 -> -4901.122 | J18: =+'W6'!$L$19 -> 0
A19: W7 | B19: =+'W7'!$J$12 -> 328.897 | D19: =+'W7'!$K$19 -> 6449.4129 | F19: =+B17+B19+D19 -> 6778.3099 | H19: =F19-F18 -> 20.1 | J19: =+'W7'!$L$19 -> 0
A20: W8 | B20: =+'W8'!$J$12 -> 328.897 | D20: =+'W8'!$K$19 -> 6449.4129 | F20: =+B17+B20+D20 -> 6778.3099 | H20: =F20-F19 -> 0 | J20: =+'W8'!$L$19 -> 0
A21: W9 | B21: =+'W9'!$J$12 -> 1413.944 | D21: =+'W9'!$K$19 -> 5949.7629 | F21: =+B22+B21+D21 -> 7363.7069 | H21: =F21-F20 -> 585.397 | J21: =+'W9'!$L$19 -> 0
A22: February YTD
A23: W10 | B23: =+'W10'!$J$12 -> 90.95 | D23: =+'W10'!$K$19 -> 6520.8399 | F23: =+B22+B23+D23 -> 6611.7899 | H23: =F23-F21 -> -751.917 | J23: =+'W10'!$L$19 -> 0
A24: W11 | B24: =+'W11'!$J$12 -> 414.005 | D24: =+'W11'!$K$19 -> 6530.0279 | F24: =+B22+B24+D24 -> 6944.0329 | H24: =F24-F23 -> 332.243 | J24: =+'W11'!$L$19 -> 0
A25: W12 | B25: =+'W12'!$J$12 -> 673.918 | D25: =+'W12'!$K$19 -> 6360.7779 | F25: =+B22+B25+D25 -> 7034.6959 | H25: =F25-F24 -> 90.663 | J25: =+'W12'!$L$19 -> 0
A26: W13 | B26: =+'W13'!$J$12 -> 1083.376 | D26: =+'W13'!$K$19 -> 7230.6759 | F26: =+B22+B26+D26 -> 8314.0519 | H26: =F26-F25 -> 1279.356 | J26: =+'W13'!$L$19 -> 0
A27: March YTD
A28: W14 | B28: =+'W14'!$J$12 -> 0 | D28: =+'W14'!$K$19 -> 8258.6119 | F28: =+B27+B28+D28 -> 8258.6119 | H28: =F28-F26 -> -55.44 | J28: =+'W14'!$L$19 -> 0
A29: W15 | B29: =+'W15'!$J$12 -> 962.663 | D29: =+'W15'!$K$19 -> 7866.7289 | F29: =+B27+B29+D29 -> 8829.3919 | H29: =F29-F28 -> 570.78 | J29: =+'W15'!$L$19 -> 0
A30: W16 | B30: =+'W16'!$J$12 -> 1383.04 | D30: =+'W16'!$K$19 -> 8315.5249 | F30: =+B27+B30+D30 -> 9698.5649 | H30: =F30-F29 -> 869.173 | J30: =+'W16'!$L$19 -> 0
A31: W17 | B31: =+'W17'!$J$12 -> 2197.503 | D31: =+'W17'!$K$19 -> 8317.3289 | F31: =+B27+B31+D31 -> 10514.832 | H31: =F31-F30 -> 816.267 | J31: =+'W17'!$L$19 -> 0
A32: W18 | B32: =+'W18'!$J$12 -> 2525.698 | D32: =+'W18'!$K$19 -> 8191.8489 | F32: =+B33+B32+D32 -> 10717.547 | H32: =F32-F31 -> 202.715 | J32: =+'W18'!$L$19 -> 0
A33: April YTD
A34: W19 | B34: =+'W19'!$J$12 -> 0 | D34: =+'W19'!$K$19 -> 8385.0489 | F34: =+B33+B34+D34 -> 8385.0489 | H34: =F34-F32 -> -2332.498 | J34: =+'W19'!$L$19 -> 0
A35: W20 | B35: =+'W20'!$J$12 -> 261.312 | D35: =+'W20'!$K$19 -> 8379.9929 | F35: =+B33+B35+D35 -> 8641.3049 | H35: =F35-F34 -> 256.256 | J35: =+'W20'!$L$19 -> 0
A36: W21 | B36: =+'W21'!$J$12 -> 403.452 | D36: =+'W21'!$K$19 -> 11771.371 | F36: =+B33+B36+D36 -> 12174.823 | H36: =F36-F35 -> 3533.518 | J36: =+'W21'!$L$19 -> 0
A37: W22 | B37: =+'W22'!$J$12 -> 3229.064 | D37: =+'W22'!$K$19 -> 9063.9429 | F37: =+B38+B37+D37 -> 12293.007 | H37: =F37-F36 -> 118.184 | J37: =+'W22'!$L$19 -> 0
A38: May YTD
A39: W23 | B39: =+'W23'!$J$12 -> 0 | D39: =+'W23'!$K$19 -> 9112.5209 | F39: =+B38+B39+D39 -> 9112.5209 | H39: =F39-F37 -> -3180.486 | J39: =+'W23'!$L$19 -> 0
A40: W24 | B40: =+'W24'!$J$12 -> 207.691 | D40: =+'W24'!$K$19 -> 8908.9819 | F40: =+B38+B40+D40 -> 9116.6729 | H40: =F40-F39 -> 4.152 | J40: =+'W24'!$L$19 -> 0
A41: W25 | B41: =+'W25'!$J$12 -> 263.631 | D41: =+'W25'!$K$19 -> 8993.4509 | F41: =+B38+B41+D41 -> 9257.0819 | H41: =F41-F40 -> 140.409 | J41: =+'W25'!$L$19 -> 0
A42: W26 | B42: =+'W26'!$J$12 -> 571.826 | D42: =+'W26'!$K$19 -> 8841.2559 | F42: =+B38+B42+D42 -> 9413.0819 | H42: =F42-F41 -> 156 | J42: =+'W26'!$L$19 -> 0
A43: June YTD
A44: W27 | B44: =+'W27'!$J$12 -> 0 | D44: =+'W27'!$K$19 -> 7204.4989 | F44: =+B43+B44+D44 -> 7204.4989 | H44: =F44-F42 -> -2208.583 | J44: =+'W27'!$L$19 -> 0
A45: W28 | B45: =+'W28'!$J$12 -> 205.089 | D45: =+'W28'!$K$19 -> 7254.7209 | F45: =+B43+B45+D45 -> 7459.8099 | H45: =F45-F44 -> 255.311 | J45: =+'W28'!$L$19 -> 0
A46: W29 | B46: =+'W29'!$J$12 -> 251.997 | D46: =+'W29'!$K$19 -> 7590.0459 | F46: =+B43+B46+D46 -> 7842.0429 | H46: =F46-F45 -> 382.233 | J46: =+'W29'!$L$19 -> 0
A47: W30 | B47: =+'W30'!$J$12 -> 479.991 | D47: =+'W30'!$K$19 -> 7496.6819 | F47: =+B43+B47+D47 -> 7976.6729 | H47: =F47-F46 -> 134.63 | J47: =+'W30'!$L$19 -> 0
A48: W31 | B48: =+'W31'!$J$12 -> 3002.859 | D48: =+'W31'!$K$19 -> 5092.3139 | F48: =+B43+B48+D48 -> 8095.1729 | H48: =F48-F47 -> 118.5 | J48: =+'W31'!$L$19 -> 0
A49: July YTD
A50: W32 | B50: =+'W32'!$J$12 -> 51.727 | D50: =+'W32'!$K$19 -> 5170.4559 | F50: =+B49+B50+D50 -> 5222.1829 | H50: =F50-F48 -> -2872.99 | J50: =+'W32'!$L$19 -> 0
A51: W33 | B51: =+'W33'!$J$12 -> 62.578 | D51: =+'W33'!$K$19 -> 5184.6049 | F51: =+B49+B51+D51 -> 5247.1829 | H51: =F51-F50 -> 25 | J51: =+'W33'!$L$19 -> 0
A52: W34 | B52: =+'W34'!$J$12 -> 165.964 | D52: =+'W34'!$K$19 -> 5183.5799 | F52: =+B49+B52+D52 -> 5349.5439 | H52: =F52-F51 -> 102.361 | J52: =+'W34'!$L$19 -> 0
A53: W35 | B53: =+'W35'!$J$12 -> 2031.344 | D53: =+'W35'!$K$19 -> 4970.6979 | F53: =+B48+B53+D53 -> 10004.901 | H53: =F53-F52 -> 4655.357 | J53: =+'W35'!$L$19 -> 0
A54: August YTD
A55: W36 | B55: =+'W36'!$J$12 -> 0 | D55: =+'W36'!$K$19 -> 5206.3179 | F55: =+B54+B55+D55 -> 5206.3179 | H55: =F55-F53 -> -4798.583 | J55: =+'W36'!$L$19 -> 0
A56: W37 | B56: =+'W37'!$J$12 -> 62.591 | D56: =+'W37'!$K$19 -> 5579.9779 | F56: =+B54+B56+D56 -> 5642.5689 | H56: =F56-F55 -> 436.251 | J56: =+'W37'!$L$19 -> 0
A57: W38 | B57: =+'W38'!$J$12 -> 122.695 | D57: =+'W38'!$K$19 -> 5905.5329 | F57: =+B54+B57+D57 -> 6028.2279 | H57: =F57-F56 -> 385.659 | J57: =+'W38'!$L$19 -> 0
A58: W39 | B58: =+'W39'!$J$12 -> 192.404 | D58: =+'W39'!$K$19 -> 6379.8549 | F58: =+B54+B58+D58 -> 6572.2589 | H58: =F58-F57 -> 544.031 | J58: =+'W39'!$L$19 -> 0
A59: September YTD
A60: W40 | B60: =+'W40'!$J$12 -> 0 | D60: =+'W40'!$K$19 -> 4894.8069 | F60: =+B59+B60+D60 -> 4894.8069 | H60: =F60-F58 -> -1677.452 | J60: =+'W40'!$L$19 -> 0
A61: W41 | B61: =+'W41'!$J$12 -> 0 | D61: =+'W41'!$K$19 -> 4968.4069 | F61: =+B59+B61+D61 -> 4968.4069 | H61: =F61-F60 -> 73.6 | J61: =+'W41'!$L$19 -> 407.371
A62: W42 | B62: =+'W42'!$J$12 -> 110.794 | D62: =+'W42'!$K$19 -> 5432.7099 | F62: =+B59+B62+D62 -> 5543.5039 | H62: =F62-F61 -> 575.097 | J62: =+'W42'!$L$19 -> 407.371
A63: W43 | B63: =+'W43'!$J$12 -> 0 | D63: =+'W43'!$K$19 -> 0 | F63: =+B59+B63+D63 -> 0 | H63: =F63-F62 -> -5543.5039 | J63: =+'W43'!$L$19 -> 0
A64: W44 | B64: =+'W44'!$J$12 -> 0 | D64: =+'W44'!$K$19 -> 0 | F64: =+B65+B64+D64 -> 0 | H64: =F64-F62 -> -5543.5039 | J64: =+'W44'!$L$19 -> 0
A65: October YTD
A66: W45 | B66: =+'W45'!$J$12 -> 0 | D66: =+'W45'!$K$19 -> 0 | F66: =+B65+B66+D66 -> 0 | H66: =F66-F65 -> 0 | J66: =+'W45'!$L$19 -> 0
A67: W46 | B67: =+'W46'!$J$12 -> 0 | D67: =+'W46'!$K$19 -> 0 | F67: =+B65+B67+D67 -> 0 | H67: =F67-F66 -> 0 | J67: =+'W46'!$L$19 -> 0
A68: W47 | B68: =+'W47'!$J$12 -> 0 | D68: =+'W47'!$K$19 -> 0 | F68: =+B65+B68+D68 -> 0 | H68: =F68-F67 -> 0 | J68: =+'W47'!$L$19 -> 0
A69: W48 | B69: =+'W48'!$J$12 -> 0 | D69: =+'W48'!$K$19 -> 0 | F69: =+B65+B69+D69 -> 0 | H69: =F69-F68 -> 0 | J69: =+'W48'!$L$19 -> 0
A70: November YTD
A71: W49 | B71: =+'W49'!$J$12 -> 0 | D71: =+'W49'!$K$19 -> 0 | F71: =+B70+B71+D71 -> 0 | H71: =F71-F69 -> 0 | J71: =+'W49'!$L$19 -> 0
A72: W50 | B72: =+'W50'!$J$12 -> 0 | D72: =+'W50'!$K$19 -> 0 | F72: =+B70+B72+D72 -> 0 | H72: =F72-F71 -> 0 | J72: =+'W50'!$L$19 -> 0
A73: W51 | B73: =+'W51'!$J$12 -> 0 | D73: =+'W51'!$K$19 -> 0 | F73: =+B70+B73+D73 -> 0 | H73: =F73-F72 -> 0 | J73: =+'W51'!$L$19 -> 0
A74: W52 | B74: =+'W52'!$J$12 -> 0 | D74: =+'W52'!$K$19 -> 0 | F74: =+B70+B74+D74 -> 0 | H74: =F74-F73 -> 0 | J74: =+'W52'!$L$19 -> 0
A75: December YTD

Sheet W1
E2: ENTITY NAME : | G2: =+parameters!D2 -> Diam CHINA | I2: ORDER BOOK SYNTHESIS in K€
E4: WEEK : | G4: W1 | I4: Cells to be filled in
E6: MONTH : | G6: =+VLOOKUP(G4, parameters!G:H, 2, 0) -> January
E8: TURNOVER | F8: =parameters!D4 -> k€ | H8: YTD Turnover | J8: =+G6&" Turnover" -> January Turnover | L8: Last estim. for the month: | O8: Forecast 2026
H9: =+"from January 1 until end of "&G4 -> from January 1 until end of W1 | J9: =+"from "&G6&" 1 until end of "&G4 -> from January 1 until end of W1 | L9: =+G6 -> January | O9: =+G4 -> W1
E10: EXTERNAL SALES INVOICED (=outside group) | H10: =J10 -> 0 | J10: =0 -> 0 | L10: =J10+N17 -> 263.6359 | O10: =+H10+K17 -> 1190.6519
E11: GROUP SALES INVOICED | H11: =J11 -> 0 | J11: =0 -> 0 | L11: =J11+N18 -> 4479.5 | O11: =+H11+K18 -> 8453.8 | S11: Definition orders : you consider the orders which are sure even if the order customers paper order is not yet received
E12: TOTAL | H12: =SUM(H10:H11) -> 0 | J12: =SUM(J10:J11) -> 0 | L12: =SUM(L10:L11) -> 4743.1359 | O12: =SUM(O10:O11) -> 9644.4519 | S12: The quantity, value, and delivery date can be changed before final delivery
E16: ORDERBOOK | F16: =+F8 -> k€ | J16: TOTAL ORDERBOOK | K16: Total amount 2026 | L16: Total amount 2027 | N16: 46023 | O16: 46054 | P16: 46082 | Q16: 46113 | R16: 46143 | S16: 46174 | T16: 46204 | U16: 46235 | V16: 46266 | W16: 46296 | X16: 46327 | Y16: 46357 | AA16: 46388 | AB16: 46419 | AC16: 46447 | AD16: 46478 | AE16: 46508 | AF16: 46539 | AG16: 46569 | AH16: 46600 | AI16: 46631 | AJ16: 46661 | AK16: 46692 | AL16: 46722
E17: External | J17: =+SUMIF($F$24:$F$243,"External",$J$24:$J$243) -> 1190.6519 | K17: =+SUMIF($F$24:$F$243,"External",$K$24:$K$243) -> 1190.6519 | L17: =+SUMIF($F$24:$F$243,"External",$L$24:$L$243) -> 0 | N17: =+SUMIF($F$24:$F$243,"External",N$24:N$243) -> 263.6359 | O17: =+SUMIF($F$24:$F$243,"External",O$24:O$243) -> 346 | P17: =+SUMIF($F$24:$F$243,"External",P$24:P$243) -> 107 | Q17: =+SUMIF($F$24:$F$243,"External",Q$24:Q$243) -> 398 | R17: =+SUMIF($F$24:$F$243,"External",R$24:R$243) -> 76.016 | S17: =+SUMIF($F$24:$F$243,"External",S$24:S$243) -> 0 | T17: =+SUMIF($F$24:$F$243,"External",T$24:T$243) -> 0 | U17: =+SUMIF($F$24:$F$243,"External",U$24:U$243) -> 0 | ... Y17: =+SUMIF($F$24:$F$243,"External",Y$24:Y$243) -> 0 | AA17: =+SUMIF($F$24:$F$243,"External",AA$24:AA$243) -> 0 | AB17: =+SUMIF($F$24:$F$243,"External",AB$24:AB$243) -> 0 | AC17: =+SUMIF($F$24:$F$243,"External",AC$24:AC$243) -> 0 | AD17: =+SUMIF($F$24:$F$243,"External",AD$24:AD$243) -> 0 | AE17: =+SUMIF($F$24:$F$243,"External",AE$24:AE$243) -> 0 | AF17: =+SUMIF($F$24:$F$243,"External",AF$24:AF$243) -> 0 | AG17: =+SUMIF($F$24:$F$243,"External",AG$24:AG$243) -> 0 | AH17: =+SUMIF($F$24:$F$243,"External",AH$24:AH$243) -> 0 | ... AL17: =+SUMIF($F$24:$F$243,"External",AL$24:AL$243) -> 0
E18: Group | J18: =+SUMIF($F$24:$F$243,"Group",$J$24:$J$243) -> 8453.8 | K18: =+SUMIF($F$24:$F$243,"Group",$K$24:$K$243) -> 8453.8 | L18: =SUMIF($F$24:$F$243,"Group",$L$24:$L$243) -> 0 | N18: =+SUMIF($F$24:$F$243,"Group",N$24:N$243) -> 4479.5 | O18: =+SUMIF($F$24:$F$243,"Group",O$24:O$243) -> 1592.1 | P18: =+SUMIF($F$24:$F$243,"Group",P$24:P$243) -> 507.5 | Q18: =+SUMIF($F$24:$F$243,"Group",Q$24:Q$243) -> 273.5 | R18: =+SUMIF($F$24:$F$243,"Group",R$24:R$243) -> 375.5 | S18: =+SUMIF($F$24:$F$243,"Group",S$24:S$243) -> 1218 | T18: =+SUMIF($F$24:$F$243,"Group",T$24:T$243) -> 7.7 | U18: =+SUMIF($F$24:$F$243,"Group",U$24:U$243) -> 0 | ... Y18: =+SUMIF($F$24:$F$243,"Group",Y$24:Y$243) -> 0 | AA18: =+SUMIF($F$24:$F$243,"Group",AA$24:AA$243) -> 0 | AB18: =+SUMIF($F$24:$F$243,"Group",AB$24:AB$243) -> 0 | AC18: =+SUMIF($F$24:$F$243,"Group",AC$24:AC$243) -> 0 | AD18: =+SUMIF($F$24:$F$243,"Group",AD$24:AD$243) -> 0 | AE18: =+SUMIF($F$24:$F$243,"Group",AE$24:AE$243) -> 0 | AF18: =+SUMIF($F$24:$F$243,"Group",AF$24:AF$243) -> 0 | AG18: =+SUMIF($F$24:$F$243,"Group",AG$24:AG$243) -> 0 | AH18: =+SUMIF($F$24:$F$243,"Group",AH$24:AH$243) -> 0 | ... AL18: =+SUMIF($F$24:$F$243,"Group",AL$24:AL$243) -> 0
E19: TOTAL | J19: =SUM(J17:J18) -> 9644.4519 | K19: =SUM(K17:K18) -> 9644.4519 | L19: =SUM(L17:L18) -> 0 | N19: =SUM(N17:N18) -> 4743.1359 | O19: =SUM(O17:O18) -> 1938.1 | P19: =SUM(P17:P18) -> 614.5 | Q19: =SUM(Q17:Q18) -> 671.5 | R19: =SUM(R17:R18) -> 451.516 | S19: =SUM(S17:S18) -> 1218 | T19: =SUM(T17:T18) -> 7.7 | U19: =SUM(U17:U18) -> 0 | ... Y19: =SUM(Y17:Y18) -> 0 | AA19: =SUM(AA17:AA18) -> 0 | AB19: =SUM(AB17:AB18) -> 0 | AC19: =SUM(AC17:AC18) -> 0 | AD19: =SUM(AD17:AD18) -> 0 | AE19: =SUM(AE17:AE18) -> 0 | AF19: =SUM(AF17:AF18) -> 0 | AG19: =SUM(AG17:AG18) -> 0 | AH19: =SUM(AH17:AH18) -> 0 | ... AL19: =SUM(AL17:AL18) -> 0
I21: check | J21: =IF(SUM(J24:J243)=J19, "OK", "Please correct: the sum of orders below is not equal to the total calculated above. Make sure to pick External or Group for each order and don't change the formulas in columns K and L") -> OK | N21: 2026 | AA21: 2027
E23: Order (Tooling including) to be delivered | F23: External or Group | G23: Customers orders | H23: Quantity | I23: DGC | J23: TOTAL ORDERBOOK | K23: Total amount 2026 | L23: Total amount 2027 | N23: 46023 | O23: 46054 | P23: 46082 | Q23: 46113 | R23: 46143 | S23: 46174 | T23: 46204 | U23: 46235 | V23: 46266 | W23: 46296 | X23: 46327 | Y23: 46357 | AA23: 46388 | AB23: 46419 | AC23: 46447 | AD23: 46478 | AE23: 46508 | AF23: 46539 | AG23: 46569 | AH23: 46600 | AI23: 46631 | AJ23: 46661 | AK23: 46692 | AL23: 46722
D24: X | E24: DEHK | F24: Group | G24: DEHK HK | I24: G | J24: =+K24+L24 -> 8353.8 | K24: =SUM(N24:Y24) -> 8353.8 | L24: =SUM(AA24:AL24) -> 0 | N24: 4429.5 | O24: 1542.1 | P24: 507.5 | Q24: 273.5 | R24: 375.5 | S24: 1218 | T24: 7.7
E25: DIAM Singapore | F25: Group | G25: DIAM SINGAPORE | I25: G | J25: =+K25+L25 -> 100 | K25: =SUM(N25:Y25) -> 100 | L25: =SUM(AA25:AL25) -> 0 | N25: 50 | O25: 50
E26: Sephora | F26: External | G26: SEPHORA | I26: E | J26: =+K26+L26 -> 292.454 | K26: =SUM(N26:Y26) -> 292.454 | L26: =SUM(AA26:AL26) -> 0 | N26: 17.438 | O26: 128 | P26: 94 | R26: 53.016
E27: Burberry/Gucci/Lancaster | F27: External | G27: Coty | I27: E | J27: =+K27+L27 -> 132.957 | K27: =SUM(N27:Y27) -> 132.957 | L27: =SUM(AA27:AL27) -> 0 | N27: 28.957 | O27: 104
E28: Fenty | F28: External | G28: FENTY | I28: E | J28: =+K28+L28 -> 3.708 | K28: =SUM(N28:Y28) -> 3.708 | L28: =SUM(AA28:AL28) -> 0 | N28: 3.708
E29: Herbeast/Komfymed/Chaling | F29: External | G29: SEPHORA-Exclusive brands | I29: E | J29: =+K29+L29 -> 10.366 | K29: =SUM(N29:Y29) -> 10.366 | L29: =SUM(AA29:AL29) -> 0 | N29: 8.366 | O29: 2
E30: Benefit/Fresh/Guerlain/Kenzo/Givenchy | F30: External | G30: LVMH | I30: E | J30: =+K30+L30 -> 153.9259 | K30: =SUM(N30:Y30) -> 153.9259 | L30: =SUM(AA30:AL30) -> 0 | N30: 59.9259 | P30: 13 | Q30: 58 | R30: 23
E31: ETERNAL( Laura Mercier) | F31: External | G31: ETERNAL | I31: E | J31: =+K31+L31 -> 6.251 | K31: =SUM(N31:Y31) -> 6.251 | L31: =SUM(AA31:AL31) -> 0 | N31: 2.251 | O31: 4
E32: Perfect Diary | F32: External | G32: Perfect Diary | I32: E | J32: =+K32+L32 -> 14.456 | K32: =SUM(N32:Y32) -> 14.456 | L32: =SUM(AA32:AL32) -> 0 | N32: 12.456 | O32: 2
E33: Clinique/BB/MAC/Estee Lauder | F33: External | G33: Estee Lauder | I33: E | J33: =+K33+L33 -> 6.75 | K33: =SUM(N33:Y33) -> 6.75 | L33: =SUM(AA33:AL33) -> 0 | N33: 5.75 | O33: 1
E34: Hourglass | F34: External | G34: Hourglass | I34: E | J34: =+K34+L34 -> 360 | K34: =SUM(N34:Y34) -> 360 | L34: =SUM(AA34:AL34) -> 0 | N34: 20 | Q34: 340
E35: L‘oreal | F35: External | G35: L‘oreal(PACK) | I35: E | J35: =+K35+L35 -> 209.784 | K35: =SUM(N35:Y35) -> 209.784 | L35: =SUM(AA35:AL35) -> 0 | N35: 104.784 | O35: 105
J36: =+K36+L36 -> 0 | K36: =SUM(N36:Y36) -> 0 | L36: =SUM(AA36:AL36) -> 0
J37: =+K37+L37 -> 0 | K37: =SUM(N37:Y37) -> 0 | L37: =SUM(AA37:AL37) -> 0
J38: =+K38+L38 -> 0 | K38: =SUM(N38:Y38) -> 0 | L38: =SUM(AA38:AL38) -> 0
J39: =+K39+L39 -> 0 | K39: =SUM(N39:Y39) -> 0 | L39: =SUM(AA39:AL39) -> 0
J40: =+K40+L40 -> 0 | K40: =SUM(N40:Y40) -> 0 | L40: =SUM(AA40:AL40) -> 0
J41: =+K41+L41 -> 0 | K41: =SUM(N41:Y41) -> 0 | L41: =SUM(AA41:AL41) -> 0
J42: =+K42+L42 -> 0 | K42: =SUM(N42:Y42) -> 0 | L42: =SUM(AA42:AL42) -> 0
J43: =+K43+L43 -> 0 | K43: =SUM(N43:Y43) -> 0 | L43: =SUM(AA43:AL43) -> 0
J44: =+K44+L44 -> 0 | K44: =SUM(N44:Y44) -> 0 | L44: =SUM(AA44:AL44) -> 0
J45: =+K45+L45 -> 0 | K45: =SUM(N45:Y45) -> 0 | L45: =SUM(AA45:AL45) -> 0
J46: =+K46+L46 -> 0 | K46: =SUM(N46:Y46) -> 0 | L46: =SUM(AA46:AL46) -> 0
J47: =+K47+L47 -> 0 | K47: =SUM(N47:Y47) -> 0 | L47: =SUM(AA47:AL47) -> 0
... J243: =+K243+L243 -> 0 | K243: =SUM(N243:Y243) -> 0 | L243: =SUM(AA243:AL243) -> 0

Sheet W2
E2: ENTITY NAME : | G2: =+parameters!D2 -> Diam CHINA | I2: ORDER BOOK SYNTHESIS in K€
E4: WEEK : | G4: W2 | I4: Cells to be filled in
E6: MONTH : | G6: =+VLOOKUP(G4, parameters!G:H, 2, 0) -> January
E8: TURNOVER | F8: =parameters!D4 -> k€ | H8: YTD Turnover | J8: =+G6&" Turnover" -> January Turnover | L8: Last estim. for the month: | O8: Forecast 2026
H9: =+"from January 1 until end of "&G4 -> from January 1 until end of W2 | J9: =+"from "&G6&" 1 until end of "&G4 -> from January 1 until end of W2 | L9: =+G6 -> January | O9: =+G4 -> W2 | P9: =+VLOOKUP(G4, parameters!$G$9:$I$61,3,0) -> W1 | Q9: Var
E10: EXTERNAL SALES INVOICED (=outside group) | H10: =J10 -> 0 | J10: =0 -> 0 | L10: =J10+N17 -> 518.6629 | O10: =+H10+K17 -> 1560.5729 | P10: {=INDIRECT(ADDRESS(10,15,,,VLOOKUP($G$4,parameters!$G:$I,3,0)))} -> 1190.6519 | Q10: =O10-P10 -> 369.921
E11: GROUP SALES INVOICED | H11: =J11 -> 93.912 | J11: =0+93.912 -> 93.912 | L11: =J11+N18 -> 4483.112 | O11: =+H11+K18 -> 8732.712 | P11: {=INDIRECT(ADDRESS(11,15,,,VLOOKUP($G$4,parameters!$G:$I,3,0)))} -> 8453.8 | Q11: =O11-P11 -> 278.912 | S11: Definition orders : you consider the orders which are sure even if the order customers paper order is not yet received
E12: TOTAL | H12: =SUM(H10:H11) -> 93.912 | J12: =SUM(J10:J11) -> 93.912 | L12: =SUM(L10:L11) -> 5001.7749 | O12: =SUM(O10:O11) -> 10293.285 | P12: =SUM(P10:P11) -> 9644.4519 | Q12: =O12-P12 -> 648.833 | S12: The quantity, value, and delivery date can be changed before final delivery
E16: ORDERBOOK | F16: =+F8 -> k€ | J16: TOTAL ORDERBOOK | K16: Total amount 2026 | L16: Total amount 2027 | N16: 46023 | O16: 46054 | P16: 46082 | Q16: 46113 | R16: 46143 | S16: 46174 | T16: 46204 | U16: 46235 | V16: 46266 | W16: 46296 | X16: 46327 | Y16: 46357 | AA16: 46388 | AB16: 46419 | AC16: 46447 | AD16: 46478 | AE16: 46508 | AF16: 46539 | AG16: 46569 | AH16: 46600 | AI16: 46631 | AJ16: 46661 | AK16: 46692 | AL16: 46722
E17: External | J17: =+SUMIF($F$24:$F$252,"External",$J$24:$J$252) -> 1560.5729 | K17: =+SUMIF($F$24:$F$252,"External",$K$24:$K$252) -> 1560.5729 | L17: =+SUMIF($F$24:$F$252,"External",$L$24:$L$252) -> 0 | N17: =+SUMIF($F$24:$F$252,"External",N$24:N$252) -> 518.6629 | O17: =+SUMIF($F$24:$F$252,"External",O$24:O$252) -> 340.438 | P17: =+SUMIF($F$24:$F$252,"External",P$24:P$252) -> 190 | Q17: =+SUMIF($F$24:$F$252,"External",Q$24:Q$252) -> 151.472 | R17: =+SUMIF($F$24:$F$252,"External",R$24:R$252) -> 0 | S17: =+SUMIF($F$24:$F$252,"External",S$24:S$252) -> 0 | T17: =+SUMIF($F$24:$F$252,"External",T$24:T$252) -> 0 | U17: =+SUMIF($F$24:$F$252,"External",U$24:U$252) -> 360 | ... Y17: =+SUMIF($F$24:$F$252,"External",Y$24:Y$252) -> 0 | AA17: =+SUMIF($F$24:$F$252,"External",AA$24:AA$252) -> 0 | AB17: =+SUMIF($F$24:$F$252,"External",AB$24:AB$252) -> 0 | AC17: =+SUMIF($F$24:$F$252,"External",AC$24:AC$252) -> 0 | AD17: =+SUMIF($F$24:$F$252,"External",AD$24:AD$252) -> 0 | AE17: =+SUMIF($F$24:$F$252,"External",AE$24:AE$252) -> 0 | AF17: =+SUMIF($F$24:$F$252,"External",AF$24:AF$252) -> 0 | AG17: =+SUMIF($F$24:$F$252,"External",AG$24:AG$252) -> 0 | AH17: =+SUMIF($F$24:$F$252,"External",AH$24:AH$252) -> 0 | ... AL17: =+SUMIF($F$24:$F$252,"External",AL$24:AL$252) -> 0
E18: Group | J18: =+SUMIF($F$24:$F$252,"Group",$J$24:$J$252) -> 8638.8 | K18: =+SUMIF($F$24:$F$252,"Group",$K$24:$K$252) -> 8638.8 | L18: =SUMIF($F$24:$F$252,"Group",$L$24:$L$252) -> 0 | N18: =+SUMIF($F$24:$F$252,"Group",N$24:N$252) -> 4389.2 | O18: =+SUMIF($F$24:$F$252,"Group",O$24:O$252) -> 1624.3 | P18: =+SUMIF($F$24:$F$252,"Group",P$24:P$252) -> 342.5 | Q18: =+SUMIF($F$24:$F$252,"Group",Q$24:Q$252) -> 302.2 | R18: =+SUMIF($F$24:$F$252,"Group",R$24:R$252) -> 73.5 | S18: =+SUMIF($F$24:$F$252,"Group",S$24:S$252) -> 200.5 | T18: =+SUMIF($F$24:$F$252,"Group",T$24:T$252) -> 322.7 | U18: =+SUMIF($F$24:$F$252,"Group",U$24:U$252) -> 1383.9 | ... Y18: =+SUMIF($F$24:$F$252,"Group",Y$24:Y$252) -> 0 | AA18: =+SUMIF($F$24:$F$252,"Group",AA$24:AA$252) -> 0 | AB18: =+SUMIF($F$24:$F$252,"Group",AB$24:AB$252) -> 0 | AC18: =+SUMIF($F$24:$F$252,"Group",AC$24:AC$252) -> 0 | AD18: =+SUMIF($F$24:$F$252,"Group",AD$24:AD$252) -> 0 | AE18: =+SUMIF($F$24:$F$252,"Group",AE$24:AE$252) -> 0 | AF18: =+SUMIF($F$24:$F$252,"Group",AF$24:AF$252) -> 0 | AG18: =+SUMIF($F$24:$F$252,"Group",AG$24:AG$252) -> 0 | AH18: =+SUMIF($F$24:$F$252,"Group",AH$24:AH$252) -> 0 | ... AL18: =+SUMIF($F$24:$F$252,"Group",AL$24:AL$252) -> 0
E19: TOTAL | J19: =SUM(J17:J18) -> 10199.373 | K19: =SUM(K17:K18) -> 10199.373 | L19: =SUM(L17:L18) -> 0 | N19: =SUM(N17:N18) -> 4907.8629 | O19: =SUM(O17:O18) -> 1964.738 | P19: =SUM(P17:P18) -> 532.5 | Q19: =SUM(Q17:Q18) -> 453.672 | R19: =SUM(R17:R18) -> 73.5 | S19: =SUM(S17:S18) -> 200.5 | T19: =SUM(T17:T18) -> 322.7 | U19: =SUM(U17:U18) -> 1743.9 | ... Y19: =SUM(Y17:Y18) -> 0 | AA19: =SUM(AA17:AA18) -> 0 | AB19: =SUM(AB17:AB18) -> 0 | AC19: =SUM(AC17:AC18) -> 0 | AD19: =SUM(AD17:AD18) -> 0 | AE19: =SUM(AE17:AE18) -> 0 | AF19: =SUM(AF17:AF18) -> 0 | AG19: =SUM(AG17:AG18) -> 0 | AH19: =SUM(AH17:AH18) -> 0 | ... AL19: =SUM(AL17:AL18) -> 0
I21: check | J21: =IF(SUM(J24:J252)=J19, "OK", "Please correct: the sum of orders below is not equal to the total calculated above. Make sure to pick External or Group for each order and don't change the formulas in columns K and L") -> OK | N21: 2026 | AA21: 2027
E23: Order (Tooling including) to be delivered | F23: External or Group | G23: Customers orders | H23: Quantity | I23: DGC | J23: TOTAL ORDERBOOK | K23: Total amount 2026 | L23: Total amount 2027 | N23: 46023 | O23: 46054 | P23: 46082 | Q23: 46113 | R23: 46143 | S23: 46174 | T23: 46204 | U23: 46235 | V23: 46266 | W23: 46296 | X23: 46327 | Y23: 46357 | AA23: 46388 | AB23: 46419 | AC23: 46447 | AD23: 46478 | AE23: 46508 | AF23: 46539 | AG23: 46569 | AH23: 46600 | AI23: 46631 | AJ23: 46661 | AK23: 46692 | AL23: 46722
D24: X | E24: DEHK | F24: Group | G24: DEHK HK | I24: G | J24: =+K24+L24 -> 8538.8 | K24: =SUM(N24:Y24) -> 8538.8 | L24: =SUM(AA24:AL24) -> 0 | N24: 4351.2 | O24: 1623.3 | P24: 336.5 | Q24: 302.2 | R24: 73.5 | S24: 145.5 | T24: 322.7 | U24: 1383.9
E25: DIAM Singapore | F25: Group | G25: DIAM SINGAPORE | I25: G | J25: =+K25+L25 -> 100 | K25: =SUM(N25:Y25) -> 100 | L25: =SUM(AA25:AL25) -> 0 | N25: =50-12 -> 38 | O25: 1 | P25: 6 | S25: =50-1-6+12 -> 55
E26: Sephora | F26: External | G26: SEPHORA | I26: E | J26: =+K26+L26 -> 309.454 | K26: =SUM(N26:Y26) -> 309.454 | L26: =SUM(AA26:AL26) -> 0 | O26: =128+17.438+94-9 -> 230.438 | Q26: =53.016+9+17 -> 79.016
E27: Burberry/Gucci/Lancaster | F27: External | G27: Coty | I27: E | J27: =+K27+L27 -> 141.957 | K27: =SUM(N27:Y27) -> 141.957 | L27: =SUM(AA27:AL27) -> 0 | N27: =28.957+8 -> 36.957 | O27: =104-8+9 -> 105
E28: Fenty | F28: External | G28: FENTY | I28: E | J28: =+K28+L28 -> 6.708 | K28: =SUM(N28:Y28) -> 6.708 | L28: =SUM(AA28:AL28) -> 0 | N28: =3.708+3 -> 6.708
E29: Herbeast/Komfymed/Chaling | F29: External | G29: SEPHORA-Exclusive brands | I29: E | J29: =+K29+L29 -> 10.366 | K29: =SUM(N29:Y29) -> 10.366 | L29: =SUM(AA29:AL29) -> 0 | N29: =8.366-3 -> 5.366 | P29: 5
E30: Benefit/Fresh/Guerlain/Kenzo/Givenchy | F30: External | G30: LVMH | I30: E | J30: =+K30+L30 -> 153.9259 | K30: =SUM(N30:Y30) -> 153.9259 | L30: =SUM(AA30:AL30) -> 0 | N30: =59.9259-2 -> 57.9259 | P30: =13+2+21 -> 36 | Q30: =58+2 -> 60
E31: ETERNAL( Laura Mercier) | F31: External | G31: ETERNAL | I31: E | J31: =+K31+L31 -> 6.251 | K31: =SUM(N31:Y31) -> 6.251 | L31: =SUM(AA31:AL31) -> 0 | N31: 2.251 | O31: 4
E32: Perfect Diary | F32: External | G32: Perfect Diary | I32: E | J32: =+K32+L32 -> 14.456 | K32: =SUM(N32:Y32) -> 14.456 | L32: =SUM(AA32:AL32) -> 0 | N32: 2 | Q32: 12.456
E33: Clinique/BB/MAC/Estee Lauder | F33: External | G33: Estee Lauder | I33: E | J33: =+K33+L33 -> 6.75 | K33: =SUM(N33:Y33) -> 6.75 | L33: =SUM(AA33:AL33) -> 0 | N33: 5.75 | O33: 1
E34: Hourglass | F34: External | G34: Hourglass | I34: E | J34: =+K34+L34 -> 360 | K34: =SUM(N34:Y34) -> 360 | L34: =SUM(AA34:AL34) -> 0 | U34: 360
E35: ARMANI | F35: External | G35: ARMANI | I35: G | J35: =+K35+L35 -> 9.921 | K35: =SUM(N35:Y35) -> 9.921 | L35: =SUM(AA35:AL35) -> 0 | N35: 9.921
E36: Galenic | F36: External | G36: Galenic | I36: E | J36: =+K36+L36 -> 23 | K36: =SUM(N36:Y36) -> 23 | L36: =SUM(AA36:AL36) -> 0 | P36: 23
E37: YAMEI(Trading) | F37: External | G37: YAMEI(Trading) | I37: E | J37: =+K37+L37 -> 170 | K37: =SUM(N37:Y37) -> 170 | L37: =SUM(AA37:AL37) -> 0 | N37: 170
E38: L‘oreal | F38: External | G38: L‘oreal(PACK) | I38: E | J38: =+K38+L38 -> 347.784 | K38: =SUM(N38:Y38) -> 347.784 | L38: =SUM(AA38:AL38) -> 0 | N38: =104.784+105+12 -> 221.784 | P38: 126
J39: =+K39+L39 -> 0 | K39: =SUM(N39:Y39) -> 0 | L39: =SUM(AA39:AL39) -> 0
J40: =+K40+L40 -> 0 | K40: =SUM(N40:Y40) -> 0 | L40: =SUM(AA40:AL40) -> 0
J41: =+K41+L41 -> 0 | K41: =SUM(N41:Y41) -> 0 | L41: =SUM(AA41:AL41) -> 0
J42: =+K42+L42 -> 0 | K42: =SUM(N42:Y42) -> 0 | L42: =SUM(AA42:AL42) -> 0
J43: =+K43+L43 -> 0 | K43: =SUM(N43:Y43) -> 0 | L43: =SUM(AA43:AL43) -> 0
J44: =+K44+L44 -> 0 | K44: =SUM(N44:Y44) -> 0 | L44: =SUM(AA44:AL44) -> 0
J45: =+K45+L45 -> 0 | K45: =SUM(N45:Y45) -> 0 | L45: =SUM(AA45:AL45) -> 0
J46: =+K46+L46 -> 0 | K46: =SUM(N46:Y46) -> 0 | L46: =SUM(AA46:AL46) -> 0
J47: =+K47+L47 -> 0 | K47: =SUM(N47:Y47) -> 0 | L47: =SUM(AA47:AL47) -> 0
J48: =+K48+L48 -> 0 | K48: =SUM(N48:Y48) -> 0 | L48: =SUM(AA48:AL48) -> 0
J49: =+K49+L49 -> 0 | K49: =SUM(N49:Y49) -> 0 | L49: =SUM(AA49:AL49) -> 0
J50: =+K50+L50 -> 0 | K50: =SUM(N50:Y50) -> 0 | L50: =SUM(AA50:AL50) -> 0
... J253: =+K253+L253 -> 0 | K253: =SUM(N253:Y253) -> 0 | L253: =SUM(AA253:AL253) -> 0

Sheet W3
E2: ENTITY NAME : | G2: =+parameters!D2 -> Diam CHINA | I2: ORDER BOOK SYNTHESIS in K€
E4: WEEK : | G4: W3 | I4: Cells to be filled in
E6: MONTH : | G6: =+VLOOKUP(G4, parameters!G:H, 2, 0) -> January
E8: TURNOVER | F8: =parameters!D4 -> k€ | H8: YTD Turnover | J8: =+G6&" Turnover" -> January Turnover | L8: Last estim. for the month: | O8: Forecast 2026
H9: =+"from January 1 until end of "&G4 -> from January 1 until end of W3 | J9: =+"from "&G6&" 1 until end of "&G4 -> from January 1 until end of W3 | L9: =+G6 -> January | O9: =+G4 -> W3 | P9: =+VLOOKUP(G4, parameters!$G$9:$I$61,3,0) -> W2 | Q9: Var
E10: EXTERNAL SALES INVOICED (=outside group) | H10: =J10 -> 42.329 | J10: =0+42.329 -> 42.329 | L10: =J10+N17 -> 568.9129 | O10: =+H10+K17 -> 1585.3269 | P10: {=INDIRECT(ADDRESS(10,15,,,VLOOKUP($G$4,parameters!$G:$I,3,0)))} -> 1560.5729 | Q10: =O10-P10 -> 24.754
E11: GROUP SALES INVOICED | H11: =J11 -> 276.786 | J11: =0+93.912+182.874 -> 276.786 | L11: =J11+N18 -> 4309.286 | O11: =+H11+K18 -> 8866.186 | P11: {=INDIRECT(ADDRESS(11,15,,,VLOOKUP($G$4,parameters!$G:$I,3,0)))} -> 8732.712 | Q11: =O11-P11 -> 133.474 | S11: Definition orders : you consider the orders which are sure even if the order customers paper order is not yet received
E12: TOTAL | H12: =SUM(H10:H11) -> 319.115 | J12: =SUM(J10:J11) -> 319.115 | L12: =SUM(L10:L11) -> 4878.1989 | O12: =SUM(O10:O11) -> 10451.513 | P12: =SUM(P10:P11) -> 10293.285 | Q12: =O12-P12 -> 158.228 | S12: The quantity, value, and delivery date can be changed before final delivery
E16: ORDERBOOK | F16: =+F8 -> k€ | J16: TOTAL ORDERBOOK | K16: Total amount 2026 | L16: Total amount 2027 | N16: 46023 | O16: 46054 | P16: 46082 | Q16: 46113 | R16: 46143 | S16: 46174 | T16: 46204 | U16: 46235 | V16: 46266 | W16: 46296 | X16: 46327 | Y16: 46357 | AA16: 46388 | AB16: 46419 | AC16: 46447 | AD16: 46478 | AE16: 46508 | AF16: 46539 | AG16: 46569 | AH16: 46600 | AI16: 46631 | AJ16: 46661 | AK16: 46692 | AL16: 46722
E17: External | J17: =+SUMIF($F$24:$F$251,"External",$J$24:$J$251) -> 1542.9979 | K17: =+SUMIF($F$24:$F$251,"External",$K$24:$K$251) -> 1542.9979 | L17: =+SUMIF($F$24:$F$251,"External",$L$24:$L$251) -> 0 | N17: =+SUMIF($F$24:$F$251,"External",N$24:N$251) -> 526.5839 | O17: =+SUMIF($F$24:$F$251,"External",O$24:O$251) -> 281.674 | P17: =+SUMIF($F$24:$F$251,"External",P$24:P$251) -> 181.921 | Q17: =+SUMIF($F$24:$F$251,"External",Q$24:Q$251) -> 210.472 | R17: =+SUMIF($F$24:$F$251,"External",R$24:R$251) -> 0 | S17: =+SUMIF($F$24:$F$251,"External",S$24:S$251) -> 0 | T17: =+SUMIF($F$24:$F$251,"External",T$24:T$251) -> 0 | U17: =+SUMIF($F$24:$F$251,"External",U$24:U$251) -> 342.347 | ... Y17: =+SUMIF($F$24:$F$251,"External",Y$24:Y$251) -> 0 | AA17: =+SUMIF($F$24:$F$251,"External",AA$24:AA$251) -> 0 | AB17: =+SUMIF($F$24:$F$251,"External",AB$24:AB$251) -> 0 | AC17: =+SUMIF($F$24:$F$251,"External",AC$24:AC$251) -> 0 | AD17: =+SUMIF($F$24:$F$251,"External",AD$24:AD$251) -> 0 | AE17: =+SUMIF($F$24:$F$251,"External",AE$24:AE$251) -> 0 | AF17: =+SUMIF($F$24:$F$251,"External",AF$24:AF$251) -> 0 | AG17: =+SUMIF($F$24:$F$251,"External",AG$24:AG$251) -> 0 | AH17: =+SUMIF($F$24:$F$251,"External",AH$24:AH$251) -> 0 | ... AL17: =+SUMIF($F$24:$F$251,"External",AL$24:AL$251) -> 0
E18: Group | J18: =+SUMIF($F$24:$F$251,"Group",$J$24:$J$251) -> 8589.4 | K18: =+SUMIF($F$24:$F$251,"Group",$K$24:$K$251) -> 8589.4 | L18: =SUMIF($F$24:$F$251,"Group",$L$24:$L$251) -> 0 | N18: =+SUMIF($F$24:$F$251,"Group",N$24:N$251) -> 4032.5 | O18: =+SUMIF($F$24:$F$251,"Group",O$24:O$251) -> 1599.3 | P18: =+SUMIF($F$24:$F$251,"Group",P$24:P$251) -> 352.5 | Q18: =+SUMIF($F$24:$F$251,"Group",Q$24:Q$251) -> 373.1 | R18: =+SUMIF($F$24:$F$251,"Group",R$24:R$251) -> 73.5 | S18: =+SUMIF($F$24:$F$251,"Group",S$24:S$251) -> 393.5 | T18: =+SUMIF($F$24:$F$251,"Group",T$24:T$251) -> 322.5 | U18: =+SUMIF($F$24:$F$251,"Group",U$24:U$251) -> 1442.5 | ... Y18: =+SUMIF($F$24:$F$251,"Group",Y$24:Y$251) -> 0 | AA18: =+SUMIF($F$24:$F$251,"Group",AA$24:AA$251) -> 0 | AB18: =+SUMIF($F$24:$F$251,"Group",AB$24:AB$251) -> 0 | AC18: =+SUMIF($F$24:$F$251,"Group",AC$24:AC$251) -> 0 | AD18: =+SUMIF($F$24:$F$251,"Group",AD$24:AD$251) -> 0 | AE18: =+SUMIF($F$24:$F$251,"Group",AE$24:AE$251) -> 0 | AF18: =+SUMIF($F$24:$F$251,"Group",AF$24:AF$251) -> 0 | AG18: =+SUMIF($F$24:$F$251,"Group",AG$24:AG$251) -> 0 | AH18: =+SUMIF($F$24:$F$251,"Group",AH$24:AH$251) -> 0 | ... AL18: =+SUMIF($F$24:$F$251,"Group",AL$24:AL$251) -> 0
E19: TOTAL | J19: =SUM(J17:J18) -> 10132.398 | K19: =SUM(K17:K18) -> 10132.398 | L19: =SUM(L17:L18) -> 0 | N19: =SUM(N17:N18) -> 4559.0839 | O19: =SUM(O17:O18) -> 1880.974 | P19: =SUM(P17:P18) -> 534.421 | Q19: =SUM(Q17:Q18) -> 583.572 | R19: =SUM(R17:R18) -> 73.5 | S19: =SUM(S17:S18) -> 393.5 | T19: =SUM(T17:T18) -> 322.5 | U19: =SUM(U17:U18) -> 1784.847 | ... Y19: =SUM(Y17:Y18) -> 0 | AA19: =SUM(AA17:AA18) -> 0 | AB19: =SUM(AB17:AB18) -> 0 | AC19: =SUM(AC17:AC18) -> 0 | AD19: =SUM(AD17:AD18) -> 0 | AE19: =SUM(AE17:AE18) -> 0 | AF19: =SUM(AF17:AF18) -> 0 | AG19: =SUM(AG17:AG18) -> 0 | AH19: =SUM(AH17:AH18) -> 0 | ... AL19: =SUM(AL17:AL18) -> 0
I21: check | J21: =IF(SUM(J24:J251)=J19, "OK", "Please correct: the sum of orders below is not equal to the total calculated above. Make sure to pick External or Group for each order and don't change the formulas in columns K and L") -> OK | N21: 2026 | AA21: 2027
E23: Order (Tooling including) to be delivered | F23: External or Group | G23: Customers orders | H23: Quantity | I23: DGC | J23: TOTAL ORDERBOOK | K23: Total amount 2026 | L23: Total amount 2027 | N23: 46023 | O23: 46054 | P23: 46082 | Q23: 46113 | R23: 46143 | S23: 46174 | T23: 46204 | U23: 46235 | V23: 46266 | W23: 46296 | X23: 46327 | Y23: 46357 | AA23: 46388 | AB23: 46419 | AC23: 46447 | AD23: 46478 | AE23: 46508 | AF23: 46539 | AG23: 46569 | AH23: 46600 | AI23: 46631 | AJ23: 46661 | AK23: 46692 | AL23: 46722
D24: X | E24: DEHK | F24: Group | G24: DEHK HK | I24: G | J24: =+K24+L24 -> 8489.4 | K24: =SUM(N24:Y24) -> 8489.4 | L24: =SUM(AA24:AL24) -> 0 | N24: 3994.5 | O24: 1588.3 | P24: 346.5 | Q24: 373.1 | R24: 73.5 | S24: 348.5 | T24: 322.5 | U24: 1442.5
E25: DIAM Singapore | F25: Group | G25: DIAM SINGAPORE | I25: G | J25: =+K25+L25 -> 100 | K25: =SUM(N25:Y25) -> 100 | L25: =SUM(AA25:AL25) -> 0 | N25: 38 | O25: =1+10 -> 11 | P25: 6 | S25: =55-10 -> 45
E26: Sephora | F26: External | G26: SEPHORA | I26: E | J26: =+K26+L26 -> 306.69 | K26: =SUM(N26:Y26) -> 306.69 | L26: =SUM(AA26:AL26) -> 0 | O26: =230.438-2.764-58 -> 169.674 | Q26: =79.016+58 -> 137.016
E27: Burberry/Gucci/Lancaster | F27: External | G27: Coty | I27: E | J27: =+K27+L27 -> 141.957 | K27: =SUM(N27:Y27) -> 141.957 | L27: =SUM(AA27:AL27) -> 0 | N27: 36.957 | O27: 105
E28: Fenty | F28: External | G28: FENTY | I28: E | J28: =+K28+L28 -> 2.793 | K28: =SUM(N28:Y28) -> 2.793 | L28: =SUM(AA28:AL28) -> 0 | N28: =6.708-6.415+2.5 -> 2.793
E29: Herbeast/Komfymed/Chaling | F29: External | G29: SEPHORA-Exclusive brands | I29: E | J29: =+K29+L29 -> 8.123 | K29: =SUM(N29:Y29) -> 8.123 | L29: =SUM(AA29:AL29) -> 0 | N29: =5.366-0.513-0.24-1.49 -> 3.123 | P29: 5
E30: Benefit/Fresh/Guerlain/Kenzo/Givenchy | F30: External | G30: LVMH | I30: E | J30: =+K30+L30 -> 153.9259 | K30: =SUM(N30:Y30) -> 153.9259 | L30: =SUM(AA30:AL30) -> 0 | N30: =57.9259+22 -> 79.9259 | P30: =36-23 -> 13 | Q30: =60-22+23 -> 61
E31: ETERNAL( Laura Mercier) | F31: External | G31: ETERNAL | I31: E | J31: =+K31+L31 -> 6.251 | K31: =SUM(N31:Y31) -> 6.251 | L31: =SUM(AA31:AL31) -> 0 | N31: 2.251 | O31: 4
E32: Perfect Diary | F32: External | G32: Perfect Diary | I32: E | J32: =+K32+L32 -> 14.456 | K32: =SUM(N32:Y32) -> 14.456 | L32: =SUM(AA32:AL32) -> 0 | N32: 2 | Q32: 12.456
E33: Clinique/BB/MAC/Estee Lauder | F33: External | G33: Estee Lauder | I33: E | J33: =+K33+L33 -> 10.75 | K33: =SUM(N33:Y33) -> 10.75 | L33: =SUM(AA33:AL33) -> 0 | N33: =5.75+1+1 -> 7.75 | O33: 3
E34: Hourglass | F34: External | G34: Hourglass | I34: E | J34: =+K34+L34 -> 342.347 | K34: =SUM(N34:Y34) -> 342.347 | L34: =SUM(AA34:AL34) -> 0 | U34: =360-17.653 -> 342.347
E35: ARMANI | F35: External | G35: ARMANI | I35: G | J35: =+K35+L35 -> 9.921 | K35: =SUM(N35:Y35) -> 9.921 | L35: =SUM(AA35:AL35) -> 0 | P35: 9.921
E36: Galenic | F36: External | G36: Galenic | I36: E | J36: =+K36+L36 -> 28 | K36: =SUM(N36:Y36) -> 28 | L36: =SUM(AA36:AL36) -> 0 | P36: =23+5 -> 28
E37: YAMEI(Trading) | F37: External | G37: YAMEI(Trading) | I37: E | J37: =+K37+L37 -> 170 | K37: =SUM(N37:Y37) -> 170 | L37: =SUM(AA37:AL37) -> 0 | N37: 170
E38: L‘oreal | F38: External | G38: L‘oreal(PACK) | I38: E | J38: =+K38+L38 -> 347.784 | K38: =SUM(N38:Y38) -> 347.784 | L38: =SUM(AA38:AL38) -> 0 | N38: 221.784 | P38: 126
J39: =+K39+L39 -> 0 | K39: =SUM(N39:Y39) -> 0 | L39: =SUM(AA39:AL39) -> 0
J40: =+K40+L40 -> 0 | K40: =SUM(N40:Y40) -> 0 | L40: =SUM(AA40:AL40) -> 0
J41: =+K41+L41 -> 0 | K41: =SUM(N41:Y41) -> 0 | L41: =SUM(AA41:AL41) -> 0
J42: =+K42+L42 -> 0 | K42: =SUM(N42:Y42) -> 0 | L42: =SUM(AA42:AL42) -> 0
J43: =+K43+L43 -> 0 | K43: =SUM(N43:Y43) -> 0 | L43: =SUM(AA43:AL43) -> 0
J44: =+K44+L44 -> 0 | K44: =SUM(N44:Y44) -> 0 | L44: =SUM(AA44:AL44) -> 0
J45: =+K45+L45 -> 0 | K45: =SUM(N45:Y45) -> 0 | L45: =SUM(AA45:AL45) -> 0
J46: =+K46+L46 -> 0 | K46: =SUM(N46:Y46) -> 0 | L46: =SUM(AA46:AL46) -> 0
J47: =+K47+L47 -> 0 | K47: =SUM(N47:Y47) -> 0 | L47: =SUM(AA47:AL47) -> 0
J48: =+K48+L48 -> 0 | K48: =SUM(N48:Y48) -> 0 | L48: =SUM(AA48:AL48) -> 0
J49: =+K49+L49 -> 0 | K49: =SUM(N49:Y49) -> 0 | L49: =SUM(AA49:AL49) -> 0
J50: =+K50+L50 -> 0 | K50: =SUM(N50:Y50) -> 0 | L50: =SUM(AA50:AL50) -> 0
... J252: =+K252+L252 -> 0 | K252: =SUM(N252:Y252) -> 0 | L252: =SUM(AA252:AL252) -> 0

Sheet W4
E2: ENTITY NAME : | G2: =+parameters!D2 -> Diam CHINA | I2: ORDER BOOK SYNTHESIS in K€
E4: WEEK : | G4: W4 | I4: Cells to be filled in
E6: MONTH : | G6: =+VLOOKUP(G4, parameters!G:H, 2, 0) -> January
E8: TURNOVER | F8: =parameters!D4 -> k€ | H8: YTD Turnover | J8: =+G6&" Turnover" -> January Turnover | L8: Last estim. for the month: | O8: Forecast 2026
H9: =+"from January 1 until end of "&G4 -> from January 1 until end of W4 | J9: =+"from "&G6&" 1 until end of "&G4 -> from January 1 until end of W4 | L9: =+G6 -> January | O9: =+G4 -> W4 | P9: =+VLOOKUP(G4, parameters!$G$9:$I$61,3,0) -> W3 | Q9: Var
E10: EXTERNAL SALES INVOICED (=outside group) | H10: =J10 -> 901.239 | J10: =0+42.329+858.91 -> 901.239 | L10: =J10+N17 -> 1169.9219 | O10: =+H10+K17 -> 2075.4579 | P10: {=INDIRECT(ADDRESS(10,15,,,VLOOKUP($G$4,parameters!$G:$I,3,0)))} -> 1585.3269 | Q10: =O10-P10 -> 490.131
E11: GROUP SALES INVOICED | H11: =J11 -> 1643.156 | J11: =0+93.912+182.874+1363.965+2.405 -> 1643.156 | L11: =J11+N18 -> 4657.656 | O11: =+H11+K18 -> 9260.051 | P11: {=INDIRECT(ADDRESS(11,15,,,VLOOKUP($G$4,parameters!$G:$I,3,0)))} -> 8866.186 | Q11: =O11-P11 -> 393.865 | S11: Definition orders : you consider the orders which are sure even if the order customers paper order is not yet received
E12: TOTAL | H12: =SUM(H10:H11) -> 2544.395 | J12: =SUM(J10:J11) -> 2544.395 | L12: =SUM(L10:L11) -> 5827.5779 | O12: =SUM(O10:O11) -> 11335.509 | P12: =SUM(P10:P11) -> 10451.513 | Q12: =O12-P12 -> 883.996 | S12: The quantity, value, and delivery date can be changed before final delivery
E16: ORDERBOOK | F16: =+F8 -> k€ | J16: TOTAL ORDERBOOK | K16: Total amount 2026 | L16: Total amount 2027 | N16: 46023 | O16: 46054 | P16: 46082 | Q16: 46113 | R16: 46143 | S16: 46174 | T16: 46204 | U16: 46235 | V16: 46266 | W16: 46296 | X16: 46327 | Y16: 46357 | AA16: 46388 | AB16: 46419 | AC16: 46447 | AD16: 46478 | AE16: 46508 | AF16: 46539 | AG16: 46569 | AH16: 46600 | AI16: 46631 | AJ16: 46661 | AK16: 46692 | AL16: 46722
E17: External | J17: =+SUMIF($F$24:$F$250,"External",$J$24:$J$250) -> 1174.2189 | K17: =+SUMIF($F$24:$F$250,"External",$K$24:$K$250) -> 1174.2189 | L17: =+SUMIF($F$24:$F$250,"External",$L$24:$L$250) -> 0 | N17: =+SUMIF($F$24:$F$250,"External",N$24:N$250) -> 268.6829 | O17: =+SUMIF($F$24:$F$250,"External",O$24:O$250) -> 157.294 | P17: =+SUMIF($F$24:$F$250,"External",P$24:P$250) -> 190.423 | Q17: =+SUMIF($F$24:$F$250,"External",Q$24:Q$250) -> 210.472 | R17: =+SUMIF($F$24:$F$250,"External",R$24:R$250) -> 339 | S17: =+SUMIF($F$24:$F$250,"External",S$24:S$250) -> 0 | T17: =+SUMIF($F$24:$F$250,"External",T$24:T$250) -> 0 | U17: =+SUMIF($F$24:$F$250,"External",U$24:U$250) -> 8.347 | ... Y17: =+SUMIF($F$24:$F$250,"External",Y$24:Y$250) -> 0 | AA17: =+SUMIF($F$24:$F$250,"External",AA$24:AA$250) -> 0 | AB17: =+SUMIF($F$24:$F$250,"External",AB$24:AB$250) -> 0 | AC17: =+SUMIF($F$24:$F$250,"External",AC$24:AC$250) -> 0 | AD17: =+SUMIF($F$24:$F$250,"External",AD$24:AD$250) -> 0 | AE17: =+SUMIF($F$24:$F$250,"External",AE$24:AE$250) -> 0 | AF17: =+SUMIF($F$24:$F$250,"External",AF$24:AF$250) -> 0 | AG17: =+SUMIF($F$24:$F$250,"External",AG$24:AG$250) -> 0 | AH17: =+SUMIF($F$24:$F$250,"External",AH$24:AH$250) -> 0 | ... AL17: =+SUMIF($F$24:$F$250,"External",AL$24:AL$250) -> 0
E18: Group | J18: =+SUMIF($F$24:$F$250,"Group",$J$24:$J$250) -> 7616.895 | K18: =+SUMIF($F$24:$F$250,"Group",$K$24:$K$250) -> 7616.895 | L18: =SUMIF($F$24:$F$250,"Group",$L$24:$L$250) -> 0 | N18: =+SUMIF($F$24:$F$250,"Group",N$24:N$250) -> 3014.5 | O18: =+SUMIF($F$24:$F$250,"Group",O$24:O$250) -> 1399.5 | P18: =+SUMIF($F$24:$F$250,"Group",P$24:P$250) -> 906.2 | Q18: =+SUMIF($F$24:$F$250,"Group",Q$24:Q$250) -> 330.4 | R18: =+SUMIF($F$24:$F$250,"Group",R$24:R$250) -> 564.2 | S18: =+SUMIF($F$24:$F$250,"Group",S$24:S$250) -> 343.695 | T18: =+SUMIF($F$24:$F$250,"Group",T$24:T$250) -> 0 | U18: =+SUMIF($F$24:$F$250,"Group",U$24:U$250) -> 1058.4 | ... Y18: =+SUMIF($F$24:$F$250,"Group",Y$24:Y$250) -> 0 | AA18: =+SUMIF($F$24:$F$250,"Group",AA$24:AA$250) -> 0 | AB18: =+SUMIF($F$24:$F$250,"Group",AB$24:AB$250) -> 0 | AC18: =+SUMIF($F$24:$F$250,"Group",AC$24:AC$250) -> 0 | AD18: =+SUMIF($F$24:$F$250,"Group",AD$24:AD$250) -> 0 | AE18: =+SUMIF($F$24:$F$250,"Group",AE$24:AE$250) -> 0 | AF18: =+SUMIF($F$24:$F$250,"Group",AF$24:AF$250) -> 0 | AG18: =+SUMIF($F$24:$F$250,"Group",AG$24:AG$250) -> 0 | AH18: =+SUMIF($F$24:$F$250,"Group",AH$24:AH$250) -> 0 | ... AL18: =+SUMIF($F$24:$F$250,"Group",AL$24:AL$250) -> 0
E19: TOTAL | J19: =SUM(J17:J18) -> 8791.1139 | K19: =SUM(K17:K18) -> 8791.1139 | L19: =SUM(L17:L18) -> 0 | N19: =SUM(N17:N18) -> 3283.1829 | O19: =SUM(O17:O18) -> 1556.794 | P19: =SUM(P17:P18) -> 1096.623 | Q19: =SUM(Q17:Q18) -> 540.872 | R19: =SUM(R17:R18) -> 903.2 | S19: =SUM(S17:S18) -> 343.695 | T19: =SUM(T17:T18) -> 0 | U19: =SUM(U17:U18) -> 1066.747 | ... Y19: =SUM(Y17:Y18) -> 0 | AA19: =SUM(AA17:AA18) -> 0 | AB19: =SUM(AB17:AB18) -> 0 | AC19: =SUM(AC17:AC18) -> 0 | AD19: =SUM(AD17:AD18) -> 0 | AE19: =SUM(AE17:AE18) -> 0 | AF19: =SUM(AF17:AF18) -> 0 | AG19: =SUM(AG17:AG18) -> 0 | AH19: =SUM(AH17:AH18) -> 0 | ... AL19: =SUM(AL17:AL18) -> 0
I21: check | J21: =IF(SUM(J24:J250)=J19, "OK", "Please correct: the sum of orders below is not equal to the total calculated above. Make sure to pick External or Group for each order and don't change the formulas in columns K and L") -> OK | N21: 2026 | AA21: 2027
E23: Order (Tooling including) to be delivered | F23: External or Group | G23: Customers orders | H23: Quantity | I23: DGC | J23: TOTAL ORDERBOOK | K23: Total amount 2026 | L23: Total amount 2027 | N23: 46023 | O23: 46054 | P23: 46082 | Q23: 46113 | R23: 46143 | S23: 46174 | T23: 46204 | U23: 46235 | V23: 46266 | W23: 46296 | X23: 46327 | Y23: 46357 | AA23: 46388 | AB23: 46419 | AC23: 46447 | AD23: 46478 | AE23: 46508 | AF23: 46539 | AG23: 46569 | AH23: 46600 | AI23: 46631 | AJ23: 46661 | AK23: 46692 | AL23: 46722
D24: X | E24: DEHK | F24: Group | G24: DEHK HK | I24: G | J24: =+K24+L24 -> 7519.3 | K24: =SUM(N24:Y24) -> 7519.3 | L24: =SUM(AA24:AL24) -> 0 | N24: 2968.5 | O24: 1388.5 | P24: 900.2 | Q24: 330.4 | R24: 564.2 | S24: 309.1 | U24: 1058.4
E25: DIAM Singapore | F25: Group | G25: DIAM SINGAPORE | I25: G | J25: =+K25+L25 -> 97.595 | K25: =SUM(N25:Y25) -> 97.595 | L25: =SUM(AA25:AL25) -> 0 | N25: =38+8 -> 46 | O25: 11 | P25: 6 | S25: =45-2.405-8 -> 34.595
E26: Sephora | F26: External | G26: SEPHORA | I26: E | J26: =+K26+L26 -> 243.468 | K26: =SUM(N26:Y26) -> 243.468 | L26: =SUM(AA26:AL26) -> 0 | O26: =169.674-87.222+24 -> 106.452 | Q26: 137.016
E27: Burberry/Gucci/Lancaster | F27: External | G27: Coty | I27: E | J27: =+K27+L27 -> 50.214 | K27: =SUM(N27:Y27) -> 50.214 | L27: =SUM(AA27:AL27) -> 0 | N27: =36.957-69.493-22.25+105-40 -> 10.214 | O27: 40
E28: SKII | F28: External | G28: P&G | I28: E | J28: =+K28+L28 -> 16 | K28: =SUM(N28:Y28) -> 16 | L28: =SUM(AA28:AL28) -> 0 | P28: 16
E29: Fenty | F29: External | G29: FENTY | I29: E | J29: =+K29+L29 -> 2.793 | K29: =SUM(N29:Y29) -> 2.793 | L29: =SUM(AA29:AL29) -> 0 | N29: =2.793-2 -> 0.793 | P29: 2
E30: Herbeast/Komfymed/Chaling | F30: External | G30: SEPHORA-Exclusive brands | I30: E | J30: =+K30+L30 -> 6.591 | K30: =SUM(N30:Y30) -> 6.591 | L30: =SUM(AA30:AL30) -> 0 | O30: =3.123-1.532 -> 1.591 | R30: 5
E31: Benefit/Fresh/Guerlain/Kenzo/Givenchy | F31: External | G31: LVMH | I31: E | J31: =+K31+L31 -> 153.9259 | K31: =SUM(N31:Y31) -> 153.9259 | L31: =SUM(AA31:AL31) -> 0 | N31: 79.9259 | P31: 13 | Q31: 61
E32: ETERNAL( Laura Mercier) | F32: External | G32: ETERNAL | I32: E | J32: =+K32+L32 -> 6.251 | K32: =SUM(N32:Y32) -> 6.251 | L32: =SUM(AA32:AL32) -> 0 | O32: =2.251+4 -> 6.251
E33: Perfect Diary | F33: External | G33: Perfect Diary | I33: E | J33: =+K33+L33 -> 12.456 | K33: =SUM(N33:Y33) -> 12.456 | L33: =SUM(AA33:AL33) -> 0 | Q33: =12.456 -> 12.456
E34: Clinique/BB/MAC/Estee Lauder | F34: External | G34: Estee Lauder | I34: E | J34: =+K34+L34 -> 10.75 | K34: =SUM(N34:Y34) -> 10.75 | L34: =SUM(AA34:AL34) -> 0 | N34: 7.75 | O34: 3
E35: Hourglass | F35: External | G35: Hourglass | I35: E | J35: =+K35+L35 -> 342.347 | K35: =SUM(N35:Y35) -> 342.347 | L35: =SUM(AA35:AL35) -> 0 | R35: 334 | U35: =342.347-334 -> 8.347
E36: Galenic | F36: External | G36: Galenic | I36: E | J36: =+K36+L36 -> 27.954 | K36: =SUM(N36:Y36) -> 27.954 | L36: =SUM(AA36:AL36) -> 0 | P36: =28-0.046 -> 27.954
E37: YAMEI(Trading) | F37: External | G37: YAMEI(Trading) | I37: E | J37: =+K37+L37 -> 170 | K37: =SUM(N37:Y37) -> 170 | L37: =SUM(AA37:AL37) -> 0 | N37: 170
E38: L‘oreal | F38: External | G38: L‘oreal(PACK) | I38: E | J38: =+K38+L38 -> 126.598 | K38: =SUM(N38:Y38) -> 126.598 | L38: =SUM(AA38:AL38) -> 0 | P38: =221.784-676.427+126+329+116.32+9.921 -> 126.598
E39: Clarins | F39: External | G39: Clarins | I39: E | J39: =+K39+L39 -> 4.871 | K39: =SUM(N39:Y39) -> 4.871 | L39: =SUM(AA39:AL39) -> 0 | P39: 4.871
J40: =+K40+L40 -> 0 | K40: =SUM(N40:Y40) -> 0 | L40: =SUM(AA40:AL40) -> 0
J41: =+K41+L41 -> 0 | K41: =SUM(N41:Y41) -> 0 | L41: =SUM(AA41:AL41) -> 0
J42: =+K42+L42 -> 0 | K42: =SUM(N42:Y42) -> 0 | L42: =SUM(AA42:AL42) -> 0
J43: =+K43+L43 -> 0 | K43: =SUM(N43:Y43) -> 0 | L43: =SUM(AA43:AL43) -> 0
J44: =+K44+L44 -> 0 | K44: =SUM(N44:Y44) -> 0 | L44: =SUM(AA44:AL44) -> 0
J45: =+K45+L45 -> 0 | K45: =SUM(N45:Y45) -> 0 | L45: =SUM(AA45:AL45) -> 0
J46: =+K46+L46 -> 0 | K46: =SUM(N46:Y46) -> 0 | L46: =SUM(AA46:AL46) -> 0
J47: =+K47+L47 -> 0 | K47: =SUM(N47:Y47) -> 0 | L47: =SUM(AA47:AL47) -> 0
J48: =+K48+L48 -> 0 | K48: =SUM(N48:Y48) -> 0 | L48: =SUM(AA48:AL48) -> 0
J49: =+K49+L49 -> 0 | K49: =SUM(N49:Y49) -> 0 | L49: =SUM(AA49:AL49) -> 0
J50: =+K50+L50 -> 0 | K50: =SUM(N50:Y50) -> 0 | L50: =SUM(AA50:AL50) -> 0
J51: =+K51+L51 -> 0 | K51: =SUM(N51:Y51) -> 0 | L51: =SUM(AA51:AL51) -> 0
... J251: =+K251+L251 -> 0 | K251: =SUM(N251:Y251) -> 0 | L251: =SUM(AA251:AL251) -> 0

Sheet W5
E2: ENTITY NAME : | G2: =+parameters!D2 -> Diam CHINA | I2: ORDER BOOK SYNTHESIS in K€
E4: WEEK : | G4: W5 | I4: Cells to be filled in
E6: MONTH : | G6: =+VLOOKUP(G4, parameters!G:H, 2, 0) -> January
E8: TURNOVER | F8: =parameters!D4 -> k€ | H8: YTD Turnover | J8: =+G6&" Turnover" -> January Turnover | L8: Last estim. for the month: | O8: Forecast 2026
H9: =+"from January 1 until end of "&G4 -> from January 1 until end of W5 | J9: =+"from "&G6&" 1 until end of "&G4 -> from January 1 until end of W5 | L9: =+G6 -> January | O9: =+G4 -> W5 | P9: =+VLOOKUP(G4, parameters!$G$9:$I$61,3,0) -> W4 | Q9: Var
E10: EXTERNAL SALES INVOICED (=outside group) | H10: =J10 -> 963.303 | J10: =0+42.329+858.91+62.064 -> 963.303 | L10: =J10+N17 -> 963.303 | O10: =+H10+K17 -> 2105.4579 | P10: {=INDIRECT(ADDRESS(10,15,,,VLOOKUP($G$4,parameters!$G:$I,3,0)))} -> 2075.4579 | Q10: =O10-P10 -> 30
E11: GROUP SALES INVOICED | H11: =J11 -> 4862.679 | J11: =0+93.912+182.874+1363.965+2.405+3186.523+33 -> 4862.679 | L11: =J11+N18 -> 4862.679 | O11: =+H11+K18 -> 9553.874 | P11: {=INDIRECT(ADDRESS(11,15,,,VLOOKUP($G$4,parameters!$G:$I,3,0)))} -> 9260.051 | Q11: =O11-P11 -> 293.823 | S11: Definition orders : you consider the orders which are sure even if the order customers paper order is not yet received
E12: TOTAL | H12: =SUM(H10:H11) -> 5825.982 | J12: =SUM(J10:J11) -> 5825.982 | L12: =SUM(L10:L11) -> 5825.982 | O12: =SUM(O10:O11) -> 11659.332 | P12: =SUM(P10:P11) -> 11335.509 | Q12: =O12-P12 -> 323.823 | S12: The quantity, value, and delivery date can be changed before final delivery
E16: ORDERBOOK | F16: =+F8 -> k€ | J16: TOTAL ORDERBOOK | K16: Total amount 2026 | L16: Total amount 2027 | N16: 46023 | O16: 46054 | P16: 46082 | Q16: 46113 | R16: 46143 | S16: 46174 | T16: 46204 | U16: 46235 | V16: 46266 | W16: 46296 | X16: 46327 | Y16: 46357 | AA16: 46388 | AB16: 46419 | AC16: 46447 | AD16: 46478 | AE16: 46508 | AF16: 46539 | AG16: 46569 | AH16: 46600 | AI16: 46631 | AJ16: 46661 | AK16: 46692 | AL16: 46722
E17: External | J17: =+SUMIF($F$24:$F$251,"External",$J$24:$J$251) -> 1142.1549 | K17: =+SUMIF($F$24:$F$251,"External",$K$24:$K$251) -> 1142.1549 | L17: =+SUMIF($F$24:$F$251,"External",$L$24:$L$251) -> 0 | N17: =+SUMIF($F$24:$F$251,"External",N$24:N$251) -> 0 | O17: =+SUMIF($F$24:$F$251,"External",O$24:O$251) -> 354.1819 | P17: =+SUMIF($F$24:$F$251,"External",P$24:P$251) -> 207.579 | Q17: =+SUMIF($F$24:$F$251,"External",Q$24:Q$251) -> 152.472 | R17: =+SUMIF($F$24:$F$251,"External",R$24:R$251) -> 407.575 | S17: =+SUMIF($F$24:$F$251,"External",S$24:S$251) -> 12 | T17: =+SUMIF($F$24:$F$251,"External",T$24:T$251) -> 0 | U17: =+SUMIF($F$24:$F$251,"External",U$24:U$251) -> 8.347 | ... Y17: =+SUMIF($F$24:$F$251,"External",Y$24:Y$251) -> 0 | AA17: =+SUMIF($F$24:$F$251,"External",AA$24:AA$251) -> 0 | AB17: =+SUMIF($F$24:$F$251,"External",AB$24:AB$251) -> 0 | AC17: =+SUMIF($F$24:$F$251,"External",AC$24:AC$251) -> 0 | AD17: =+SUMIF($F$24:$F$251,"External",AD$24:AD$251) -> 0 | AE17: =+SUMIF($F$24:$F$251,"External",AE$24:AE$251) -> 0 | AF17: =+SUMIF($F$24:$F$251,"External",AF$24:AF$251) -> 0 | AG17: =+SUMIF($F$24:$F$251,"External",AG$24:AG$251) -> 0 | AH17: =+SUMIF($F$24:$F$251,"External",AH$24:AH$251) -> 0 | ... AL17: =+SUMIF($F$24:$F$251,"External",AL$24:AL$251) -> 0
E18: Group | J18: =+SUMIF($F$24:$F$251,"Group",$J$24:$J$251) -> 4691.195 | K18: =+SUMIF($F$24:$F$251,"Group",$K$24:$K$251) -> 4691.195 | L18: =SUMIF($F$24:$F$251,"Group",$L$24:$L$251) -> 0 | N18: =+SUMIF($F$24:$F$251,"Group",N$24:N$251) -> 0 | O18: =+SUMIF($F$24:$F$251,"Group",O$24:O$251) -> 1573.5 | P18: =+SUMIF($F$24:$F$251,"Group",P$24:P$251) -> 1028.4 | Q18: =+SUMIF($F$24:$F$251,"Group",Q$24:Q$251) -> 351.2 | R18: =+SUMIF($F$24:$F$251,"Group",R$24:R$251) -> 571.5 | S18: =+SUMIF($F$24:$F$251,"Group",S$24:S$251) -> 98.395 | T18: =+SUMIF($F$24:$F$251,"Group",T$24:T$251) -> 0 | U18: =+SUMIF($F$24:$F$251,"Group",U$24:U$251) -> 1068.2 | ... Y18: =+SUMIF($F$24:$F$251,"Group",Y$24:Y$251) -> 0 | AA18: =+SUMIF($F$24:$F$251,"Group",AA$24:AA$251) -> 0 | AB18: =+SUMIF($F$24:$F$251,"Group",AB$24:AB$251) -> 0 | AC18: =+SUMIF($F$24:$F$251,"Group",AC$24:AC$251) -> 0 | AD18: =+SUMIF($F$24:$F$251,"Group",AD$24:AD$251) -> 0 | AE18: =+SUMIF($F$24:$F$251,"Group",AE$24:AE$251) -> 0 | AF18: =+SUMIF($F$24:$F$251,"Group",AF$24:AF$251) -> 0 | AG18: =+SUMIF($F$24:$F$251,"Group",AG$24:AG$251) -> 0 | AH18: =+SUMIF($F$24:$F$251,"Group",AH$24:AH$251) -> 0 | ... AL18: =+SUMIF($F$24:$F$251,"Group",AL$24:AL$251) -> 0
E19: TOTAL | J19: =SUM(J17:J18) -> 5833.3499 | K19: =SUM(K17:K18) -> 5833.3499 | L19: =SUM(L17:L18) -> 0 | N19: =SUM(N17:N18) -> 0 | O19: =SUM(O17:O18) -> 1927.6819 | P19: =SUM(P17:P18) -> 1235.979 | Q19: =SUM(Q17:Q18) -> 503.672 | R19: =SUM(R17:R18) -> 979.075 | S19: =SUM(S17:S18) -> 110.395 | T19: =SUM(T17:T18) -> 0 | U19: =SUM(U17:U18) -> 1076.547 | ... Y19: =SUM(Y17:Y18) -> 0 | AA19: =SUM(AA17:AA18) -> 0 | AB19: =SUM(AB17:AB18) -> 0 | AC19: =SUM(AC17:AC18) -> 0 | AD19: =SUM(AD17:AD18) -> 0 | AE19: =SUM(AE17:AE18) -> 0 | AF19: =SUM(AF17:AF18) -> 0 | AG19: =SUM(AG17:AG18) -> 0 | AH19: =SUM(AH17:AH18) -> 0 | ... AL19: =SUM(AL17:AL18) -> 0
I21: check | J21: =IF(SUM(J24:J251)=J19, "OK", "Please correct: the sum of orders below is not equal to the total calculated above. Make sure to pick External or Group for each order and don't change the formulas in columns K and L") -> OK | N21: 2026 | AA21: 2027
E23: Order (Tooling including) to be delivered | F23: External or Group | G23: Customers orders | H23: Quantity | I23: DGC | J23: TOTAL ORDERBOOK | K23: Total amount 2026 | L23: Total amount 2027 | N23: 46023 | O23: 46054 | P23: 46082 | Q23: 46113 | R23: 46143 | S23: 46174 | T23: 46204 | U23: 46235 | V23: 46266 | W23: 46296 | X23: 46327 | Y23: 46357 | AA23: 46388 | AB23: 46419 | AC23: 46447 | AD23: 46478 | AE23: 46508 | AF23: 46539 | AG23: 46569 | AH23: 46600 | AI23: 46631 | AJ23: 46661 | AK23: 46692 | AL23: 46722
D24: X | E24: DEHK | F24: Group | G24: DEHK HK | I24: G | J24: =+K24+L24 -> 4626.6 | K24: =SUM(N24:Y24) -> 4626.6 | L24: =SUM(AA24:AL24) -> 0 | O24: 1557.5 | P24: 1016.4 | Q24: 333.2 | R24: 571.5 | S24: 79.8 | U24: 1068.2
E25: DIAM Singapore | F25: Group | G25: DIAM SINGAPORE | I25: G | J25: =+K25+L25 -> 64.595 | K25: =SUM(N25:Y25) -> 64.595 | L25: =SUM(AA25:AL25) -> 0 | O25: =11+46-41 -> 16 | P25: =6+6 -> 12 | Q25: 18 | S25: =34.595+17-33 -> 18.595
E26: Sephora | F26: External | G26: SEPHORA | I26: E | J26: =+K26+L26 -> 192.843 | K26: =SUM(N26:Y26) -> 192.843 | L26: =SUM(AA26:AL26) -> 0 | O26: =106.452-50.625-22 -> 33.827 | Q26: =137.016-59 -> 78.016 | R26: =22+59-12 -> 69 | S26: 12
E27: Burberry/Gucci/Lancaster | F27: External | G27: Coty | I27: E | J27: =+K27+L27 -> 47.264 | K27: =SUM(N27:Y27) -> 47.264 | L27: =SUM(AA27:AL27) -> 0 | O27: =10.214-2.95+40-6 -> 41.264 | P27: 6
E28: SKII | F28: External | G28: P&G | I28: E | J28: =+K28+L28 -> 16 | K28: =SUM(N28:Y28) -> 16 | L28: =SUM(AA28:AL28) -> 0 | P28: 16
E29: Fenty | F29: External | G29: FENTY | I29: E | J29: =+K29+L29 -> 2.156 | K29: =SUM(N29:Y29) -> 2.156 | L29: =SUM(AA29:AL29) -> 0 | P29: =0.793-0.637+2 -> 2.156
E30: Herbeast/Komfymed/Chaling | F30: External | G30: SEPHORA-Exclusive brands | I30: E | J30: =+K30+L30 -> 6.024 | K30: =SUM(N30:Y30) -> 6.024 | L30: =SUM(AA30:AL30) -> 0 | O30: =1.591-0.567 -> 1.024 | R30: 5
E31: Benefit/Fresh/Guerlain/Kenzo/Givenchy | F31: External | G31: LVMH | I31: E | J31: =+K31+L31 -> 176.9259 | K31: =SUM(N31:Y31) -> 176.9259 | L31: =SUM(AA31:AL31) -> 0 | O31: =79.9259+13 -> 92.9259 | P31: 22 | Q31: =61-22+23 -> 62
E32: ETERNAL( Laura Mercier) | F32: External | G32: ETERNAL | I32: E | J32: =+K32+L32 -> 6.251 | K32: =SUM(N32:Y32) -> 6.251 | L32: =SUM(AA32:AL32) -> 0 | O32: 6.251
E33: Perfect Diary | F33: External | G33: Perfect Diary | I33: E | J33: =+K33+L33 -> 12.456 | K33: =SUM(N33:Y33) -> 12.456 | L33: =SUM(AA33:AL33) -> 0 | Q33: 12.456
E34: Clinique/BB/MAC/Estee Lauder | F34: External | G34: Estee Lauder | I34: E | J34: =+K34+L34 -> 10.89 | K34: =SUM(N34:Y34) -> 10.89 | L34: =SUM(AA34:AL34) -> 0 | O34: =7.75-6.86+3+5 -> 8.89 | P34: 2
E35: Hourglass | F35: External | G35: Hourglass | I35: E | J35: =+K35+L35 -> 341.922 | K35: =SUM(N35:Y35) -> 341.922 | L35: =SUM(AA35:AL35) -> 0 | R35: =334-0.425 -> 333.575 | U35: 8.347
E36: Galenic | F36: External | G36: Galenic | I36: E | J36: =+K36+L36 -> 27.954 | K36: =SUM(N36:Y36) -> 27.954 | L36: =SUM(AA36:AL36) -> 0 | P36: 27.954
E37: YAMEI(Trading) | F37: External | G37: YAMEI(Trading) | I37: E | J37: =+K37+L37 -> 170 | K37: =SUM(N37:Y37) -> 170 | L37: =SUM(AA37:AL37) -> 0 | O37: 170
E38: L‘oreal | F38: External | G38: L‘oreal(PACK) | I38: E | J38: =+K38+L38 -> 126.598 | K38: =SUM(N38:Y38) -> 126.598 | L38: =SUM(AA38:AL38) -> 0 | P38: 126.598
E39: Clarins | F39: External | G39: Clarins | I39: E | J39: =+K39+L39 -> 4.871 | K39: =SUM(N39:Y39) -> 4.871 | L39: =SUM(AA39:AL39) -> 0 | P39: 4.871
J40: =+K40+L40 -> 0 | K40: =SUM(N40:Y40) -> 0 | L40: =SUM(AA40:AL40) -> 0
J41: =+K41+L41 -> 0 | K41: =SUM(N41:Y41) -> 0 | L41: =SUM(AA41:AL41) -> 0
J42: =+K42+L42 -> 0 | K42: =SUM(N42:Y42) -> 0 | L42: =SUM(AA42:AL42) -> 0
J43: =+K43+L43 -> 0 | K43: =SUM(N43:Y43) -> 0 | L43: =SUM(AA43:AL43) -> 0
J44: =+K44+L44 -> 0 | K44: =SUM(N44:Y44) -> 0 | L44: =SUM(AA44:AL44) -> 0
J45: =+K45+L45 -> 0 | K45: =SUM(N45:Y45) -> 0 | L45: =SUM(AA45:AL45) -> 0
J46: =+K46+L46 -> 0 | K46: =SUM(N46:Y46) -> 0 | L46: =SUM(AA46:AL46) -> 0
J47: =+K47+L47 -> 0 | K47: =SUM(N47:Y47) -> 0 | L47: =SUM(AA47:AL47) -> 0
J48: =+K48+L48 -> 0 | K48: =SUM(N48:Y48) -> 0 | L48: =SUM(AA48:AL48) -> 0
J49: =+K49+L49 -> 0 | K49: =SUM(N49:Y49) -> 0 | L49: =SUM(AA49:AL49) -> 0
J50: =+K50+L50 -> 0 | K50: =SUM(N50:Y50) -> 0 | L50: =SUM(AA50:AL50) -> 0
J51: =+K51+L51 -> 0 | K51: =SUM(N51:Y51) -> 0 | L51: =SUM(AA51:AL51) -> 0
... J252: =+K252+L252 -> 0 | K252: =SUM(N252:Y252) -> 0 | L252: =SUM(AA252:AL252) -> 0

Sheet W6
E2: ENTITY NAME : | G2: =+parameters!D2 -> Diam CHINA | I2: ORDER BOOK SYNTHESIS in K€
E4: WEEK : | G4: W6 | I4: Cells to be filled in
E6: MONTH : | G6: =+VLOOKUP(G4, parameters!G:H, 2, 0) -> February
E8: TURNOVER | F8: =parameters!D4 -> k€ | H8: YTD Turnover | J8: =+G6&" Turnover" -> February Turnover | L8: Last estim. for the month: | O8: Forecast 2026
H9: =+"from January 1 until end of "&G4 -> from January 1 until end of W6 | J9: =+"from "&G6&" 1 until end of "&G4 -> from February 1 until end of W6 | L9: =+G6 -> February | O9: =+G4 -> W6 | P9: =+VLOOKUP(G4, parameters!$G$9:$I$61,3,0) -> W5 | Q9: Var
E10: EXTERNAL SALES INVOICED (=outside group) | H10: =0+42.329+858.91+62.064+J10 -> 963.303 | J10: =0 -> 0 | L10: =J10+O17 -> 471.8459 | O10: =+H10+K17 -> 2271.1219 | P10: {=INDIRECT(ADDRESS(10,15,,,VLOOKUP($G$4,parameters!$G:$I,3,0)))} -> 2105.4579 | Q10: =O10-P10 -> 165.664
E11: GROUP SALES INVOICED | H11: =0+93.912+182.874+1363.965+2.405+3186.523+33+J11 -> 5033.775 | J11: =171.096 -> 171.096 | L11: =J11+O18 -> 1562.596 | O11: =+H11+K18 -> 10313.07 | P11: {=INDIRECT(ADDRESS(11,15,,,VLOOKUP($G$4,parameters!$G:$I,3,0)))} -> 9553.874 | Q11: =O11-P11 -> 759.196 | S11: Definition orders : you consider the orders which are sure even if the order customers paper order is not yet received
E12: TOTAL | H12: =SUM(H10:H11) -> 5997.078 | J12: =SUM(J10:J11) -> 171.096 | L12: =SUM(L10:L11) -> 2034.4419 | O12: =SUM(O10:O11) -> 12584.192 | P12: =SUM(P10:P11) -> 11659.332 | Q12: =O12-P12 -> 924.86 | S12: The quantity, value, and delivery date can be changed before final delivery
E16: ORDERBOOK | F16: =+F8 -> k€ | J16: TOTAL ORDERBOOK | K16: Total amount 2026 | L16: Total amount 2027 | N16: 46023 | O16: 46054 | P16: 46082 | Q16: 46113 | R16: 46143 | S16: 46174 | T16: 46204 | U16: 46235 | V16: 46266 | W16: 46296 | X16: 46327 | Y16: 46357 | AA16: 46388 | AB16: 46419 | AC16: 46447 | AD16: 46478 | AE16: 46508 | AF16: 46539 | AG16: 46569 | AH16: 46600 | AI16: 46631 | AJ16: 46661 | AK16: 46692 | AL16: 46722
E17: External | J17: =+SUMIF($F$24:$F$251,"External",$J$24:$J$251) -> 1307.8189 | K17: =+SUMIF($F$24:$F$251,"External",$K$24:$K$251) -> 1307.8189 | L17: =+SUMIF($F$24:$F$251,"External",$L$24:$L$251) -> 0 | N17: =+SUMIF($F$24:$F$251,"External",N$24:N$251) -> 0 | O17: =+SUMIF($F$24:$F$251,"External",O$24:O$251) -> 471.8459 | P17: =+SUMIF($F$24:$F$251,"External",P$24:P$251) -> 265.579 | Q17: =+SUMIF($F$24:$F$251,"External",Q$24:Q$251) -> 90.472 | R17: =+SUMIF($F$24:$F$251,"External",R$24:R$251) -> 407.575 | S17: =+SUMIF($F$24:$F$251,"External",S$24:S$251) -> 7 | T17: =+SUMIF($F$24:$F$251,"External",T$24:T$251) -> 0 | U17: =+SUMIF($F$24:$F$251,"External",U$24:U$251) -> 65.347 | ... Y17: =+SUMIF($F$24:$F$251,"External",Y$24:Y$251) -> 0 | AA17: =+SUMIF($F$24:$F$251,"External",AA$24:AA$251) -> 0 | AB17: =+SUMIF($F$24:$F$251,"External",AB$24:AB$251) -> 0 | AC17: =+SUMIF($F$24:$F$251,"External",AC$24:AC$251) -> 0 | AD17: =+SUMIF($F$24:$F$251,"External",AD$24:AD$251) -> 0 | AE17: =+SUMIF($F$24:$F$251,"External",AE$24:AE$251) -> 0 | AF17: =+SUMIF($F$24:$F$251,"External",AF$24:AF$251) -> 0 | AG17: =+SUMIF($F$24:$F$251,"External",AG$24:AG$251) -> 0 | AH17: =+SUMIF($F$24:$F$251,"External",AH$24:AH$251) -> 0 | ... AL17: =+SUMIF($F$24:$F$251,"External",AL$24:AL$251) -> 0
E18: Group | J18: =+SUMIF($F$24:$F$251,"Group",$J$24:$J$251) -> 5279.295 | K18: =+SUMIF($F$24:$F$251,"Group",$K$24:$K$251) -> 5279.295 | L18: =SUMIF($F$24:$F$251,"Group",$L$24:$L$251) -> 0 | N18: =+SUMIF($F$24:$F$251,"Group",N$24:N$251) -> 0 | O18: =+SUMIF($F$24:$F$251,"Group",O$24:O$251) -> 1391.5 | P18: =+SUMIF($F$24:$F$251,"Group",P$24:P$251) -> 1267.5 | Q18: =+SUMIF($F$24:$F$251,"Group",Q$24:Q$251) -> 788.7 | R18: =+SUMIF($F$24:$F$251,"Group",R$24:R$251) -> 550.9 | S18: =+SUMIF($F$24:$F$251,"Group",S$24:S$251) -> 257.995 | T18: =+SUMIF($F$24:$F$251,"Group",T$24:T$251) -> 211.4 | U18: =+SUMIF($F$24:$F$251,"Group",U$24:U$251) -> 811.3 | ... Y18: =+SUMIF($F$24:$F$251,"Group",Y$24:Y$251) -> 0 | AA18: =+SUMIF($F$24:$F$251,"Group",AA$24:AA$251) -> 0 | AB18: =+SUMIF($F$24:$F$251,"Group",AB$24:AB$251) -> 0 | AC18: =+SUMIF($F$24:$F$251,"Group",AC$24:AC$251) -> 0 | AD18: =+SUMIF($F$24:$F$251,"Group",AD$24:AD$251) -> 0 | AE18: =+SUMIF($F$24:$F$251,"Group",AE$24:AE$251) -> 0 | AF18: =+SUMIF($F$24:$F$251,"Group",AF$24:AF$251) -> 0 | AG18: =+SUMIF($F$24:$F$251,"Group",AG$24:AG$251) -> 0 | AH18: =+SUMIF($F$24:$F$251,"Group",AH$24:AH$251) -> 0 | ... AL18: =+SUMIF($F$24:$F$251,"Group",AL$24:AL$251) -> 0
E19: TOTAL | J19: =SUM(J17:J18) -> 6587.1139 | K19: =SUM(K17:K18) -> 6587.1139 | L19: =SUM(L17:L18) -> 0 | N19: =SUM(N17:N18) -> 0 | O19: =SUM(O17:O18) -> 1863.3459 | P19: =SUM(P17:P18) -> 1533.079 | Q19: =SUM(Q17:Q18) -> 879.172 | R19: =SUM(R17:R18) -> 958.475 | S19: =SUM(S17:S18) -> 264.995 | T19: =SUM(T17:T18) -> 211.4 | U19: =SUM(U17:U18) -> 876.647 | ... Y19: =SUM(Y17:Y18) -> 0 | AA19: =SUM(AA17:AA18) -> 0 | AB19: =SUM(AB17:AB18) -> 0 | AC19: =SUM(AC17:AC18) -> 0 | AD19: =SUM(AD17:AD18) -> 0 | AE19: =SUM(AE17:AE18) -> 0 | AF19: =SUM(AF17:AF18) -> 0 | AG19: =SUM(AG17:AG18) -> 0 | AH19: =SUM(AH17:AH18) -> 0 | ... AL19: =SUM(AL17:AL18) -> 0
I21: check | J21: =IF(SUM(J24:J251)=J19, "OK", "Please correct: the sum of orders below is not equal to the total calculated above. Make sure to pick External or Group for each order and don't change the formulas in columns K and L") -> OK | N21: 2026 | AA21: 2027
E23: Order (Tooling including) to be delivered | F23: External or Group | G23: Customers orders | H23: Quantity | I23: DGC | J23: TOTAL ORDERBOOK | K23: Total amount 2026 | L23: Total amount 2027 | N23: 46023 | O23: 46054 | P23: 46082 | Q23: 46113 | R23: 46143 | S23: 46174 | T23: 46204 | U23: 46235 | V23: 46266 | W23: 46296 | X23: 46327 | Y23: 46357 | AA23: 46388 | AB23: 46419 | AC23: 46447 | AD23: 46478 | AE23: 46508 | AF23: 46539 | AG23: 46569 | AH23: 46600 | AI23: 46631 | AJ23: 46661 | AK23: 46692 | AL23: 46722
D24: X | E24: DEHK | F24: Group | G24: DEHK HK | I24: G | J24: =+K24+L24 -> 5214.7 | K24: =SUM(N24:Y24) -> 5214.7 | L24: =SUM(AA24:AL24) -> 0 | O24: 1375.5 | P24: 1255.5 | Q24: 770.7 | R24: 550.9 | S24: 239.4 | T24: 211.4 | U24: 811.3
E25: DIAM Singapore | F25: Group | G25: DIAM SINGAPORE | I25: G | J25: =+K25+L25 -> 64.595 | K25: =SUM(N25:Y25) -> 64.595 | L25: =SUM(AA25:AL25) -> 0 | O25: 16 | P25: 12 | Q25: 18 | S25: 18.595
E26: Sephora | F26: External | G26: SEPHORA | I26: E | J26: =+K26+L26 -> 192.843 | K26: =SUM(N26:Y26) -> 192.843 | L26: =SUM(AA26:AL26) -> 0 | O26: 33.827 | Q26: 78.016 | R26: 69 | U26: 12
E27: Burberry/Gucci/Lancaster | F27: External | G27: Coty | I27: E | J27: =+K27+L27 -> 47.264 | K27: =SUM(N27:Y27) -> 47.264 | L27: =SUM(AA27:AL27) -> 0 | O27: 41.264 | P27: 6
E28: SKII | F28: External | G28: P&G | I28: E | J28: =+K28+L28 -> 16 | K28: =SUM(N28:Y28) -> 16 | L28: =SUM(AA28:AL28) -> 0 | P28: 16
E29: Fenty | F29: External | G29: FENTY | I29: E | J29: =+K29+L29 -> 2.156 | K29: =SUM(N29:Y29) -> 2.156 | L29: =SUM(AA29:AL29) -> 0 | P29: 2.156
E30: Herbeast/Komfymed/Chaling | F30: External | G30: SEPHORA-Exclusive brands | I30: E | J30: =+K30+L30 -> 6.024 | K30: =SUM(N30:Y30) -> 6.024 | L30: =SUM(AA30:AL30) -> 0 | O30: 1.024 | R30: 5
E31: Benefit/Fresh/Guerlain/Kenzo/Givenchy | F31: External | G31: LVMH | I31: E | J31: =+K31+L31 -> 176.9259 | K31: =SUM(N31:Y31) -> 176.9259 | L31: =SUM(AA31:AL31) -> 0 | O31: =92.9259-21 -> 71.9259 | P31: =22+21+17 -> 60 | U31: =62-17 -> 45
E32: ETERNAL( Laura Mercier) | F32: External | G32: ETERNAL | I32: E | J32: =+K32+L32 -> 6.251 | K32: =SUM(N32:Y32) -> 6.251 | L32: =SUM(AA32:AL32) -> 0 | O32: 6.251
E33: Perfect Diary | F33: External | G33: Perfect Diary | I33: E | J33: =+K33+L33 -> 12.456 | K33: =SUM(N33:Y33) -> 12.456 | L33: =SUM(AA33:AL33) -> 0 | Q33: 12.456
E34: Clinique/BB/MAC/Estee Lauder | F34: External | G34: Estee Lauder | I34: E | J34: =+K34+L34 -> 10.89 | K34: =SUM(N34:Y34) -> 10.89 | L34: =SUM(AA34:AL34) -> 0 | O34: =7.75-6.86+3+5-7 -> 1.89 | P34: 2 | S34: 7
E35: Hourglass | F35: External | G35: Hourglass | I35: E | J35: =+K35+L35 -> 341.922 | K35: =SUM(N35:Y35) -> 341.922 | L35: =SUM(AA35:AL35) -> 0 | R35: 333.575 | U35: 8.347
E36: Galenic | F36: External | G36: Galenic | I36: E | J36: =+K36+L36 -> 27.954 | K36: =SUM(N36:Y36) -> 27.954 | L36: =SUM(AA36:AL36) -> 0 | P36: 27.954
E37: YAMEI(Trading) | F37: External | G37: YAMEI(Trading) | I37: E | J37: =+K37+L37 -> 170 | K37: =SUM(N37:Y37) -> 170 | L37: =SUM(AA37:AL37) -> 0 | O37: =170-20 -> 150 | P37: 20
E38: L‘oreal | F38: External | G38: L‘oreal(PACK) | I38: E | J38: =+K38+L38 -> 282.598 | K38: =SUM(N38:Y38) -> 282.598 | L38: =SUM(AA38:AL38) -> 0 | O38: 156 | P38: 126.598
E39: Clarins | F39: External | G39: Clarins | I39: E | J39: =+K39+L39 -> 4.871 | K39: =SUM(N39:Y39) -> 4.871 | L39: =SUM(AA39:AL39) -> 0 | P39: 4.871
E40: Chanel | F40: External | G40: Chanel | I40: E | J40: =+K40+L40 -> 9.664 | K40: =SUM(N40:Y40) -> 9.664 | L40: =SUM(AA40:AL40) -> 0 | O40: 9.664
J41: =+K41+L41 -> 0 | K41: =SUM(N41:Y41) -> 0 | L41: =SUM(AA41:AL41) -> 0
J42: =+K42+L42 -> 0 | K42: =SUM(N42:Y42) -> 0 | L42: =SUM(AA42:AL42) -> 0
J43: =+K43+L43 -> 0 | K43: =SUM(N43:Y43) -> 0 | L43: =SUM(AA43:AL43) -> 0
J44: =+K44+L44 -> 0 | K44: =SUM(N44:Y44) -> 0 | L44: =SUM(AA44:AL44) -> 0
J45: =+K45+L45 -> 0 | K45: =SUM(N45:Y45) -> 0 | L45: =SUM(AA45:AL45) -> 0
J46: =+K46+L46 -> 0 | K46: =SUM(N46:Y46) -> 0 | L46: =SUM(AA46:AL46) -> 0
J47: =+K47+L47 -> 0 | K47: =SUM(N47:Y47) -> 0 | L47: =SUM(AA47:AL47) -> 0
J48: =+K48+L48 -> 0 | K48: =SUM(N48:Y48) -> 0 | L48: =SUM(AA48:AL48) -> 0
J49: =+K49+L49 -> 0 | K49: =SUM(N49:Y49) -> 0 | L49: =SUM(AA49:AL49) -> 0
J50: =+K50+L50 -> 0 | K50: =SUM(N50:Y50) -> 0 | L50: =SUM(AA50:AL50) -> 0
J51: =+K51+L51 -> 0 | K51: =SUM(N51:Y51) -> 0 | L51: =SUM(AA51:AL51) -> 0
J52: =+K52+L52 -> 0 | K52: =SUM(N52:Y52) -> 0 | L52: =SUM(AA52:AL52) -> 0
... J252: =+K252+L252 -> 0 | K252: =SUM(N252:Y252) -> 0 | L252: =SUM(AA252:AL252) -> 0

Sheet W7
E2: ENTITY NAME : | G2: =+parameters!D2 -> Diam CHINA | I2: ORDER BOOK SYNTHESIS in K€
E4: WEEK : | G4: W7 | I4: Cells to be filled in
E6: MONTH : | G6: =+VLOOKUP(G4, parameters!G:H, 2, 0) -> February
E8: TURNOVER | F8: =parameters!D4 -> k€ | H8: YTD Turnover | J8: =+G6&" Turnover" -> February Turnover | L8: Last estim. for the month: | O8: Forecast 2026
H9: =+"from January 1 until end of "&G4 -> from January 1 until end of W7 | J9: =+"from "&G6&" 1 until end of "&G4 -> from February 1 until end of W7 | L9: =+G6 -> February | O9: =+G4 -> W7 | P9: =+VLOOKUP(G4, parameters!$G$9:$I$61,3,0) -> W6 | Q9: Var
E10: EXTERNAL SALES INVOICED (=outside group) | H10: =0+42.329+858.91+62.064+J10 -> 1121.104 | J10: =0+157.801 -> 157.801 | L10: =J10+O17 -> 471.6969 | O10: =+H10+K17 -> 2271.1219 | P10: {=INDIRECT(ADDRESS(10,15,,,VLOOKUP($G$4,parameters!$G:$I,3,0)))} -> 2271.1219 | Q10: =O10-P10 -> 0
E11: GROUP SALES INVOICED | H11: =0+93.912+182.874+1363.965+2.405+3186.523+33+J11 -> 5033.775 | J11: =171.096 -> 171.096 | L11: =J11+O18 -> 1586.596 | O11: =+H11+K18 -> 10333.17 | P11: {=INDIRECT(ADDRESS(11,15,,,VLOOKUP($G$4,parameters!$G:$I,3,0)))} -> 10313.07 | Q11: =O11-P11 -> 20.1 | S11: Definition orders : you consider the orders which are sure even if the order customers paper order is not yet received
E12: TOTAL | H12: =SUM(H10:H11) -> 6154.879 | J12: =SUM(J10:J11) -> 328.897 | L12: =SUM(L10:L11) -> 2058.2929 | O12: =SUM(O10:O11) -> 12604.292 | P12: =SUM(P10:P11) -> 12584.192 | Q12: =O12-P12 -> 20.1 | S12: The quantity, value, and delivery date can be changed before final delivery
E16: ORDERBOOK | F16: =+F8 -> k€ | J16: TOTAL ORDERBOOK | K16: Total amount 2026 | L16: Total amount 2027 | N16: 46023 | O16: 46054 | P16: 46082 | Q16: 46113 | R16: 46143 | S16: 46174 | T16: 46204 | U16: 46235 | V16: 46266 | W16: 46296 | X16: 46327 | Y16: 46357 | AA16: 46388 | AB16: 46419 | AC16: 46447 | AD16: 46478 | AE16: 46508 | AF16: 46539 | AG16: 46569 | AH16: 46600 | AI16: 46631 | AJ16: 46661 | AK16: 46692 | AL16: 46722
E17: External | J17: =+SUMIF($F$24:$F$251,"External",$J$24:$J$251) -> 1150.0179 | K17: =+SUMIF($F$24:$F$251,"External",$K$24:$K$251) -> 1150.0179 | L17: =+SUMIF($F$24:$F$251,"External",$L$24:$L$251) -> 0 | N17: =+SUMIF($F$24:$F$251,"External",N$24:N$251) -> 0 | O17: =+SUMIF($F$24:$F$251,"External",O$24:O$251) -> 313.8959 | P17: =+SUMIF($F$24:$F$251,"External",P$24:P$251) -> 238.708 | Q17: =+SUMIF($F$24:$F$251,"External",Q$24:Q$251) -> 80.016 | R17: =+SUMIF($F$24:$F$251,"External",R$24:R$251) -> 427.724 | S17: =+SUMIF($F$24:$F$251,"External",S$24:S$251) -> 19.456 | T17: =+SUMIF($F$24:$F$251,"External",T$24:T$251) -> 4.871 | U17: =+SUMIF($F$24:$F$251,"External",U$24:U$251) -> 65.347 | ... Y17: =+SUMIF($F$24:$F$251,"External",Y$24:Y$251) -> 0 | AA17: =+SUMIF($F$24:$F$251,"External",AA$24:AA$251) -> 0 | AB17: =+SUMIF($F$24:$F$251,"External",AB$24:AB$251) -> 0 | AC17: =+SUMIF($F$24:$F$251,"External",AC$24:AC$251) -> 0 | AD17: =+SUMIF($F$24:$F$251,"External",AD$24:AD$251) -> 0 | AE17: =+SUMIF($F$24:$F$251,"External",AE$24:AE$251) -> 0 | AF17: =+SUMIF($F$24:$F$251,"External",AF$24:AF$251) -> 0 | AG17: =+SUMIF($F$24:$F$251,"External",AG$24:AG$251) -> 0 | AH17: =+SUMIF($F$24:$F$251,"External",AH$24:AH$251) -> 0 | ... AL17: =+SUMIF($F$24:$F$251,"External",AL$24:AL$251) -> 0
E18: Group | J18: =+SUMIF($F$24:$F$251,"Group",$J$24:$J$251) -> 5299.395 | K18: =+SUMIF($F$24:$F$251,"Group",$K$24:$K$251) -> 5299.395 | L18: =SUMIF($F$24:$F$251,"Group",$L$24:$L$251) -> 0 | N18: =+SUMIF($F$24:$F$251,"Group",N$24:N$251) -> 0 | O18: =+SUMIF($F$24:$F$251,"Group",O$24:O$251) -> 1415.5 | P18: =+SUMIF($F$24:$F$251,"Group",P$24:P$251) -> 1253.4 | Q18: =+SUMIF($F$24:$F$251,"Group",Q$24:Q$251) -> 788.5 | R18: =+SUMIF($F$24:$F$251,"Group",R$24:R$251) -> 550.9 | S18: =+SUMIF($F$24:$F$251,"Group",S$24:S$251) -> 268.395 | T18: =+SUMIF($F$24:$F$251,"Group",T$24:T$251) -> 204.4 | U18: =+SUMIF($F$24:$F$251,"Group",U$24:U$251) -> 818.3 | ... Y18: =+SUMIF($F$24:$F$251,"Group",Y$24:Y$251) -> 0 | AA18: =+SUMIF($F$24:$F$251,"Group",AA$24:AA$251) -> 0 | AB18: =+SUMIF($F$24:$F$251,"Group",AB$24:AB$251) -> 0 | AC18: =+SUMIF($F$24:$F$251,"Group",AC$24:AC$251) -> 0 | AD18: =+SUMIF($F$24:$F$251,"Group",AD$24:AD$251) -> 0 | AE18: =+SUMIF($F$24:$F$251,"Group",AE$24:AE$251) -> 0 | AF18: =+SUMIF($F$24:$F$251,"Group",AF$24:AF$251) -> 0 | AG18: =+SUMIF($F$24:$F$251,"Group",AG$24:AG$251) -> 0 | AH18: =+SUMIF($F$24:$F$251,"Group",AH$24:AH$251) -> 0 | ... AL18: =+SUMIF($F$24:$F$251,"Group",AL$24:AL$251) -> 0
E19: TOTAL | J19: =SUM(J17:J18) -> 6449.4129 | K19: =SUM(K17:K18) -> 6449.4129 | L19: =SUM(L17:L18) -> 0 | N19: =SUM(N17:N18) -> 0 | O19: =SUM(O17:O18) -> 1729.3959 | P19: =SUM(P17:P18) -> 1492.108 | Q19: =SUM(Q17:Q18) -> 868.516 | R19: =SUM(R17:R18) -> 978.624 | S19: =SUM(S17:S18) -> 287.851 | T19: =SUM(T17:T18) -> 209.271 | U19: =SUM(U17:U18) -> 883.647 | ... Y19: =SUM(Y17:Y18) -> 0 | AA19: =SUM(AA17:AA18) -> 0 | AB19: =SUM(AB17:AB18) -> 0 | AC19: =SUM(AC17:AC18) -> 0 | AD19: =SUM(AD17:AD18) -> 0 | AE19: =SUM(AE17:AE18) -> 0 | AF19: =SUM(AF17:AF18) -> 0 | AG19: =SUM(AG17:AG18) -> 0 | AH19: =SUM(AH17:AH18) -> 0 | ... AL19: =SUM(AL17:AL18) -> 0
I21: check | J21: =IF(SUM(J24:J251)=J19, "OK", "Please correct: the sum of orders below is not equal to the total calculated above. Make sure to pick External or Group for each order and don't change the formulas in columns K and L") -> OK | N21: 2026 | AA21: 2027
E23: Order (Tooling including) to be delivered | F23: External or Group | G23: Customers orders | H23: Quantity | I23: DGC | J23: TOTAL ORDERBOOK | K23: Total amount 2026 | L23: Total amount 2027 | N23: 46023 | O23: 46054 | P23: 46082 | Q23: 46113 | R23: 46143 | S23: 46174 | T23: 46204 | U23: 46235 | V23: 46266 | W23: 46296 | X23: 46327 | Y23: 46357 | AA23: 46388 | AB23: 46419 | AC23: 46447 | AD23: 46478 | AE23: 46508 | AF23: 46539 | AG23: 46569 | AH23: 46600 | AI23: 46631 | AJ23: 46661 | AK23: 46692 | AL23: 46722
D24: X | E24: DEHK | F24: Group | G24: DEHK HK | I24: G | J24: =+K24+L24 -> 5234.8 | K24: =SUM(N24:Y24) -> 5234.8 | L24: =SUM(AA24:AL24) -> 0 | O24: 1402.5 | P24: 1240.4 | Q24: 770.5 | R24: 550.9 | S24: 247.8 | T24: 204.4 | U24: 818.3
E25: DIAM Singapore | F25: Group | G25: DIAM SINGAPORE | I25: G | J25: =+K25+L25 -> 64.595 | K25: =SUM(N25:Y25) -> 64.595 | L25: =SUM(AA25:AL25) -> 0 | O25: =16-3 -> 13 | P25: =12+1 -> 13 | Q25: 18 | S25: =18.595+3-1 -> 20.595
E26: Sephora | F26: External | G26: SEPHORA | I26: E | J26: =+K26+L26 -> 192.843 | K26: =SUM(N26:Y26) -> 192.843 | L26: =SUM(AA26:AL26) -> 0 | O26: 33.827 | Q26: 78.016 | R26: 69 | U26: 12
E27: Burberry/Gucci/Lancaster | F27: External | G27: Coty | I27: E | J27: =+K27+L27 -> 47.204 | K27: =SUM(N27:Y27) -> 47.204 | L27: =SUM(AA27:AL27) -> 0 | O27: =41.264-0.06 -> 41.204 | P27: 6
E28: SKII | F28: External | G28: P&G | I28: E | J28: =+K28+L28 -> 16 | K28: =SUM(N28:Y28) -> 16 | L28: =SUM(AA28:AL28) -> 0 | P28: 16
E29: Fenty | F29: External | G29: FENTY | I29: E | J29: =+K29+L29 -> 2.156 | K29: =SUM(N29:Y29) -> 2.156 | L29: =SUM(AA29:AL29) -> 0 | P29: 2.156
E30: Herbeast/Komfymed/Chaling | F30: External | G30: SEPHORA-Exclusive brands | I30: E | J30: =+K30+L30 -> 4.99 | K30: =SUM(N30:Y30) -> 4.99 | L30: =SUM(AA30:AL30) -> 0 | R30: =1.024-1.034+5 -> 4.99
E31: Benefit/Fresh/Guerlain/Kenzo/Givenchy | F31: External | G31: LVMH | I31: E | J31: =+K31+L31 -> 170.0879 | K31: =SUM(N31:Y31) -> 170.0879 | L31: =SUM(AA31:AL31) -> 0 | O31: =71.9259-6.838 -> 65.0879 | P31: =60-2 -> 58 | Q31: 2 | U31: 45
E32: ETERNAL( Laura Mercier) | F32: External | G32: ETERNAL | I32: E | J32: =+K32+L32 -> 6.223 | K32: =SUM(N32:Y32) -> 6.223 | L32: =SUM(AA32:AL32) -> 0 | O32: =6.251-0.028 -> 6.223
E33: Perfect Diary | F33: External | G33: Perfect Diary | I33: E | J33: =+K33+L33 -> 12.456 | K33: =SUM(N33:Y33) -> 12.456 | L33: =SUM(AA33:AL33) -> 0 | S33: 12.456
E34: Clinique/BB/MAC/Estee Lauder | F34: External | G34: Estee Lauder | I34: E | J34: =+K34+L34 -> 10.89 | K34: =SUM(N34:Y34) -> 10.89 | L34: =SUM(AA34:AL34) -> 0 | O34: 1.89 | P34: 2 | S34: 7
E35: Hourglass | F35: External | G35: Hourglass | I35: E | J35: =+K35+L35 -> 341.922 | K35: =SUM(N35:Y35) -> 341.922 | L35: =SUM(AA35:AL35) -> 0 | R35: 333.575 | U35: 8.347
E36: Galenic | F36: External | G36: Galenic | I36: E | J36: =+K36+L36 -> 27.954 | K36: =SUM(N36:Y36) -> 27.954 | L36: =SUM(AA36:AL36) -> 0 | P36: 27.954
E37: YAMEI(Trading) | F37: External | G37: YAMEI(Trading) | I37: E | J37: =+K37+L37 -> 20.159 | K37: =SUM(N37:Y37) -> 20.159 | L37: =SUM(AA37:AL37) -> 0 | R37: =150-149.079-0.762+20 -> 20.159
E38: L‘oreal | F38: External | G38: L‘oreal(PACK) | I38: E | J38: =+K38+L38 -> 282.598 | K38: =SUM(N38:Y38) -> 282.598 | L38: =SUM(AA38:AL38) -> 0 | O38: 156 | P38: 126.598
E39: Clarins | F39: External | G39: Clarins | I39: E | J39: =+K39+L39 -> 4.871 | K39: =SUM(N39:Y39) -> 4.871 | L39: =SUM(AA39:AL39) -> 0 | T39: 4.871
E40: Chanel | F40: External | G40: Chanel | I40: E | J40: =+K40+L40 -> 9.664 | K40: =SUM(N40:Y40) -> 9.664 | L40: =SUM(AA40:AL40) -> 0 | O40: 9.664
J41: =+K41+L41 -> 0 | K41: =SUM(N41:Y41) -> 0 | L41: =SUM(AA41:AL41) -> 0
J42: =+K42+L42 -> 0 | K42: =SUM(N42:Y42) -> 0 | L42: =SUM(AA42:AL42) -> 0
J43: =+K43+L43 -> 0 | K43: =SUM(N43:Y43) -> 0 | L43: =SUM(AA43:AL43) -> 0
J44: =+K44+L44 -> 0 | K44: =SUM(N44:Y44) -> 0 | L44: =SUM(AA44:AL44) -> 0
J45: =+K45+L45 -> 0 | K45: =SUM(N45:Y45) -> 0 | L45: =SUM(AA45:AL45) -> 0
J46: =+K46+L46 -> 0 | K46: =SUM(N46:Y46) -> 0 | L46: =SUM(AA46:AL46) -> 0
J47: =+K47+L47 -> 0 | K47: =SUM(N47:Y47) -> 0 | L47: =SUM(AA47:AL47) -> 0
J48: =+K48+L48 -> 0 | K48: =SUM(N48:Y48) -> 0 | L48: =SUM(AA48:AL48) -> 0
J49: =+K49+L49 -> 0 | K49: =SUM(N49:Y49) -> 0 | L49: =SUM(AA49:AL49) -> 0
J50: =+K50+L50 -> 0 | K50: =SUM(N50:Y50) -> 0 | L50: =SUM(AA50:AL50) -> 0
J51: =+K51+L51 -> 0 | K51: =SUM(N51:Y51) -> 0 | L51: =SUM(AA51:AL51) -> 0
J52: =+K52+L52 -> 0 | K52: =SUM(N52:Y52) -> 0 | L52: =SUM(AA52:AL52) -> 0
... J252: =+K252+L252 -> 0 | K252: =SUM(N252:Y252) -> 0 | L252: =SUM(AA252:AL252) -> 0

Sheet W8
E2: ENTITY NAME : | G2: =+parameters!D2 -> Diam CHINA | I2: ORDER BOOK SYNTHESIS in K€
E4: WEEK : | G4: W8 | I4: Cells to be filled in
E6: MONTH : | G6: =+VLOOKUP(G4, parameters!G:H, 2, 0) -> February
E8: TURNOVER | F8: =parameters!D4 -> k€ | H8: YTD Turnover | J8: =+G6&" Turnover" -> February Turnover | L8: Last estim. for the month: | O8: Forecast 2026
H9: =+"from January 1 until end of "&G4 -> from January 1 until end of W8 | J9: =+"from "&G6&" 1 until end of "&G4 -> from February 1 until end of W8 | L9: =+G6 -> February | O9: =+G4 -> W8 | P9: =+VLOOKUP(G4, parameters!$G$9:$I$61,3,0) -> W7 | Q9: Var
E10: EXTERNAL SALES INVOICED (=outside group) | H10: =0+42.329+858.91+62.064+J10 -> 1121.104 | J10: =0+157.801+0 -> 157.801 | L10: =J10+O17 -> 471.6969 | O10: =+H10+K17 -> 2271.1219 | P10: {=INDIRECT(ADDRESS(10,15,,,VLOOKUP($G$4,parameters!$G:$I,3,0)))} -> 2271.1219 | Q10: =O10-P10 -> 0
E11: GROUP SALES INVOICED | H11: =0+93.912+182.874+1363.965+2.405+3186.523+33+J11 -> 5033.775 | J11: =171.096+0 -> 171.096 | L11: =J11+O18 -> 1586.596 | O11: =+H11+K18 -> 10333.17 | P11: {=INDIRECT(ADDRESS(11,15,,,VLOOKUP($G$4,parameters!$G:$I,3,0)))} -> 10333.17 | Q11: =O11-P11 -> 0 | S11: Definition orders : you consider the orders which are sure even if the order customers paper order is not yet received
E12: TOTAL | H12: =SUM(H10:H11) -> 6154.879 | J12: =SUM(J10:J11) -> 328.897 | L12: =SUM(L10:L11) -> 2058.2929 | O12: =SUM(O10:O11) -> 12604.292 | P12: =SUM(P10:P11) -> 12604.292 | Q12: =O12-P12 -> 0 | S12: The quantity, value, and delivery date can be changed before final delivery
E16: ORDERBOOK | F16: =+F8 -> k€ | J16: TOTAL ORDERBOOK | K16: Total amount 2026 | L16: Total amount 2027 | N16: 46023 | O16: 46054 | P16: 46082 | Q16: 46113 | R16: 46143 | S16: 46174 | T16: 46204 | U16: 46235 | V16: 46266 | W16: 46296 | X16: 46327 | Y16: 46357 | AA16: 46388 | AB16: 46419 | AC16: 46447 | AD16: 46478 | AE16: 46508 | AF16: 46539 | AG16: 46569 | AH16: 46600 | AI16: 46631 | AJ16: 46661 | AK16: 46692 | AL16: 46722
E17: External | J17: =+SUMIF($F$24:$F$251,"External",$J$24:$J$251) -> 1150.0179 | K17: =+SUMIF($F$24:$F$251,"External",$K$24:$K$251) -> 1150.0179 | L17: =+SUMIF($F$24:$F$251,"External",$L$24:$L$251) -> 0 | N17: =+SUMIF($F$24:$F$251,"External",N$24:N$251) -> 0 | O17: =+SUMIF($F$24:$F$251,"External",O$24:O$251) -> 313.8959 | P17: =+SUMIF($F$24:$F$251,"External",P$24:P$251) -> 238.708 | Q17: =+SUMIF($F$24:$F$251,"External",Q$24:Q$251) -> 80.016 | R17: =+SUMIF($F$24:$F$251,"External",R$24:R$251) -> 427.724 | S17: =+SUMIF($F$24:$F$251,"External",S$24:S$251) -> 19.456 | T17: =+SUMIF($F$24:$F$251,"External",T$24:T$251) -> 4.871 | U17: =+SUMIF($F$24:$F$251,"External",U$24:U$251) -> 65.347 | ... Y17: =+SUMIF($F$24:$F$251,"External",Y$24:Y$251) -> 0 | AA17: =+SUMIF($F$24:$F$251,"External",AA$24:AA$251) -> 0 | AB17: =+SUMIF($F$24:$F$251,"External",AB$24:AB$251) -> 0 | AC17: =+SUMIF($F$24:$F$251,"External",AC$24:AC$251) -> 0 | AD17: =+SUMIF($F$24:$F$251,"External",AD$24:AD$251) -> 0 | AE17: =+SUMIF($F$24:$F$251,"External",AE$24:AE$251) -> 0 | AF17: =+SUMIF($F$24:$F$251,"External",AF$24:AF$251) -> 0 | AG17: =+SUMIF($F$24:$F$251,"External",AG$24:AG$251) -> 0 | AH17: =+SUMIF($F$24:$F$251,"External",AH$24:AH$251) -> 0 | ... AL17: =+SUMIF($F$24:$F$251,"External",AL$24:AL$251) -> 0
E18: Group | J18: =+SUMIF($F$24:$F$251,"Group",$J$24:$J$251) -> 5299.395 | K18: =+SUMIF($F$24:$F$251,"Group",$K$24:$K$251) -> 5299.395 | L18: =SUMIF($F$24:$F$251,"Group",$L$24:$L$251) -> 0 | N18: =+SUMIF($F$24:$F$251,"Group",N$24:N$251) -> 0 | O18: =+SUMIF($F$24:$F$251,"Group",O$24:O$251) -> 1415.5 | P18: =+SUMIF($F$24:$F$251,"Group",P$24:P$251) -> 1253.4 | Q18: =+SUMIF($F$24:$F$251,"Group",Q$24:Q$251) -> 788.5 | R18: =+SUMIF($F$24:$F$251,"Group",R$24:R$251) -> 550.9 | S18: =+SUMIF($F$24:$F$251,"Group",S$24:S$251) -> 268.395 | T18: =+SUMIF($F$24:$F$251,"Group",T$24:T$251) -> 204.4 | U18: =+SUMIF($F$24:$F$251,"Group",U$24:U$251) -> 818.3 | ... Y18: =+SUMIF($F$24:$F$251,"Group",Y$24:Y$251) -> 0 | AA18: =+SUMIF($F$24:$F$251,"Group",AA$24:AA$251) -> 0 | AB18: =+SUMIF($F$24:$F$251,"Group",AB$24:AB$251) -> 0 | AC18: =+SUMIF($F$24:$F$251,"Group",AC$24:AC$251) -> 0 | AD18: =+SUMIF($F$24:$F$251,"Group",AD$24:AD$251) -> 0 | AE18: =+SUMIF($F$24:$F$251,"Group",AE$24:AE$251) -> 0 | AF18: =+SUMIF($F$24:$F$251,"Group",AF$24:AF$251) -> 0 | AG18: =+SUMIF($F$24:$F$251,"Group",AG$24:AG$251) -> 0 | AH18: =+SUMIF($F$24:$F$251,"Group",AH$24:AH$251) -> 0 | ... AL18: =+SUMIF($F$24:$F$251,"Group",AL$24:AL$251) -> 0
E19: TOTAL | J19: =SUM(J17:J18) -> 6449.4129 | K19: =SUM(K17:K18) -> 6449.4129 | L19: =SUM(L17:L18) -> 0 | N19: =SUM(N17:N18) -> 0 | O19: =SUM(O17:O18) -> 1729.3959 | P19: =SUM(P17:P18) -> 1492.108 | Q19: =SUM(Q17:Q18) -> 868.516 | R19: =SUM(R17:R18) -> 978.624 | S19: =SUM(S17:S18) -> 287.851 | T19: =SUM(T17:T18) -> 209.271 | U19: =SUM(U17:U18) -> 883.647 | ... Y19: =SUM(Y17:Y18) -> 0 | AA19: =SUM(AA17:AA18) -> 0 | AB19: =SUM(AB17:AB18) -> 0 | AC19: =SUM(AC17:AC18) -> 0 | AD19: =SUM(AD17:AD18) -> 0 | AE19: =SUM(AE17:AE18) -> 0 | AF19: =SUM(AF17:AF18) -> 0 | AG19: =SUM(AG17:AG18) -> 0 | AH19: =SUM(AH17:AH18) -> 0 | ... AL19: =SUM(AL17:AL18) -> 0
I21: check | J21: =IF(SUM(J24:J251)=J19, "OK", "Please correct: the sum of orders below is not equal to the total calculated above. Make sure to pick External or Group for each order and don't change the formulas in columns K and L") -> OK | N21: 2026 | AA21: 2027
E23: Order (Tooling including) to be delivered | F23: External or Group | G23: Customers orders | H23: Quantity | I23: DGC | J23: TOTAL ORDERBOOK | K23: Total amount 2026 | L23: Total amount 2027 | N23: 46023 | O23: 46054 | P23: 46082 | Q23: 46113 | R23: 46143 | S23: 46174 | T23: 46204 | U23: 46235 | V23: 46266 | W23: 46296 | X23: 46327 | Y23: 46357 | AA23: 46388 | AB23: 46419 | AC23: 46447 | AD23: 46478 | AE23: 46508 | AF23: 46539 | AG23: 46569 | AH23: 46600 | AI23: 46631 | AJ23: 46661 | AK23: 46692 | AL23: 46722
D24: X | E24: DEHK | F24: Group | G24: DEHK HK | I24: G | J24: =+K24+L24 -> 5234.8 | K24: =SUM(N24:Y24) -> 5234.8 | L24: =SUM(AA24:AL24) -> 0 | O24: 1402.5 | P24: 1240.4 | Q24: 770.5 | R24: 550.9 | S24: 247.8 | T24: 204.4 | U24: 818.3
E25: DIAM Singapore | F25: Group | G25: DIAM SINGAPORE | I25: G | J25: =+K25+L25 -> 64.595 | K25: =SUM(N25:Y25) -> 64.595 | L25: =SUM(AA25:AL25) -> 0 | O25: 13 | P25: 13 | Q25: 18 | S25: 20.595
E26: Sephora | F26: External | G26: SEPHORA | I26: E | J26: =+K26+L26 -> 192.843 | K26: =SUM(N26:Y26) -> 192.843 | L26: =SUM(AA26:AL26) -> 0 | O26: 33.827 | Q26: 78.016 | R26: 69 | U26: 12
E27: Burberry/Gucci/Lancaster | F27: External | G27: Coty | I27: E | J27: =+K27+L27 -> 47.204 | K27: =SUM(N27:Y27) -> 47.204 | L27: =SUM(AA27:AL27) -> 0 | O27: 41.204 | P27: 6
E28: SKII | F28: External | G28: P&G | I28: E | J28: =+K28+L28 -> 16 | K28: =SUM(N28:Y28) -> 16 | L28: =SUM(AA28:AL28) -> 0 | P28: 16
E29: Fenty | F29: External | G29: FENTY | I29: E | J29: =+K29+L29 -> 2.156 | K29: =SUM(N29:Y29) -> 2.156 | L29: =SUM(AA29:AL29) -> 0 | P29: 2.156
E30: Herbeast/Komfymed/Chaling | F30: External | G30: SEPHORA-Exclusive brands | I30: E | J30: =+K30+L30 -> 4.99 | K30: =SUM(N30:Y30) -> 4.99 | L30: =SUM(AA30:AL30) -> 0 | R30: 4.99
E31: Benefit/Fresh/Guerlain/Kenzo/Givenchy | F31: External | G31: LVMH | I31: E | J31: =+K31+L31 -> 170.0879 | K31: =SUM(N31:Y31) -> 170.0879 | L31: =SUM(AA31:AL31) -> 0 | O31: 65.0879 | P31: 58 | Q31: 2 | U31: 45
E32: ETERNAL( Laura Mercier) | F32: External | G32: ETERNAL | I32: E | J32: =+K32+L32 -> 6.223 | K32: =SUM(N32:Y32) -> 6.223 | L32: =SUM(AA32:AL32) -> 0 | O32: 6.223
E33: Perfect Diary | F33: External | G33: Perfect Diary | I33: E | J33: =+K33+L33 -> 12.456 | K33: =SUM(N33:Y33) -> 12.456 | L33: =SUM(AA33:AL33) -> 0 | S33: 12.456
E34: Clinique/BB/MAC/Estee Lauder | F34: External | G34: Estee Lauder | I34: E | J34: =+K34+L34 -> 10.89 | K34: =SUM(N34:Y34) -> 10.89 | L34: =SUM(AA34:AL34) -> 0 | O34: 1.89 | P34: 2 | S34: 7
E35: Hourglass | F35: External | G35: Hourglass | I35: E | J35: =+K35+L35 -> 341.922 | K35: =SUM(N35:Y35) -> 341.922 | L35: =SUM(AA35:AL35) -> 0 | R35: 333.575 | U35: 8.347
E36: Galenic | F36: External | G36: Galenic | I36: E | J36: =+K36+L36 -> 27.954 | K36: =SUM(N36:Y36) -> 27.954 | L36: =SUM(AA36:AL36) -> 0 | P36: 27.954
E37: YAMEI(Trading) | F37: External | G37: YAMEI(Trading) | I37: E | J37: =+K37+L37 -> 20.159 | K37: =SUM(N37:Y37) -> 20.159 | L37: =SUM(AA37:AL37) -> 0 | R37: 20.159
E38: L‘oreal | F38: External | G38: L‘oreal(PACK) | I38: E | J38: =+K38+L38 -> 282.598 | K38: =SUM(N38:Y38) -> 282.598 | L38: =SUM(AA38:AL38) -> 0 | O38: 156 | P38: 126.598
E39: Clarins | F39: External | G39: Clarins | I39: E | J39: =+K39+L39 -> 4.871 | K39: =SUM(N39:Y39) -> 4.871 | L39: =SUM(AA39:AL39) -> 0 | T39: 4.871
E40: Chanel | F40: External | G40: Chanel | I40: E | J40: =+K40+L40 -> 9.664 | K40: =SUM(N40:Y40) -> 9.664 | L40: =SUM(AA40:AL40) -> 0 | O40: 9.664
J41: =+K41+L41 -> 0 | K41: =SUM(N41:Y41) -> 0 | L41: =SUM(AA41:AL41) -> 0
J42: =+K42+L42 -> 0 | K42: =SUM(N42:Y42) -> 0 | L42: =SUM(AA42:AL42) -> 0
J43: =+K43+L43 -> 0 | K43: =SUM(N43:Y43) -> 0 | L43: =SUM(AA43:AL43) -> 0
J44: =+K44+L44 -> 0 | K44: =SUM(N44:Y44) -> 0 | L44: =SUM(AA44:AL44) -> 0
J45: =+K45+L45 -> 0 | K45: =SUM(N45:Y45) -> 0 | L45: =SUM(AA45:AL45) -> 0
J46: =+K46+L46 -> 0 | K46: =SUM(N46:Y46) -> 0 | L46: =SUM(AA46:AL46) -> 0
J47: =+K47+L47 -> 0 | K47: =SUM(N47:Y47) -> 0 | L47: =SUM(AA47:AL47) -> 0
J48: =+K48+L48 -> 0 | K48: =SUM(N48:Y48) -> 0 | L48: =SUM(AA48:AL48) -> 0
J49: =+K49+L49 -> 0 | K49: =SUM(N49:Y49) -> 0 | L49: =SUM(AA49:AL49) -> 0
J50: =+K50+L50 -> 0 | K50: =SUM(N50:Y50) -> 0 | L50: =SUM(AA50:AL50) -> 0
J51: =+K51+L51 -> 0 | K51: =SUM(N51:Y51) -> 0 | L51: =SUM(AA51:AL51) -> 0
J52: =+K52+L52 -> 0 | K52: =SUM(N52:Y52) -> 0 | L52: =SUM(AA52:AL52) -> 0
... J252: =+K252+L252 -> 0 | K252: =SUM(N252:Y252) -> 0 | L252: =SUM(AA252:AL252) -> 0

Sheet W9
E2: ENTITY NAME : | G2: =+parameters!D2 -> Diam CHINA | I2: ORDER BOOK SYNTHESIS in K€
E4: WEEK : | G4: W9 | I4: Cells to be filled in
E6: MONTH : | G6: =+VLOOKUP(G4, parameters!G:H, 2, 0) -> February
E8: TURNOVER | F8: =parameters!D4 -> k€ | H8: YTD Turnover | J8: =+G6&" Turnover" -> February Turnover | L8: Last estim. for the month: | O8: Forecast 2026
H9: =+"from January 1 until end of "&G4 -> from January 1 until end of W9 | J9: =+"from "&G6&" 1 until end of "&G4 -> from February 1 until end of W9 | L9: =+G6 -> February | O9: =+G4 -> W9 | P9: =+VLOOKUP(G4, parameters!$G$9:$I$61,3,0) -> W8 | Q9: Var
E10: EXTERNAL SALES INVOICED (=outside group) | H10: =0+42.329+858.91+62.064+J10 -> 1342.961 | J10: =0+157.801+0+221.857 -> 379.658 | L10: =J10+O17 -> 379.658 | O10: =+H10+K17 -> 2722.0289 | P10: {=INDIRECT(ADDRESS(10,15,,,VLOOKUP($G$4,parameters!$G:$I,3,0)))} -> 2271.1219 | Q10: =O10-P10 -> 450.907
E11: GROUP SALES INVOICED | H11: =0+93.912+182.874+1363.965+2.405+3186.523+33+J11 -> 5896.965 | J11: =171.096+0+863.19 -> 1034.286 | L11: =J11+O18 -> 1034.286 | O11: =+H11+K18 -> 10467.66 | P11: {=INDIRECT(ADDRESS(11,15,,,VLOOKUP($G$4,parameters!$G:$I,3,0)))} -> 10333.17 | Q11: =O11-P11 -> 134.49 | S11: Definition orders : you consider the orders which are sure even if the order customers paper order is not yet received
E12: TOTAL | H12: =SUM(H10:H11) -> 7239.926 | J12: =SUM(J10:J11) -> 1413.944 | L12: =SUM(L10:L11) -> 1413.944 | O12: =SUM(O10:O11) -> 13189.689 | P12: =SUM(P10:P11) -> 12604.292 | Q12: =O12-P12 -> 585.397 | S12: The quantity, value, and delivery date can be changed before final delivery
E16: ORDERBOOK | F16: =+F8 -> k€ | J16: TOTAL ORDERBOOK | K16: Total amount 2026 | L16: Total amount 2027 | N16: 46023 | O16: 46054 | P16: 46082 | Q16: 46113 | R16: 46143 | S16: 46174 | T16: 46204 | U16: 46235 | V16: 46266 | W16: 46296 | X16: 46327 | Y16: 46357 | AA16: 46388 | AB16: 46419 | AC16: 46447 | AD16: 46478 | AE16: 46508 | AF16: 46539 | AG16: 46569 | AH16: 46600 | AI16: 46631 | AJ16: 46661 | AK16: 46692 | AL16: 46722
E17: External | J17: =+SUMIF($F$24:$F$250,"External",$J$24:$J$250) -> 1379.0679 | K17: =+SUMIF($F$24:$F$250,"External",$K$24:$K$250) -> 1379.0679 | L17: =+SUMIF($F$24:$F$250,"External",$L$24:$L$250) -> 0 | N17: =+SUMIF($F$24:$F$250,"External",N$24:N$250) -> 0 | O17: =+SUMIF($F$24:$F$250,"External",O$24:O$250) -> 0 | P17: =+SUMIF($F$24:$F$250,"External",P$24:P$250) -> 246.7869 | Q17: =+SUMIF($F$24:$F$250,"External",Q$24:Q$250) -> 524.617 | R17: =+SUMIF($F$24:$F$250,"External",R$24:R$250) -> 470.972 | S17: =+SUMIF($F$24:$F$250,"External",S$24:S$250) -> 120.345 | T17: =+SUMIF($F$24:$F$250,"External",T$24:T$250) -> 0 | U17: =+SUMIF($F$24:$F$250,"External",U$24:U$250) -> 16.347 | ... Y17: =+SUMIF($F$24:$F$250,"External",Y$24:Y$250) -> 0 | AA17: =+SUMIF($F$24:$F$250,"External",AA$24:AA$250) -> 0 | AB17: =+SUMIF($F$24:$F$250,"External",AB$24:AB$250) -> 0 | AC17: =+SUMIF($F$24:$F$250,"External",AC$24:AC$250) -> 0 | AD17: =+SUMIF($F$24:$F$250,"External",AD$24:AD$250) -> 0 | AE17: =+SUMIF($F$24:$F$250,"External",AE$24:AE$250) -> 0 | AF17: =+SUMIF($F$24:$F$250,"External",AF$24:AF$250) -> 0 | AG17: =+SUMIF($F$24:$F$250,"External",AG$24:AG$250) -> 0 | AH17: =+SUMIF($F$24:$F$250,"External",AH$24:AH$250) -> 0 | ... AL17: =+SUMIF($F$24:$F$250,"External",AL$24:AL$250) -> 0
E18: Group | J18: =+SUMIF($F$24:$F$250,"Group",$J$24:$J$250) -> 4570.695 | K18: =+SUMIF($F$24:$F$250,"Group",$K$24:$K$250) -> 4570.695 | L18: =SUMIF($F$24:$F$250,"Group",$L$24:$L$250) -> 0 | N18: =+SUMIF($F$24:$F$250,"Group",N$24:N$250) -> 0 | O18: =+SUMIF($F$24:$F$250,"Group",O$24:O$250) -> 0 | P18: =+SUMIF($F$24:$F$250,"Group",P$24:P$250) -> 1723.5 | Q18: =+SUMIF($F$24:$F$250,"Group",Q$24:Q$250) -> 952 | R18: =+SUMIF($F$24:$F$250,"Group",R$24:R$250) -> 669.5 | S18: =+SUMIF($F$24:$F$250,"Group",S$24:S$250) -> 235.2 | T18: =+SUMIF($F$24:$F$250,"Group",T$24:T$250) -> 92.4 | U18: =+SUMIF($F$24:$F$250,"Group",U$24:U$250) -> 898.095 | ... Y18: =+SUMIF($F$24:$F$250,"Group",Y$24:Y$250) -> 0 | AA18: =+SUMIF($F$24:$F$250,"Group",AA$24:AA$250) -> 0 | AB18: =+SUMIF($F$24:$F$250,"Group",AB$24:AB$250) -> 0 | AC18: =+SUMIF($F$24:$F$250,"Group",AC$24:AC$250) -> 0 | AD18: =+SUMIF($F$24:$F$250,"Group",AD$24:AD$250) -> 0 | AE18: =+SUMIF($F$24:$F$250,"Group",AE$24:AE$250) -> 0 | AF18: =+SUMIF($F$24:$F$250,"Group",AF$24:AF$250) -> 0 | AG18: =+SUMIF($F$24:$F$250,"Group",AG$24:AG$250) -> 0 | AH18: =+SUMIF($F$24:$F$250,"Group",AH$24:AH$250) -> 0 | ... AL18: =+SUMIF($F$24:$F$250,"Group",AL$24:AL$250) -> 0
E19: TOTAL | J19: =SUM(J17:J18) -> 5949.7629 | K19: =SUM(K17:K18) -> 5949.7629 | L19: =SUM(L17:L18) -> 0 | N19: =SUM(N17:N18) -> 0 | O19: =SUM(O17:O18) -> 0 | P19: =SUM(P17:P18) -> 1970.2869 | Q19: =SUM(Q17:Q18) -> 1476.617 | R19: =SUM(R17:R18) -> 1140.472 | S19: =SUM(S17:S18) -> 355.545 | T19: =SUM(T17:T18) -> 92.4 | U19: =SUM(U17:U18) -> 914.442 | ... Y19: =SUM(Y17:Y18) -> 0 | AA19: =SUM(AA17:AA18) -> 0 | AB19: =SUM(AB17:AB18) -> 0 | AC19: =SUM(AC17:AC18) -> 0 | AD19: =SUM(AD17:AD18) -> 0 | AE19: =SUM(AE17:AE18) -> 0 | AF19: =SUM(AF17:AF18) -> 0 | AG19: =SUM(AG17:AG18) -> 0 | AH19: =SUM(AH17:AH18) -> 0 | ... AL19: =SUM(AL17:AL18) -> 0
I21: check | J21: =IF(SUM(J24:J250)=J19, "OK", "Please correct: the sum of orders below is not equal to the total calculated above. Make sure to pick External or Group for each order and don't change the formulas in columns K and L") -> OK | N21: 2026 | AA21: 2027
E23: Order (Tooling including) to be delivered | F23: External or Group | G23: Customers orders | H23: Quantity | I23: DGC | J23: TOTAL ORDERBOOK | K23: Total amount 2026 | L23: Total amount 2027 | N23: 46023 | O23: 46054 | P23: 46082 | Q23: 46113 | R23: 46143 | S23: 46174 | T23: 46204 | U23: 46235 | V23: 46266 | W23: 46296 | X23: 46327 | Y23: 46357 | AA23: 46388 | AB23: 46419 | AC23: 46447 | AD23: 46478 | AE23: 46508 | AF23: 46539 | AG23: 46569 | AH23: 46600 | AI23: 46631 | AJ23: 46661 | AK23: 46692 | AL23: 46722
D24: X | E24: DEHK | F24: Group | G24: DEHK HK | I24: G | J24: =+K24+L24 -> 4506.1 | K24: =SUM(N24:Y24) -> 4506.1 | L24: =SUM(AA24:AL24) -> 0 | P24: 1699.5 | Q24: 952 | R24: 669.5 | S24: 235.2 | T24: 92.4 | U24: 857.5
E25: DIAM Singapore | F25: Group | G25: DIAM SINGAPORE | I25: G | J25: =+K25+L25 -> 64.595 | K25: =SUM(N25:Y25) -> 64.595 | L25: =SUM(AA25:AL25) -> 0 | P25: =13+11 -> 24 | U25: =20.595+2+18 -> 40.595
E26: Sephora | F26: External | G26: SEPHORA | I26: E | J26: =+K26+L26 -> 273.413 | K26: =SUM(N26:Y26) -> 273.413 | L26: =SUM(AA26:AL26) -> 0 | Q26: =78.016-15+69-4 -> 128.016 | R26: =33.827-0.43+15+4+81+12 -> 145.397
E27: Burberry/Gucci/Lancaster | F27: External | G27: Coty | I27: E | J27: =+K27+L27 -> 362.204 | K27: =SUM(N27:Y27) -> 362.204 | L27: =SUM(AA27:AL27) -> 0 | P27: =41.204+6+1 -> 48.204 | Q27: =135+35+144 -> 314
E28: SKII | F28: External | G28: P&G | I28: E | J28: =+K28+L28 -> 16 | K28: =SUM(N28:Y28) -> 16 | L28: =SUM(AA28:AL28) -> 0 | Q28: 16
E29: Fenty | F29: External | G29: FENTY | I29: E | J29: =+K29+L29 -> 2.156 | K29: =SUM(N29:Y29) -> 2.156 | L29: =SUM(AA29:AL29) -> 0 | P29: 2.156
E30: Herbeast/Komfymed/Chaling | F30: External | G30: SEPHORA-Exclusive brands | I30: E | J30: =+K30+L30 -> 4.99 | K30: =SUM(N30:Y30) -> 4.99 | L30: =SUM(AA30:AL30) -> 0 | S30: 4.99
E31: Benefit/Fresh/Guerlain/Kenzo/Givenchy | F31: External | G31: LVMH | I31: E | J31: =+K31+L31 -> 125.8479 | K31: =SUM(N31:Y31) -> 125.8479 | L31: =SUM(AA31:AL31) -> 0 | P31: =65.0879-3.302-49.304-1.451+58+2+45+8 -> 124.0309 | Q31: 1.817
E32: ETERNAL( Laura Mercier) | F32: External | G32: ETERNAL | I32: E | J32: =+K32+L32 -> 9.223 | K32: =SUM(N32:Y32) -> 9.223 | L32: =SUM(AA32:AL32) -> 0 | P32: =6.223+3 -> 9.223
E33: Perfect Diary | F33: External | G33: Perfect Diary | I33: E | J33: =+K33+L33 -> 3.757 | K33: =SUM(N33:Y33) -> 3.757 | L33: =SUM(AA33:AL33) -> 0 | S33: =12.456-8.699 -> 3.757
E34: Clinique/BB/MAC/Estee Lauder | F34: External | G34: Estee Lauder | I34: E | J34: =+K34+L34 -> 11.89 | K34: =SUM(N34:Y34) -> 11.89 | L34: =SUM(AA34:AL34) -> 0 | P34: =1.89+2+1 -> 4.89 | S34: 7
E35: Hourglass | F35: External | G35: Hourglass | I35: E | J35: =+K35+L35 -> 341.922 | K35: =SUM(N35:Y35) -> 341.922 | L35: =SUM(AA35:AL35) -> 0 | R35: =333.575-8 -> 325.575 | U35: =8.34699999999998+8 -> 16.347
E36: Galenic | F36: External | G36: Galenic | I36: E | J36: =+K36+L36 -> 27.082 | K36: =SUM(N36:Y36) -> 27.082 | L36: =SUM(AA36:AL36) -> 0 | P36: =27.954-11.872+11 -> 27.082
E37: L‘oreal | F37: External | G37: L‘oreal(PACK) | I37: E | J37: =+K37+L37 -> 135.799 | K37: =SUM(N37:Y37) -> 135.799 | L37: =SUM(AA37:AL37) -> 0 | P37: =156-146.799+22 -> 31.201 | S37: =126.598-22 -> 104.598
E38: Clarins | F38: External | G38: Clarins | I38: E | J38: =+K38+L38 -> 4.871 | K38: =SUM(N38:Y38) -> 4.871 | L38: =SUM(AA38:AL38) -> 0 | Q38: 4.871
E39: Chanel | F39: External | G39: Chanel | I39: E | J39: =+K39+L39 -> 9.664 | K39: =SUM(N39:Y39) -> 9.664 | L39: =SUM(AA39:AL39) -> 0 | Q39: 9.664
E40: Nars | F40: External | G40: Nars | I40: E | J40: =+K40+L40 -> 26.017 | K40: =SUM(N40:Y40) -> 26.017 | L40: =SUM(AA40:AL40) -> 0 | Q40: 26.017
E41: Youpure | F41: External | G41: Youpure | I41: E | J41: =+K41+L41 -> 24.232 | K41: =SUM(N41:Y41) -> 24.232 | L41: =SUM(AA41:AL41) -> 0 | Q41: 24.232
J42: =+K42+L42 -> 0 | K42: =SUM(N42:Y42) -> 0 | L42: =SUM(AA42:AL42) -> 0
J43: =+K43+L43 -> 0 | K43: =SUM(N43:Y43) -> 0 | L43: =SUM(AA43:AL43) -> 0
J44: =+K44+L44 -> 0 | K44: =SUM(N44:Y44) -> 0 | L44: =SUM(AA44:AL44) -> 0
J45: =+K45+L45 -> 0 | K45: =SUM(N45:Y45) -> 0 | L45: =SUM(AA45:AL45) -> 0
J46: =+K46+L46 -> 0 | K46: =SUM(N46:Y46) -> 0 | L46: =SUM(AA46:AL46) -> 0
J47: =+K47+L47 -> 0 | K47: =SUM(N47:Y47) -> 0 | L47: =SUM(AA47:AL47) -> 0
J48: =+K48+L48 -> 0 | K48: =SUM(N48:Y48) -> 0 | L48: =SUM(AA48:AL48) -> 0
J49: =+K49+L49 -> 0 | K49: =SUM(N49:Y49) -> 0 | L49: =SUM(AA49:AL49) -> 0
J50: =+K50+L50 -> 0 | K50: =SUM(N50:Y50) -> 0 | L50: =SUM(AA50:AL50) -> 0
J51: =+K51+L51 -> 0 | K51: =SUM(N51:Y51) -> 0 | L51: =SUM(AA51:AL51) -> 0
J52: =+K52+L52 -> 0 | K52: =SUM(N52:Y52) -> 0 | L52: =SUM(AA52:AL52) -> 0
J53: =+K53+L53 -> 0 | K53: =SUM(N53:Y53) -> 0 | L53: =SUM(AA53:AL53) -> 0
... J251: =+K251+L251 -> 0 | K251: =SUM(N251:Y251) -> 0 | L251: =SUM(AA251:AL251) -> 0

Sheet W10
E2: ENTITY NAME : | G2: =+parameters!D2 -> Diam CHINA | I2: ORDER BOOK SYNTHESIS in K€
E4: WEEK : | G4: W10 | I4: Cells to be filled in
E6: MONTH : | G6: =+VLOOKUP(G4, parameters!G:H, 2, 0) -> March
E8: TURNOVER | F8: =parameters!D4 -> k€ | H8: YTD Turnover | J8: =+G6&" Turnover" -> March Turnover | L8: Last estim. for the month: | O8: Forecast 2026
H9: =+"from January 1 until end of "&G4 -> from January 1 until end of W10 | J9: =+"from "&G6&" 1 until end of "&G4 -> from March 1 until end of W10 | L9: =+G6 -> March | O9: =+G4 -> W10 | P9: =+VLOOKUP(G4, parameters!$G$9:$I$61,3,0) -> W9 | Q9: Var
E10: EXTERNAL SALES INVOICED (=outside group) | H10: =0+42.329+858.91+62.064+0+157.801+0+221.857+J10 -> 1342.961 | J10: =0 -> 0 | L10: =J10+P17 -> 187.4509 | O10: =+H10+K17 -> 3087.5059 | P10: {=INDIRECT(ADDRESS(10,15,,,VLOOKUP($G$4,parameters!$G:$I,3,0)))} -> 2722.0289 | Q10: =O10-P10 -> 365.477
E11: GROUP SALES INVOICED | H11: =0+93.912+182.874+1363.965+2.405+3186.523+33+171.096+0+863.19+J11 -> 5987.915 | J11: =90.95 -> 90.95 | L11: =J11+P18 -> 1680.85 | O11: =+H11+K18 -> 10764.21 | P11: {=INDIRECT(ADDRESS(11,15,,,VLOOKUP($G$4,parameters!$G:$I,3,0)))} -> 10467.66 | Q11: =O11-P11 -> 296.55 | S11: Definition orders : you consider the orders which are sure even if the order customers paper order is not yet received
E12: TOTAL | H12: =SUM(H10:H11) -> 7330.876 | J12: =SUM(J10:J11) -> 90.95 | L12: =SUM(L10:L11) -> 1868.3009 | O12: =SUM(O10:O11) -> 13851.716 | P12: =SUM(P10:P11) -> 13189.689 | Q12: =O12-P12 -> 662.027 | S12: The quantity, value, and delivery date can be changed before final delivery
E16: ORDERBOOK | F16: =+F8 -> k€ | J16: TOTAL ORDERBOOK | K16: Total amount 2026 | L16: Total amount 2027 | N16: 46023 | O16: 46054 | P16: 46082 | Q16: 46113 | R16: 46143 | S16: 46174 | T16: 46204 | U16: 46235 | V16: 46266 | W16: 46296 | X16: 46327 | Y16: 46357 | AA16: 46388 | AB16: 46419 | AC16: 46447 | AD16: 46478 | AE16: 46508 | AF16: 46539 | AG16: 46569 | AH16: 46600 | AI16: 46631 | AJ16: 46661 | AK16: 46692 | AL16: 46722
E17: External | J17: =+SUMIF($F$24:$F$251,"External",$J$24:$J$251) -> 1744.5449 | K17: =+SUMIF($F$24:$F$251,"External",$K$24:$K$251) -> 1744.5449 | L17: =+SUMIF($F$24:$F$251,"External",$L$24:$L$251) -> 0 | N17: =+SUMIF($F$24:$F$251,"External",N$24:N$251) -> 0 | O17: =+SUMIF($F$24:$F$251,"External",O$24:O$251) -> 0 | P17: =+SUMIF($F$24:$F$251,"External",P$24:P$251) -> 187.4509 | Q17: =+SUMIF($F$24:$F$251,"External",Q$24:Q$251) -> 517.953 | R17: =+SUMIF($F$24:$F$251,"External",R$24:R$251) -> 489.319 | S17: =+SUMIF($F$24:$F$251,"External",S$24:S$251) -> 360.234 | T17: =+SUMIF($F$24:$F$251,"External",T$24:T$251) -> 0 | U17: =+SUMIF($F$24:$F$251,"External",U$24:U$251) -> 189.588 | ... Y17: =+SUMIF($F$24:$F$251,"External",Y$24:Y$251) -> 0 | AA17: =+SUMIF($F$24:$F$251,"External",AA$24:AA$251) -> 0 | AB17: =+SUMIF($F$24:$F$251,"External",AB$24:AB$251) -> 0 | AC17: =+SUMIF($F$24:$F$251,"External",AC$24:AC$251) -> 0 | AD17: =+SUMIF($F$24:$F$251,"External",AD$24:AD$251) -> 0 | AE17: =+SUMIF($F$24:$F$251,"External",AE$24:AE$251) -> 0 | AF17: =+SUMIF($F$24:$F$251,"External",AF$24:AF$251) -> 0 | AG17: =+SUMIF($F$24:$F$251,"External",AG$24:AG$251) -> 0 | AH17: =+SUMIF($F$24:$F$251,"External",AH$24:AH$251) -> 0 | ... AL17: =+SUMIF($F$24:$F$251,"External",AL$24:AL$251) -> 0
E18: Group | J18: =+SUMIF($F$24:$F$251,"Group",$J$24:$J$251) -> 4776.295 | K18: =+SUMIF($F$24:$F$251,"Group",$K$24:$K$251) -> 4776.295 | L18: =SUMIF($F$24:$F$251,"Group",$L$24:$L$251) -> 0 | N18: =+SUMIF($F$24:$F$251,"Group",N$24:N$251) -> 0 | O18: =+SUMIF($F$24:$F$251,"Group",O$24:O$251) -> 0 | P18: =+SUMIF($F$24:$F$251,"Group",P$24:P$251) -> 1589.9 | Q18: =+SUMIF($F$24:$F$251,"Group",Q$24:Q$251) -> 1148 | R18: =+SUMIF($F$24:$F$251,"Group",R$24:R$251) -> 821.8 | S18: =+SUMIF($F$24:$F$251,"Group",S$24:S$251) -> 214.2 | T18: =+SUMIF($F$24:$F$251,"Group",T$24:T$251) -> 715.4 | U18: =+SUMIF($F$24:$F$251,"Group",U$24:U$251) -> 286.995 | ... Y18: =+SUMIF($F$24:$F$251,"Group",Y$24:Y$251) -> 0 | AA18: =+SUMIF($F$24:$F$251,"Group",AA$24:AA$251) -> 0 | AB18: =+SUMIF($F$24:$F$251,"Group",AB$24:AB$251) -> 0 | AC18: =+SUMIF($F$24:$F$251,"Group",AC$24:AC$251) -> 0 | AD18: =+SUMIF($F$24:$F$251,"Group",AD$24:AD$251) -> 0 | AE18: =+SUMIF($F$24:$F$251,"Group",AE$24:AE$251) -> 0 | AF18: =+SUMIF($F$24:$F$251,"Group",AF$24:AF$251) -> 0 | AG18: =+SUMIF($F$24:$F$251,"Group",AG$24:AG$251) -> 0 | AH18: =+SUMIF($F$24:$F$251,"Group",AH$24:AH$251) -> 0 | ... AL18: =+SUMIF($F$24:$F$251,"Group",AL$24:AL$251) -> 0
E19: TOTAL | J19: =SUM(J17:J18) -> 6520.8399 | K19: =SUM(K17:K18) -> 6520.8399 | L19: =SUM(L17:L18) -> 0 | N19: =SUM(N17:N18) -> 0 | O19: =SUM(O17:O18) -> 0 | P19: =SUM(P17:P18) -> 1777.3509 | Q19: =SUM(Q17:Q18) -> 1665.953 | R19: =SUM(R17:R18) -> 1311.119 | S19: =SUM(S17:S18) -> 574.434 | T19: =SUM(T17:T18) -> 715.4 | U19: =SUM(U17:U18) -> 476.583 | ... Y19: =SUM(Y17:Y18) -> 0 | AA19: =SUM(AA17:AA18) -> 0 | AB19: =SUM(AB17:AB18) -> 0 | AC19: =SUM(AC17:AC18) -> 0 | AD19: =SUM(AD17:AD18) -> 0 | AE19: =SUM(AE17:AE18) -> 0 | AF19: =SUM(AF17:AF18) -> 0 | AG19: =SUM(AG17:AG18) -> 0 | AH19: =SUM(AH17:AH18) -> 0 | ... AL19: =SUM(AL17:AL18) -> 0
I21: check | J21: =IF(SUM(J24:J251)=J19, "OK", "Please correct: the sum of orders below is not equal to the total calculated above. Make sure to pick External or Group for each order and don't change the formulas in columns K and L") -> OK | N21: 2026 | AA21: 2027
E23: Order (Tooling including) to be delivered | F23: External or Group | G23: Customers orders | H23: Quantity | I23: DGC | J23: TOTAL ORDERBOOK | K23: Total amount 2026 | L23: Total amount 2027 | N23: 46023 | O23: 46054 | P23: 46082 | Q23: 46113 | R23: 46143 | S23: 46174 | T23: 46204 | U23: 46235 | V23: 46266 | W23: 46296 | X23: 46327 | Y23: 46357 | AA23: 46388 | AB23: 46419 | AC23: 46447 | AD23: 46478 | AE23: 46508 | AF23: 46539 | AG23: 46569 | AH23: 46600 | AI23: 46631 | AJ23: 46661 | AK23: 46692 | AL23: 46722
D24: X | E24: DEHK | F24: Group | G24: DEHK HK | I24: G | J24: =+K24+L24 -> 4711.7 | K24: =SUM(N24:Y24) -> 4711.7 | L24: =SUM(AA24:AL24) -> 0 | P24: 1572.9 | Q24: 1148 | R24: 821.8 | S24: 214.2 | T24: 715.4 | U24: 239.4
E25: DIAM Singapore | F25: Group | G25: DIAM SINGAPORE | I25: G | J25: =+K25+L25 -> 64.595 | K25: =SUM(N25:Y25) -> 64.595 | L25: =SUM(AA25:AL25) -> 0 | P25: =24-7 -> 17 | U25: =40.595+7 -> 47.595
E26: Sephora | F26: External | G26: SEPHORA | I26: E | J26: =+K26+L26 -> 588.89 | K26: =SUM(N26:Y26) -> 588.89 | L26: =SUM(AA26:AL26) -> 0 | Q26: 128.016 | R26: 145.397 | S26: 315.477
E27: Burberry/Gucci/Lancaster | F27: External | G27: Coty | I27: E | J27: =+K27+L27 -> 371.204 | K27: =SUM(N27:Y27) -> 371.204 | L27: =SUM(AA27:AL27) -> 0 | P27: =48.204+8 -> 56.204 | Q27: =314-8+9 -> 315
E28: SKII | F28: External | G28: P&G | I28: E | J28: =+K28+L28 -> 16 | K28: =SUM(N28:Y28) -> 16 | L28: =SUM(AA28:AL28) -> 0 | Q28: 16
E29: Fenty | F29: External | G29: FENTY | I29: E | J29: =+K29+L29 -> 2.156 | K29: =SUM(N29:Y29) -> 2.156 | L29: =SUM(AA29:AL29) -> 0 | P29: 2.156
E30: Herbeast/Komfymed/Chaling | F30: External | G30: SEPHORA-Exclusive brands | I30: E | J30: =+K30+L30 -> 45.99 | K30: =SUM(N30:Y30) -> 45.99 | L30: =SUM(AA30:AL30) -> 0 | S30: =21+20 -> 41 | U30: 4.99
E31: Benefit/Fresh/Guerlain/Kenzo/Givenchy | F31: External | G31: LVMH | I31: E | J31: =+K31+L31 -> 125.8479 | K31: =SUM(N31:Y31) -> 125.8479 | L31: =SUM(AA31:AL31) -> 0 | P31: =124.0309-61+14 -> 77.0309 | Q31: 1.817 | U31: =61-14 -> 47
E32: ETERNAL( Laura Mercier) | F32: External | G32: ETERNAL | I32: E | J32: =+K32+L32 -> 9.223 | K32: =SUM(N32:Y32) -> 9.223 | L32: =SUM(AA32:AL32) -> 0 | P32: 9.223
E33: Perfect Diary | F33: External | G33: Perfect Diary | I33: E | J33: =+K33+L33 -> 3.757 | K33: =SUM(N33:Y33) -> 3.757 | L33: =SUM(AA33:AL33) -> 0 | S33: 3.757
E34: Clinique/BB/MAC/Estee Lauder | F34: External | G34: Estee Lauder | I34: E | J34: =+K34+L34 -> 11.89 | K34: =SUM(N34:Y34) -> 11.89 | L34: =SUM(AA34:AL34) -> 0 | P34: 4.89 | U34: 7
E35: Hourglass | F35: External | G35: Hourglass | I35: E | J35: =+K35+L35 -> 341.922 | K35: =SUM(N35:Y35) -> 341.922 | L35: =SUM(AA35:AL35) -> 0 | R35: =325.575+16.347 -> 341.922
E36: Galenic | F36: External | G36: Galenic | I36: E | J36: =+K36+L36 -> 27.082 | K36: =SUM(N36:Y36) -> 27.082 | L36: =SUM(AA36:AL36) -> 0 | P36: =27.082-11 -> 16.082 | U36: 11
E37: L‘oreal | F37: External | G37: L‘oreal(PACK) | I37: E | J37: =+K37+L37 -> 135.799 | K37: =SUM(N37:Y37) -> 135.799 | L37: =SUM(AA37:AL37) -> 0 | P37: =31.201-19 -> 12.201 | Q37: 2 | R37: 2 | U37: =104.598+19-2-2 -> 119.598
E38: Clarins | F38: External | G38: Clarins | I38: E | J38: =+K38+L38 -> 4.871 | K38: =SUM(N38:Y38) -> 4.871 | L38: =SUM(AA38:AL38) -> 0 | Q38: 4.871
E39: Chanel | F39: External | G39: Chanel | I39: E | J39: =+K39+L39 -> 9.664 | K39: =SUM(N39:Y39) -> 9.664 | L39: =SUM(AA39:AL39) -> 0 | P39: 9.664
E40: Nars | F40: External | G40: Nars | I40: E | J40: =+K40+L40 -> 26.017 | K40: =SUM(N40:Y40) -> 26.017 | L40: =SUM(AA40:AL40) -> 0 | Q40: 26.017
E41: Youpure | F41: External | G41: Youpure | I41: E | J41: =+K41+L41 -> 24.232 | K41: =SUM(N41:Y41) -> 24.232 | L41: =SUM(AA41:AL41) -> 0 | Q41: 24.232
J42: =+K42+L42 -> 0 | K42: =SUM(N42:Y42) -> 0 | L42: =SUM(AA42:AL42) -> 0
J43: =+K43+L43 -> 0 | K43: =SUM(N43:Y43) -> 0 | L43: =SUM(AA43:AL43) -> 0
J44: =+K44+L44 -> 0 | K44: =SUM(N44:Y44) -> 0 | L44: =SUM(AA44:AL44) -> 0
J45: =+K45+L45 -> 0 | K45: =SUM(N45:Y45) -> 0 | L45: =SUM(AA45:AL45) -> 0
J46: =+K46+L46 -> 0 | K46: =SUM(N46:Y46) -> 0 | L46: =SUM(AA46:AL46) -> 0
J47: =+K47+L47 -> 0 | K47: =SUM(N47:Y47) -> 0 | L47: =SUM(AA47:AL47) -> 0
J48: =+K48+L48 -> 0 | K48: =SUM(N48:Y48) -> 0 | L48: =SUM(AA48:AL48) -> 0
J49: =+K49+L49 -> 0 | K49: =SUM(N49:Y49) -> 0 | L49: =SUM(AA49:AL49) -> 0
J50: =+K50+L50 -> 0 | K50: =SUM(N50:Y50) -> 0 | L50: =SUM(AA50:AL50) -> 0
J51: =+K51+L51 -> 0 | K51: =SUM(N51:Y51) -> 0 | L51: =SUM(AA51:AL51) -> 0
J52: =+K52+L52 -> 0 | K52: =SUM(N52:Y52) -> 0 | L52: =SUM(AA52:AL52) -> 0
J53: =+K53+L53 -> 0 | K53: =SUM(N53:Y53) -> 0 | L53: =SUM(AA53:AL53) -> 0
... J252: =+K252+L252 -> 0 | K252: =SUM(N252:Y252) -> 0 | L252: =SUM(AA252:AL252) -> 0

Sheet W11
E2: ENTITY NAME : | G2: =+parameters!D2 -> Diam CHINA | I2: ORDER BOOK SYNTHESIS in K€
E4: WEEK : | G4: W11 | I4: Cells to be filled in
E6: MONTH : | G6: =+VLOOKUP(G4, parameters!G:H, 2, 0) -> March
E8: TURNOVER | F8: =parameters!D4 -> k€ | H8: YTD Turnover | J8: =+G6&" Turnover" -> March Turnover | L8: Last estim. for the month: | O8: Forecast 2026
H9: =+"from January 1 until end of "&G4 -> from January 1 until end of W11 | J9: =+"from "&G6&" 1 until end of "&G4 -> from March 1 until end of W11 | L9: =+G6 -> March | O9: =+G4 -> W11 | P9: =+VLOOKUP(G4, parameters!$G$9:$I$61,3,0) -> W10 | Q9: Var
E10: EXTERNAL SALES INVOICED (=outside group) | H10: =0+42.329+858.91+62.064+0+157.801+0+221.857+J10 -> 1365.173 | J10: =0+22.212 -> 22.212 | L10: =J10+P17 -> 181.4269 | O10: =+H10+K17 -> 3090.5059 | P10: {=INDIRECT(ADDRESS(10,15,,,VLOOKUP($G$4,parameters!$G:$I,3,0)))} -> 3087.5059 | Q10: =O10-P10 -> 3
E11: GROUP SALES INVOICED | H11: =0+93.912+182.874+1363.965+2.405+3186.523+33+171.096+0+863.19+J11 -> 6288.758 | J11: =90.95+300.843 -> 391.793 | L11: =J11+P18 -> 1927.888 | O11: =+H11+K18 -> 11093.453 | P11: {=INDIRECT(ADDRESS(11,15,,,VLOOKUP($G$4,parameters!$G:$I,3,0)))} -> 10764.21 | Q11: =O11-P11 -> 329.243 | S11: Definition orders : you consider the orders which are sure even if the order customers paper order is not yet received
E12: TOTAL | H12: =SUM(H10:H11) -> 7653.931 | J12: =SUM(J10:J11) -> 414.005 | L12: =SUM(L10:L11) -> 2109.3149 | O12: =SUM(O10:O11) -> 14183.959 | P12: =SUM(P10:P11) -> 13851.716 | Q12: =O12-P12 -> 332.243 | S12: The quantity, value, and delivery date can be changed before final delivery
E16: ORDERBOOK | F16: =+F8 -> k€ | J16: TOTAL ORDERBOOK | K16: Total amount 2026 | L16: Total amount 2027 | N16: 46023 | O16: 46054 | P16: 46082 | Q16: 46113 | R16: 46143 | S16: 46174 | T16: 46204 | U16: 46235 | V16: 46266 | W16: 46296 | X16: 46327 | Y16: 46357 | AA16: 46388 | AB16: 46419 | AC16: 46447 | AD16: 46478 | AE16: 46508 | AF16: 46539 | AG16: 46569 | AH16: 46600 | AI16: 46631 | AJ16: 46661 | AK16: 46692 | AL16: 46722
E17: External | J17: =+SUMIF($F$24:$F$251,"External",$J$24:$J$251) -> 1725.3329 | K17: =+SUMIF($F$24:$F$251,"External",$K$24:$K$251) -> 1725.3329 | L17: =+SUMIF($F$24:$F$251,"External",$L$24:$L$251) -> 0 | N17: =+SUMIF($F$24:$F$251,"External",N$24:N$251) -> 0 | O17: =+SUMIF($F$24:$F$251,"External",O$24:O$251) -> 0 | P17: =+SUMIF($F$24:$F$251,"External",P$24:P$251) -> 159.2149 | Q17: =+SUMIF($F$24:$F$251,"External",Q$24:Q$251) -> 543.322 | R17: =+SUMIF($F$24:$F$251,"External",R$24:R$251) -> 488.974 | S17: =+SUMIF($F$24:$F$251,"External",S$24:S$251) -> 360.234 | T17: =+SUMIF($F$24:$F$251,"External",T$24:T$251) -> 0 | U17: =+SUMIF($F$24:$F$251,"External",U$24:U$251) -> 173.588 | ... Y17: =+SUMIF($F$24:$F$251,"External",Y$24:Y$251) -> 0 | AA17: =+SUMIF($F$24:$F$251,"External",AA$24:AA$251) -> 0 | AB17: =+SUMIF($F$24:$F$251,"External",AB$24:AB$251) -> 0 | AC17: =+SUMIF($F$24:$F$251,"External",AC$24:AC$251) -> 0 | AD17: =+SUMIF($F$24:$F$251,"External",AD$24:AD$251) -> 0 | AE17: =+SUMIF($F$24:$F$251,"External",AE$24:AE$251) -> 0 | AF17: =+SUMIF($F$24:$F$251,"External",AF$24:AF$251) -> 0 | AG17: =+SUMIF($F$24:$F$251,"External",AG$24:AG$251) -> 0 | AH17: =+SUMIF($F$24:$F$251,"External",AH$24:AH$251) -> 0 | ... AL17: =+SUMIF($F$24:$F$251,"External",AL$24:AL$251) -> 0
E18: Group | J18: =+SUMIF($F$24:$F$251,"Group",$J$24:$J$251) -> 4804.695 | K18: =+SUMIF($F$24:$F$251,"Group",$K$24:$K$251) -> 4804.695 | L18: =SUMIF($F$24:$F$251,"Group",$L$24:$L$251) -> 0 | N18: =+SUMIF($F$24:$F$251,"Group",N$24:N$251) -> 0 | O18: =+SUMIF($F$24:$F$251,"Group",O$24:O$251) -> 0 | P18: =+SUMIF($F$24:$F$251,"Group",P$24:P$251) -> 1536.095 | Q18: =+SUMIF($F$24:$F$251,"Group",Q$24:Q$251) -> 1236.5 | R18: =+SUMIF($F$24:$F$251,"Group",R$24:R$251) -> 871.5 | S18: =+SUMIF($F$24:$F$251,"Group",S$24:S$251) -> 231.7 | T18: =+SUMIF($F$24:$F$251,"Group",T$24:T$251) -> 632.8 | U18: =+SUMIF($F$24:$F$251,"Group",U$24:U$251) -> 296.1 | ... Y18: =+SUMIF($F$24:$F$251,"Group",Y$24:Y$251) -> 0 | AA18: =+SUMIF($F$24:$F$251,"Group",AA$24:AA$251) -> 0 | AB18: =+SUMIF($F$24:$F$251,"Group",AB$24:AB$251) -> 0 | AC18: =+SUMIF($F$24:$F$251,"Group",AC$24:AC$251) -> 0 | AD18: =+SUMIF($F$24:$F$251,"Group",AD$24:AD$251) -> 0 | AE18: =+SUMIF($F$24:$F$251,"Group",AE$24:AE$251) -> 0 | AF18: =+SUMIF($F$24:$F$251,"Group",AF$24:AF$251) -> 0 | AG18: =+SUMIF($F$24:$F$251,"Group",AG$24:AG$251) -> 0 | AH18: =+SUMIF($F$24:$F$251,"Group",AH$24:AH$251) -> 0 | ... AL18: =+SUMIF($F$24:$F$251,"Group",AL$24:AL$251) -> 0
E19: TOTAL | J19: =SUM(J17:J18) -> 6530.0279 | K19: =SUM(K17:K18) -> 6530.0279 | L19: =SUM(L17:L18) -> 0 | N19: =SUM(N17:N18) -> 0 | O19: =SUM(O17:O18) -> 0 | P19: =SUM(P17:P18) -> 1695.3099 | Q19: =SUM(Q17:Q18) -> 1779.822 | R19: =SUM(R17:R18) -> 1360.474 | S19: =SUM(S17:S18) -> 591.934 | T19: =SUM(T17:T18) -> 632.8 | U19: =SUM(U17:U18) -> 469.688 | ... Y19: =SUM(Y17:Y18) -> 0 | AA19: =SUM(AA17:AA18) -> 0 | AB19: =SUM(AB17:AB18) -> 0 | AC19: =SUM(AC17:AC18) -> 0 | AD19: =SUM(AD17:AD18) -> 0 | AE19: =SUM(AE17:AE18) -> 0 | AF19: =SUM(AF17:AF18) -> 0 | AG19: =SUM(AG17:AG18) -> 0 | AH19: =SUM(AH17:AH18) -> 0 | ... AL19: =SUM(AL17:AL18) -> 0
I21: check | J21: =IF(SUM(J24:J251)=J19, "OK", "Please correct: the sum of orders below is not equal to the total calculated above. Make sure to pick External or Group for each order and don't change the formulas in columns K and L") -> OK | N21: 2026 | AA21: 2027
E23: Order (Tooling including) to be delivered | F23: External or Group | G23: Customers orders | H23: Quantity | I23: DGC | J23: TOTAL ORDERBOOK | K23: Total amount 2026 | L23: Total amount 2026 | N23: 46023 | O23: 46054 | P23: 46082 | Q23: 46113 | R23: 46143 | S23: 46174 | T23: 46204 | U23: 46235 | V23: 46266 | W23: 46296 | X23: 46327 | Y23: 46357 | AA23: 46388 | AB23: 46419 | AC23: 46447 | AD23: 46478 | AE23: 46508 | AF23: 46539 | AG23: 46569 | AH23: 46600 | AI23: 46631 | AJ23: 46661 | AK23: 46692 | AL23: 46722
D24: X | E24: DEHK | F24: Group | G24: DEHK HK | I24: G | J24: =+K24+L24 -> 4723.1 | K24: =SUM(N24:Y24) -> 4723.1 | L24: =SUM(AA24:AL24) -> 0 | P24: 1454.5 | Q24: 1236.5 | R24: 871.5 | S24: 231.7 | T24: 632.8 | U24: 296.1
E25: DIAM Singapore | F25: Group | G25: DIAM SINGAPORE | I25: G | J25: =+K25+L25 -> 81.595 | K25: =SUM(N25:Y25) -> 81.595 | L25: =SUM(AA25:AL25) -> 0 | P25: =17+47.595+17 -> 81.595
E26: Sephora | F26: External | G26: SEPHORA | I26: E | J26: =+K26+L26 -> 586.595 | K26: =SUM(N26:Y26) -> 586.595 | L26: =SUM(AA26:AL26) -> 0 | Q26: =128.016-2.295 -> 125.721 | R26: 145.397 | S26: 315.477
E27: Burberry/Gucci/Lancaster | F27: External | G27: Coty | I27: E | J27: =+K27+L27 -> 371.204 | K27: =SUM(N27:Y27) -> 371.204 | L27: =SUM(AA27:AL27) -> 0 | P27: 56.204 | Q27: 315
E28: SKII | F28: External | G28: P&G | I28: E | J28: =+K28+L28 -> 16 | K28: =SUM(N28:Y28) -> 16 | L28: =SUM(AA28:AL28) -> 0 | Q28: 16
E29: Fenty | F29: External | G29: FENTY | I29: E | J29: =+K29+L29 -> 5.156 | K29: =SUM(N29:Y29) -> 5.156 | L29: =SUM(AA29:AL29) -> 0 | P29: 2.156 | Q29: 3
E30: Herbeast/Komfymed/Chaling | F30: External | G30: SEPHORA-Exclusive brands | I30: E | J30: =+K30+L30 -> 45.99 | K30: =SUM(N30:Y30) -> 45.99 | L30: =SUM(AA30:AL30) -> 0 | S30: 41 | U30: 4.99
E31: Benefit/Fresh/Guerlain/Kenzo/Givenchy | F31: External | G31: LVMH | I31: E | J31: =+K31+L31 -> 125.8479 | K31: =SUM(N31:Y31) -> 125.8479 | L31: =SUM(AA31:AL31) -> 0 | P31: 77.0309 | Q31: =1.817+15 -> 16.817 | U31: =47-15 -> 32
E32: ETERNAL( Laura Mercier) | F32: External | G32: ETERNAL | I32: E | J32: =+K32+L32 -> 3.799 | K32: =SUM(N32:Y32) -> 3.799 | L32: =SUM(AA32:AL32) -> 0 | P32: =9.223-5.424 -> 3.799
E33: Perfect Diary | F33: External | G33: Perfect Diary | I33: E | J33: =+K33+L33 -> 3.757 | K33: =SUM(N33:Y33) -> 3.757 | L33: =SUM(AA33:AL33) -> 0 | S33: 3.757
E34: Clinique/BB/MAC/Estee Lauder | F34: External | G34: Estee Lauder | I34: E | J34: =+K34+L34 -> 11.89 | K34: =SUM(N34:Y34) -> 11.89 | L34: =SUM(AA34:AL34) -> 0 | P34: =4.89+1 -> 5.89 | U34: =7-1 -> 6
E35: Hourglass | F35: External | G35: Hourglass | I35: E | J35: =+K35+L35 -> 341.577 | K35: =SUM(N35:Y35) -> 341.577 | L35: =SUM(AA35:AL35) -> 0 | R35: =341.922-0.345 -> 341.577
E36: Galenic | F36: External | G36: Galenic | I36: E | J36: =+K36+L36 -> 12.934 | K36: =SUM(N36:Y36) -> 12.934 | L36: =SUM(AA36:AL36) -> 0 | P36: =16.082-14.148 -> 1.934 | U36: 11
E37: L‘oreal | F37: External | G37: L‘oreal(PACK) | I37: E | J37: =+K37+L37 -> 135.799 | K37: =SUM(N37:Y37) -> 135.799 | L37: =SUM(AA37:AL37) -> 0 | P37: 12.201 | Q37: 2 | R37: 2 | U37: 119.598
E38: Clarins | F38: External | G38: Clarins | I38: E | J38: =+K38+L38 -> 4.871 | K38: =SUM(N38:Y38) -> 4.871 | L38: =SUM(AA38:AL38) -> 0 | Q38: 4.871
E39: Chanel | F39: External | G39: Chanel | I39: E | J39: =+K39+L39 -> 9.664 | K39: =SUM(N39:Y39) -> 9.664 | L39: =SUM(AA39:AL39) -> 0 | Q39: 9.664
E40: Nars | F40: External | G40: Nars | I40: E | J40: =+K40+L40 -> 26.017 | K40: =SUM(N40:Y40) -> 26.017 | L40: =SUM(AA40:AL40) -> 0 | Q40: 26.017
E41: Youpure | F41: External | G41: Youpure | I41: E | J41: =+K41+L41 -> 24.232 | K41: =SUM(N41:Y41) -> 24.232 | L41: =SUM(AA41:AL41) -> 0 | Q41: 24.232
J42: =+K42+L42 -> 0 | K42: =SUM(N42:Y42) -> 0 | L42: =SUM(AA42:AL42) -> 0
J43: =+K43+L43 -> 0 | K43: =SUM(N43:Y43) -> 0 | L43: =SUM(AA43:AL43) -> 0
J44: =+K44+L44 -> 0 | K44: =SUM(N44:Y44) -> 0 | L44: =SUM(AA44:AL44) -> 0
J45: =+K45+L45 -> 0 | K45: =SUM(N45:Y45) -> 0 | L45: =SUM(AA45:AL45) -> 0
J46: =+K46+L46 -> 0 | K46: =SUM(N46:Y46) -> 0 | L46: =SUM(AA46:AL46) -> 0
J47: =+K47+L47 -> 0 | K47: =SUM(N47:Y47) -> 0 | L47: =SUM(AA47:AL47) -> 0
J48: =+K48+L48 -> 0 | K48: =SUM(N48:Y48) -> 0 | L48: =SUM(AA48:AL48) -> 0
J49: =+K49+L49 -> 0 | K49: =SUM(N49:Y49) -> 0 | L49: =SUM(AA49:AL49) -> 0
J50: =+K50+L50 -> 0 | K50: =SUM(N50:Y50) -> 0 | L50: =SUM(AA50:AL50) -> 0
J51: =+K51+L51 -> 0 | K51: =SUM(N51:Y51) -> 0 | L51: =SUM(AA51:AL51) -> 0
J52: =+K52+L52 -> 0 | K52: =SUM(N52:Y52) -> 0 | L52: =SUM(AA52:AL52) -> 0
J53: =+K53+L53 -> 0 | K53: =SUM(N53:Y53) -> 0 | L53: =SUM(AA53:AL53) -> 0
... J252: =+K252+L252 -> 0 | K252: =SUM(N252:Y252) -> 0 | L252: =SUM(AA252:AL252) -> 0

Sheet W12
E2: ENTITY NAME : | G2: =+parameters!D2 -> Diam CHINA | I2: ORDER BOOK SYNTHESIS in K€
E4: WEEK : | G4: W12 | I4: Cells to be filled in
E6: MONTH : | G6: =+VLOOKUP(G4, parameters!G:H, 2, 0) -> March
E8: TURNOVER | F8: =parameters!D4 -> k€ | H8: YTD Turnover | J8: =+G6&" Turnover" -> March Turnover | L8: Last estim. for the month: | O8: Forecast 2026
H9: =+"from January 1 until end of "&G4 -> from January 1 until end of W12 | J9: =+"from "&G6&" 1 until end of "&G4 -> from March 1 until end of W12 | L9: =+G6 -> March | O9: =+G4 -> W12 | P9: =+VLOOKUP(G4, parameters!$G$9:$I$61,3,0) -> W11 | Q9: Var
E10: EXTERNAL SALES INVOICED (=outside group) | H10: =0+42.329+858.91+62.064+0+157.801+0+221.857+J10 -> 1473.223 | J10: =0+22.212+108.05 -> 130.262 | L10: =J10+P17 -> 191.6119 | O10: =+H10+K17 -> 3110.5059 | P10: {=INDIRECT(ADDRESS(10,15,,,VLOOKUP($G$4,parameters!$G:$I,3,0)))} -> 3090.5059 | Q10: =O10-P10 -> 20
E11: GROUP SALES INVOICED | H11: =0+93.912+182.874+1363.965+2.405+3186.523+33+171.096+0+863.19+J11 -> 6440.621 | J11: =90.95+300.843+151.863 -> 543.656 | L11: =J11+P18 -> 1877.051 | O11: =+H11+K18 -> 11164.116 | P11: {=INDIRECT(ADDRESS(11,15,,,VLOOKUP($G$4,parameters!$G:$I,3,0)))} -> 11093.453 | Q11: =O11-P11 -> 70.663 | S11: Definition orders : you consider the orders which are sure even if the order customers paper order is not yet received
E12: TOTAL | H12: =SUM(H10:H11) -> 7913.844 | J12: =SUM(J10:J11) -> 673.918 | L12: =SUM(L10:L11) -> 2068.6629 | O12: =SUM(O10:O11) -> 14274.622 | P12: =SUM(P10:P11) -> 14183.959 | Q12: =O12-P12 -> 90.663 | S12: The quantity, value, and delivery date can be changed before final delivery
E16: ORDERBOOK | F16: =+F8 -> k€ | J16: TOTAL ORDERBOOK | K16: Total amount 2026 | L16: Total amount 2027 | N16: 46023 | O16: 46054 | P16: 46082 | Q16: 46113 | R16: 46143 | S16: 46174 | T16: 46204 | U16: 46235 | V16: 46266 | W16: 46296 | X16: 46327 | Y16: 46357 | AA16: 46388 | AB16: 46419 | AC16: 46447 | AD16: 46478 | AE16: 46508 | AF16: 46539 | AG16: 46569 | AH16: 46600 | AI16: 46631 | AJ16: 46661 | AK16: 46692 | AL16: 46722
E17: External | J17: =+SUMIF($F$24:$F$251,"External",$J$24:$J$251) -> 1637.2829 | K17: =+SUMIF($F$24:$F$251,"External",$K$24:$K$251) -> 1637.2829 | L17: =+SUMIF($F$24:$F$251,"External",$L$24:$L$251) -> 0 | N17: =+SUMIF($F$24:$F$251,"External",N$24:N$251) -> 0 | O17: =+SUMIF($F$24:$F$251,"External",O$24:O$251) -> 0 | P17: =+SUMIF($F$24:$F$251,"External",P$24:P$251) -> 61.3499 | Q17: =+SUMIF($F$24:$F$251,"External",Q$24:Q$251) -> 520.12 | R17: =+SUMIF($F$24:$F$251,"External",R$24:R$251) -> 488.974 | S17: =+SUMIF($F$24:$F$251,"External",S$24:S$251) -> 363.477 | T17: =+SUMIF($F$24:$F$251,"External",T$24:T$251) -> 0 | U17: =+SUMIF($F$24:$F$251,"External",U$24:U$251) -> 203.362 | ... Y17: =+SUMIF($F$24:$F$251,"External",Y$24:Y$251) -> 0 | AA17: =+SUMIF($F$24:$F$251,"External",AA$24:AA$251) -> 0 | AB17: =+SUMIF($F$24:$F$251,"External",AB$24:AB$251) -> 0 | AC17: =+SUMIF($F$24:$F$251,"External",AC$24:AC$251) -> 0 | AD17: =+SUMIF($F$24:$F$251,"External",AD$24:AD$251) -> 0 | AE17: =+SUMIF($F$24:$F$251,"External",AE$24:AE$251) -> 0 | AF17: =+SUMIF($F$24:$F$251,"External",AF$24:AF$251) -> 0 | AG17: =+SUMIF($F$24:$F$251,"External",AG$24:AG$251) -> 0 | AH17: =+SUMIF($F$24:$F$251,"External",AH$24:AH$251) -> 0 | ... AL17: =+SUMIF($F$24:$F$251,"External",AL$24:AL$251) -> 0
E18: Group | J18: =+SUMIF($F$24:$F$251,"Group",$J$24:$J$251) -> 4723.495 | K18: =+SUMIF($F$24:$F$251,"Group",$K$24:$K$251) -> 4723.495 | L18: =SUMIF($F$24:$F$251,"Group",$L$24:$L$251) -> 0 | N18: =+SUMIF($F$24:$F$251,"Group",N$24:N$251) -> 0 | O18: =+SUMIF($F$24:$F$251,"Group",O$24:O$251) -> 0 | P18: =+SUMIF($F$24:$F$251,"Group",P$24:P$251) -> 1333.395 | Q18: =+SUMIF($F$24:$F$251,"Group",Q$24:Q$251) -> 1259.9 | R18: =+SUMIF($F$24:$F$251,"Group",R$24:R$251) -> 623.8 | S18: =+SUMIF($F$24:$F$251,"Group",S$24:S$251) -> 203 | T18: =+SUMIF($F$24:$F$251,"Group",T$24:T$251) -> 863.8 | U18: =+SUMIF($F$24:$F$251,"Group",U$24:U$251) -> 439.6 | ... Y18: =+SUMIF($F$24:$F$251,"Group",Y$24:Y$251) -> 0 | AA18: =+SUMIF($F$24:$F$251,"Group",AA$24:AA$251) -> 0 | AB18: =+SUMIF($F$24:$F$251,"Group",AB$24:AB$251) -> 0 | AC18: =+SUMIF($F$24:$F$251,"Group",AC$24:AC$251) -> 0 | AD18: =+SUMIF($F$24:$F$251,"Group",AD$24:AD$251) -> 0 | AE18: =+SUMIF($F$24:$F$251,"Group",AE$24:AE$251) -> 0 | AF18: =+SUMIF($F$24:$F$251,"Group",AF$24:AF$251) -> 0 | AG18: =+SUMIF($F$24:$F$251,"Group",AG$24:AG$251) -> 0 | AH18: =+SUMIF($F$24:$F$251,"Group",AH$24:AH$251) -> 0 | ... AL18: =+SUMIF($F$24:$F$251,"Group",AL$24:AL$251) -> 0
E19: TOTAL | J19: =SUM(J17:J18) -> 6360.7779 | K19: =SUM(K17:K18) -> 6360.7779 | L19: =SUM(L17:L18) -> 0 | N19: =SUM(N17:N18) -> 0 | O19: =SUM(O17:O18) -> 0 | P19: =SUM(P17:P18) -> 1394.7449 | Q19: =SUM(Q17:Q18) -> 1780.02 | R19: =SUM(R17:R18) -> 1112.774 | S19: =SUM(S17:S18) -> 566.477 | T19: =SUM(T17:T18) -> 863.8 | U19: =SUM(U17:U18) -> 642.962 | ... Y19: =SUM(Y17:Y18) -> 0 | AA19: =SUM(AA17:AA18) -> 0 | AB19: =SUM(AB17:AB18) -> 0 | AC19: =SUM(AC17:AC18) -> 0 | AD19: =SUM(AD17:AD18) -> 0 | AE19: =SUM(AE17:AE18) -> 0 | AF19: =SUM(AF17:AF18) -> 0 | AG19: =SUM(AG17:AG18) -> 0 | AH19: =SUM(AH17:AH18) -> 0 | ... AL19: =SUM(AL17:AL18) -> 0
I21: check | J21: =IF(SUM(J24:J251)=J19, "OK", "Please correct: the sum of orders below is not equal to the total calculated above. Make sure to pick External or Group for each order and don't change the formulas in columns K and L") -> OK | N21: 2026 | AA21: 2027
E23: Order (Tooling including) to be delivered | F23: External or Group | G23: Customers orders | H23: Quantity | I23: DGC | J23: TOTAL ORDERBOOK | K23: Total amount 2026 | L23: Total amount 2026 | N23: 46023 | O23: 46054 | P23: 46082 | Q23: 46113 | R23: 46143 | S23: 46174 | T23: 46204 | U23: 46235 | V23: 46266 | W23: 46296 | X23: 46327 | Y23: 46357 | AA23: 46388 | AB23: 46419 | AC23: 46447 | AD23: 46478 | AE23: 46508 | AF23: 46539 | AG23: 46569 | AH23: 46600 | AI23: 46631 | AJ23: 46661 | AK23: 46692 | AL23: 46722
D24: X | E24: DEHK | F24: Group | G24: DEHK HK | I24: G | J24: =+K24+L24 -> 4596.9 | K24: =SUM(N24:Y24) -> 4596.9 | L24: =SUM(AA24:AL24) -> 0 | P24: 1255.8 | Q24: 1215.9 | R24: 618.8 | S24: 203 | T24: 863.8 | U24: 439.6
E25: DIAM Singapore | F25: Group | G25: DIAM SINGAPORE | I25: G | J25: =+K25+L25 -> 126.595 | K25: =SUM(N25:Y25) -> 126.595 | L25: =SUM(AA25:AL25) -> 0 | P25: =81.595-4 -> 77.595 | Q25: =4+40 -> 44 | R25: 5
E26: Sephora | F26: External | G26: SEPHORA | I26: E | J26: =+K26+L26 -> 596.41 | K26: =SUM(N26:Y26) -> 596.41 | L26: =SUM(AA26:AL26) -> 0 | Q26: =125.721-4.185+7 -> 128.536 | R26: 145.397 | S26: =315.477+7 -> 322.477
E27: Burberry/Gucci/Lancaster | F27: External | G27: Coty | I27: E | J27: =+K27+L27 -> 321.997 | K27: =SUM(N27:Y27) -> 321.997 | L27: =SUM(AA27:AL27) -> 0 | P27: =56.204-40.536-8.671 -> 6.997 | Q27: 315
E28: SKII | F28: External | G28: P&G | I28: E | J28: =+K28+L28 -> 16 | K28: =SUM(N28:Y28) -> 16 | L28: =SUM(AA28:AL28) -> 0 | Q28: 16
E29: Fenty | F29: External | G29: FENTY | I29: E | J29: =+K29+L29 -> 5.156 | K29: =SUM(N29:Y29) -> 5.156 | L29: =SUM(AA29:AL29) -> 0 | P29: 2.156 | Q29: 3
E30: Herbeast/Komfymed/Chaling | F30: External | G30: SEPHORA-Exclusive brands | I30: E | J30: =+K30+L30 -> 45.99 | K30: =SUM(N30:Y30) -> 45.99 | L30: =SUM(AA30:AL30) -> 0 | S30: 41 | U30: 4.99
E31: Benefit/Fresh/Guerlain/Kenzo/Givenchy | F31: External | G31: LVMH | I31: E | J31: =+K31+L31 -> 77.0039 | K31: =SUM(N31:Y31) -> 77.0039 | L31: =SUM(AA31:AL31) -> 0 | P31: =77.0309-47.806-1.038 -> 28.1869 | Q31: 16.817 | U31: 32
E32: ETERNAL( Laura Mercier) | F32: External | G32: ETERNAL | I32: E | J32: =+K32+L32 -> 9.799 | K32: =SUM(N32:Y32) -> 9.799 | L32: =SUM(AA32:AL32) -> 0 | P32: =3.799+6 -> 9.799
E33: Perfect Diary | F33: External | G33: Perfect Diary | I33: E | J33: =+K33+L33 -> 3.757 | K33: =SUM(N33:Y33) -> 3.757 | L33: =SUM(AA33:AL33) -> 0 | U33: 3.757
E34: Clinique/BB/MAC/Estee Lauder | F34: External | G34: Estee Lauder | I34: E | J34: =+K34+L34 -> 11.89 | K34: =SUM(N34:Y34) -> 11.89 | L34: =SUM(AA34:AL34) -> 0 | P34: 5.89 | U34: 6
E35: Hourglass | F35: External | G35: Hourglass | I35: E | J35: =+K35+L35 -> 341.577 | K35: =SUM(N35:Y35) -> 341.577 | L35: =SUM(AA35:AL35) -> 0 | R35: 341.577
E36: Galenic | F36: External | G36: Galenic | I36: E | J36: =+K36+L36 -> 12.143 | K36: =SUM(N36:Y36) -> 12.143 | L36: =SUM(AA36:AL36) -> 0 | P36: =1.934-0.791 -> 1.143 | U36: 11
E37: L‘oreal | F37: External | G37: L‘oreal(PACK) | I37: E | J37: =+K37+L37 -> 130.776 | K37: =SUM(N37:Y37) -> 130.776 | L37: =SUM(AA37:AL37) -> 0 | P37: =12.201-5.023 -> 7.178 | Q37: 2 | R37: 2 | U37: 119.598
E38: Clarins | F38: External | G38: Clarins | I38: E | J38: =+K38+L38 -> 4.871 | K38: =SUM(N38:Y38) -> 4.871 | L38: =SUM(AA38:AL38) -> 0 | Q38: 4.871
E39: Chanel | F39: External | G39: Chanel | I39: E | J39: =+K39+L39 -> 9.664 | K39: =SUM(N39:Y39) -> 9.664 | L39: =SUM(AA39:AL39) -> 0 | Q39: 9.664
E40: Nars | F40: External | G40: Nars | I40: E | J40: =+K40+L40 -> 26.017 | K40: =SUM(N40:Y40) -> 26.017 | L40: =SUM(AA40:AL40) -> 0 | U40: 26.017
E41: Youpure | F41: External | G41: Youpure | I41: E | J41: =+K41+L41 -> 24.232 | K41: =SUM(N41:Y41) -> 24.232 | L41: =SUM(AA41:AL41) -> 0 | Q41: 24.232
J42: =+K42+L42 -> 0 | K42: =SUM(N42:Y42) -> 0 | L42: =SUM(AA42:AL42) -> 0
J43: =+K43+L43 -> 0 | K43: =SUM(N43:Y43) -> 0 | L43: =SUM(AA43:AL43) -> 0
J44: =+K44+L44 -> 0 | K44: =SUM(N44:Y44) -> 0 | L44: =SUM(AA44:AL44) -> 0
J45: =+K45+L45 -> 0 | K45: =SUM(N45:Y45) -> 0 | L45: =SUM(AA45:AL45) -> 0
J46: =+K46+L46 -> 0 | K46: =SUM(N46:Y46) -> 0 | L46: =SUM(AA46:AL46) -> 0
J47: =+K47+L47 -> 0 | K47: =SUM(N47:Y47) -> 0 | L47: =SUM(AA47:AL47) -> 0
J48: =+K48+L48 -> 0 | K48: =SUM(N48:Y48) -> 0 | L48: =SUM(AA48:AL48) -> 0
J49: =+K49+L49 -> 0 | K49: =SUM(N49:Y49) -> 0 | L49: =SUM(AA49:AL49) -> 0
J50: =+K50+L50 -> 0 | K50: =SUM(N50:Y50) -> 0 | L50: =SUM(AA50:AL50) -> 0
J51: =+K51+L51 -> 0 | K51: =SUM(N51:Y51) -> 0 | L51: =SUM(AA51:AL51) -> 0
J52: =+K52+L52 -> 0 | K52: =SUM(N52:Y52) -> 0 | L52: =SUM(AA52:AL52) -> 0
J53: =+K53+L53 -> 0 | K53: =SUM(N53:Y53) -> 0 | L53: =SUM(AA53:AL53) -> 0
... J252: =+K252+L252 -> 0 | K252: =SUM(N252:Y252) -> 0 | L252: =SUM(AA252:AL252) -> 0

Sheet W13
E2: ENTITY NAME : | G2: =+parameters!D2 -> Diam CHINA | I2: ORDER BOOK SYNTHESIS in K€
E4: WEEK : | G4: W13 | I4: Cells to be filled in
E6: MONTH : | G6: =+VLOOKUP(G4, parameters!G:H, 2, 0) -> March
E8: TURNOVER | F8: =parameters!D4 -> k€ | H8: YTD Turnover | J8: =+G6&" Turnover" -> March Turnover | L8: Last estim. for the month: | O8: Forecast 2026
H9: =+"from January 1 until end of "&G4 -> from January 1 until end of W13 | J9: =+"from "&G6&" 1 until end of "&G4 -> from March 1 until end of W13 | L9: =+G6 -> March | O9: =+G4 -> W13 | P9: =+VLOOKUP(G4, parameters!$G$9:$I$61,3,0) -> W12 | Q9: Var
E10: EXTERNAL SALES INVOICED (=outside group) | H10: =0+42.329+858.91+62.064+0+157.801+0+221.857+J10 -> 1514.54 | J10: =0+22.212+108.05+41.317 -> 171.579 | L10: =J10+P17 -> 210.1659 | O10: =+H10+K17 -> 3315.3209 | P10: {=INDIRECT(ADDRESS(10,15,,,VLOOKUP($G$4,parameters!$G:$I,3,0)))} -> 3110.5059 | Q10: =O10-P10 -> 204.815
E11: GROUP SALES INVOICED | H11: =0+93.912+182.874+1363.965+2.405+3186.523+33+171.096+0+863.19+J11 -> 6808.762 | J11: =90.95+300.843+151.863+368.141 -> 911.797 | L11: =J11+P18 -> 1693.792 | O11: =+H11+K18 -> 12238.657 | P11: {=INDIRECT(ADDRESS(11,15,,,VLOOKUP($G$4,parameters!$G:$I,3,0)))} -> 11164.116 | Q11: =O11-P11 -> 1074.541 | S11: Definition orders : you consider the orders which are sure even if the order customers paper order is not yet received
E12: TOTAL | H12: =SUM(H10:H11) -> 8323.302 | J12: =SUM(J10:J11) -> 1083.376 | L12: =SUM(L10:L11) -> 1903.9579 | O12: =SUM(O10:O11) -> 15553.978 | P12: =SUM(P10:P11) -> 14274.622 | Q12: =O12-P12 -> 1279.356 | S12: The quantity, value, and delivery date can be changed before final delivery
E16: ORDERBOOK | F16: =+F8 -> k€ | J16: TOTAL ORDERBOOK | K16: Total amount 2026 | L16: Total amount 2027 | N16: 46023 | O16: 46054 | P16: 46082 | Q16: 46113 | R16: 46143 | S16: 46174 | T16: 46204 | U16: 46235 | V16: 46266 | W16: 46296 | X16: 46327 | Y16: 46357 | AA16: 46388 | AB16: 46419 | AC16: 46447 | AD16: 46478 | AE16: 46508 | AF16: 46539 | AG16: 46569 | AH16: 46600 | AI16: 46631 | AJ16: 46661 | AK16: 46692 | AL16: 46722
E17: External | J17: =+SUMIF($F$24:$F$250,"External",$J$24:$J$250) -> 1800.7809 | K17: =+SUMIF($F$24:$F$250,"External",$K$24:$K$250) -> 1800.7809 | L17: =+SUMIF($F$24:$F$250,"External",$L$24:$L$250) -> 0 | N17: =+SUMIF($F$24:$F$250,"External",N$24:N$250) -> 0 | O17: =+SUMIF($F$24:$F$250,"External",O$24:O$250) -> 0 | P17: =+SUMIF($F$24:$F$250,"External",P$24:P$250) -> 38.5869 | Q17: =+SUMIF($F$24:$F$250,"External",Q$24:Q$250) -> 536.724 | R17: =+SUMIF($F$24:$F$250,"External",R$24:R$250) -> 569.732 | S17: =+SUMIF($F$24:$F$250,"External",S$24:S$250) -> 360.491 | T17: =+SUMIF($F$24:$F$250,"External",T$24:T$250) -> 118.875 | U17: =+SUMIF($F$24:$F$250,"External",U$24:U$250) -> 176.372 | ... Y17: =+SUMIF($F$24:$F$250,"External",Y$24:Y$250) -> 0 | AA17: =+SUMIF($F$24:$F$250,"External",AA$24:AA$250) -> 0 | AB17: =+SUMIF($F$24:$F$250,"External",AB$24:AB$250) -> 0 | AC17: =+SUMIF($F$24:$F$250,"External",AC$24:AC$250) -> 0 | AD17: =+SUMIF($F$24:$F$250,"External",AD$24:AD$250) -> 0 | AE17: =+SUMIF($F$24:$F$250,"External",AE$24:AE$250) -> 0 | AF17: =+SUMIF($F$24:$F$250,"External",AF$24:AF$250) -> 0 | AG17: =+SUMIF($F$24:$F$250,"External",AG$24:AG$250) -> 0 | AH17: =+SUMIF($F$24:$F$250,"External",AH$24:AH$250) -> 0 | ... AL17: =+SUMIF($F$24:$F$250,"External",AL$24:AL$250) -> 0
E18: Group | J18: =+SUMIF($F$24:$F$250,"Group",$J$24:$J$250) -> 5429.895 | K18: =+SUMIF($F$24:$F$250,"Group",$K$24:$K$250) -> 5429.895 | L18: =SUMIF($F$24:$F$250,"Group",$L$24:$L$250) -> 0 | N18: =+SUMIF($F$24:$F$250,"Group",N$24:N$250) -> 0 | O18: =+SUMIF($F$24:$F$250,"Group",O$24:O$250) -> 0 | P18: =+SUMIF($F$24:$F$250,"Group",P$24:P$250) -> 781.995 | Q18: =+SUMIF($F$24:$F$250,"Group",Q$24:Q$250) -> 1532.7 | R18: =+SUMIF($F$24:$F$250,"Group",R$24:R$250) -> 875.2 | S18: =+SUMIF($F$24:$F$250,"Group",S$24:S$250) -> 797.3 | T18: =+SUMIF($F$24:$F$250,"Group",T$24:T$250) -> 1052.1 | U18: =+SUMIF($F$24:$F$250,"Group",U$24:U$250) -> 390.6 | ... Y18: =+SUMIF($F$24:$F$250,"Group",Y$24:Y$250) -> 0 | AA18: =+SUMIF($F$24:$F$250,"Group",AA$24:AA$250) -> 0 | AB18: =+SUMIF($F$24:$F$250,"Group",AB$24:AB$250) -> 0 | AC18: =+SUMIF($F$24:$F$250,"Group",AC$24:AC$250) -> 0 | AD18: =+SUMIF($F$24:$F$250,"Group",AD$24:AD$250) -> 0 | AE18: =+SUMIF($F$24:$F$250,"Group",AE$24:AE$250) -> 0 | AF18: =+SUMIF($F$24:$F$250,"Group",AF$24:AF$250) -> 0 | AG18: =+SUMIF($F$24:$F$250,"Group",AG$24:AG$250) -> 0 | AH18: =+SUMIF($F$24:$F$250,"Group",AH$24:AH$250) -> 0 | ... AL18: =+SUMIF($F$24:$F$250,"Group",AL$24:AL$250) -> 0
E19: TOTAL | J19: =SUM(J17:J18) -> 7230.6759 | K19: =SUM(K17:K18) -> 7230.6759 | L19: =SUM(L17:L18) -> 0 | N19: =SUM(N17:N18) -> 0 | O19: =SUM(O17:O18) -> 0 | P19: =SUM(P17:P18) -> 820.5819 | Q19: =SUM(Q17:Q18) -> 2069.424 | R19: =SUM(R17:R18) -> 1444.932 | S19: =SUM(S17:S18) -> 1157.791 | T19: =SUM(T17:T18) -> 1170.975 | U19: =SUM(U17:U18) -> 566.972 | ... Y19: =SUM(Y17:Y18) -> 0 | AA19: =SUM(AA17:AA18) -> 0 | AB19: =SUM(AB17:AB18) -> 0 | AC19: =SUM(AC17:AC18) -> 0 | AD19: =SUM(AD17:AD18) -> 0 | AE19: =SUM(AE17:AE18) -> 0 | AF19: =SUM(AF17:AF18) -> 0 | AG19: =SUM(AG17:AG18) -> 0 | AH19: =SUM(AH17:AH18) -> 0 | ... AL19: =SUM(AL17:AL18) -> 0
I21: check | J21: =IF(SUM(J24:J250)=J19, "OK", "Please correct: the sum of orders below is not equal to the total calculated above. Make sure to pick External or Group for each order and don't change the formulas in columns K and L") -> OK | N21: 2026 | AA21: 2027
E23: Order (Tooling including) to be delivered | F23: External or Group | G23: Customers orders | H23: Quantity | I23: DGC | J23: TOTAL ORDERBOOK | K23: Total amount 2026 | L23: Total amount 2026 | N23: 46023 | O23: 46054 | P23: 46082 | Q23: 46113 | R23: 46143 | S23: 46174 | T23: 46204 | U23: 46235 | V23: 46266 | W23: 46296 | X23: 46327 | Y23: 46357 | AA23: 46388 | AB23: 46419 | AC23: 46447 | AD23: 46478 | AE23: 46508 | AF23: 46539 | AG23: 46569 | AH23: 46600 | AI23: 46631 | AJ23: 46661 | AK23: 46692 | AL23: 46722
D24: X | E24: DEHK | F24: Group | G24: DEHK HK | I24: G | J24: =+K24+L24 -> 5252.3 | K24: =SUM(N24:Y24) -> 5252.3 | L24: =SUM(AA24:AL24) -> 0 | P24: 704.4 | Q24: 1449.7 | R24: 858.2 | S24: 797.3 | T24: 1052.1 | U24: 390.6
E25: DIAM Singapore | F25: Group | G25: DIAM SINGAPORE | I25: G | J25: =+K25+L25 -> 177.595 | K25: =SUM(N25:Y25) -> 177.595 | L25: =SUM(AA25:AL25) -> 0 | P25: 77.595 | Q25: =44+39 -> 83 | R25: =5+12 -> 17
E26: Sephora | F26: External | G26: SEPHORA | I26: E | J26: =+K26+L26 -> 590.389 | K26: =SUM(N26:Y26) -> 590.389 | L26: =SUM(AA26:AL26) -> 0 | Q26: =128.536-6.021 -> 122.515 | R26: 145.397 | S26: 322.477
E27: Burberry/Gucci/Lancaster | F27: External | G27: Coty | I27: E | J27: =+K27+L27 -> 324.032 | K27: =SUM(N27:Y27) -> 324.032 | L27: =SUM(AA27:AL27) -> 0 | Q27: =6.997-0.837-6.619-0.509+315+10 -> 324.032
E28: SKII | F28: External | G28: P&G | I28: E | J28: =+K28+L28 -> 16 | K28: =SUM(N28:Y28) -> 16 | L28: =SUM(AA28:AL28) -> 0 | Q28: 16
E29: Fenty | F29: External | G29: FENTY | I29: E | J29: =+K29+L29 -> 8.156 | K29: =SUM(N29:Y29) -> 8.156 | L29: =SUM(AA29:AL29) -> 0 | Q29: =2.156+3+3 -> 8.156
E30: Herbeast/Komfymed/Chaling | F30: External | G30: SEPHORA-Exclusive brands | I30: E | J30: =+K30+L30 -> 44.014 | K30: =SUM(N30:Y30) -> 44.014 | L30: =SUM(AA30:AL30) -> 0 | P30: 6 | S30: =41+4.99-1.976-6 -> 38.014
E31: Benefit/Fresh/Guerlain/Kenzo/Givenchy | F31: External | G31: LVMH | I31: E | J31: =+K31+L31 -> 62.3359 | K31: =SUM(N31:Y31) -> 62.3359 | L31: =SUM(AA31:AL31) -> 0 | P31: =28.1869-13.782-0.886+1 -> 14.5189 | Q31: 16.817 | R31: =32-1 -> 31
E32: ETERNAL( Laura Mercier) | F32: External | G32: ETERNAL | I32: E | J32: =+K32+L32 -> 9.431 | K32: =SUM(N32:Y32) -> 9.431 | L32: =SUM(AA32:AL32) -> 0 | P32: 5 | Q32: =9.799-0.368-5 -> 4.431
E33: Perfect Diary | F33: External | G33: Perfect Diary | I33: E | J33: =+K33+L33 -> 3.757 | K33: =SUM(N33:Y33) -> 3.757 | L33: =SUM(AA33:AL33) -> 0 | U33: 3.757
E34: Clinique/BB/MAC/Estee Lauder | F34: External | G34: Estee Lauder | I34: E | J34: =+K34+L34 -> 34.89 | K34: =SUM(N34:Y34) -> 34.89 | L34: =SUM(AA34:AL34) -> 0 | P34: 5.89 | Q34: 23 | U34: 6
E35: Hourglass | F35: External | G35: Hourglass | I35: E | J35: =+K35+L35 -> 341.335 | K35: =SUM(N35:Y35) -> 341.335 | L35: =SUM(AA35:AL35) -> 0 | R35: =341.577+9.664-9.906 -> 341.335
E36: Galenic | F36: External | G36: Galenic | I36: E | J36: =+K36+L36 -> 11.67 | K36: =SUM(N36:Y36) -> 11.67 | L36: =SUM(AA36:AL36) -> 0 | Q36: =1.143-0.473 -> 0.67 | U36: 11
E37: L‘oreal | F37: External | G37: L‘oreal(PACK) | I37: E | J37: =+K37+L37 -> 130.776 | K37: =SUM(N37:Y37) -> 130.776 | L37: =SUM(AA37:AL37) -> 0 | P37: 7.178 | Q37: 2 | R37: 2 | U37: 119.598
E38: Clarins | F38: External | G38: Clarins | I38: E | J38: =+K38+L38 -> 4.871 | K38: =SUM(N38:Y38) -> 4.871 | L38: =SUM(AA38:AL38) -> 0 | Q38: 4.871
E39: Nars | F39: External | G39: Nars | I39: E | J39: =+K39+L39 -> 26.017 | K39: =SUM(N39:Y39) -> 26.017 | L39: =SUM(AA39:AL39) -> 0 | U39: 26.017
E40: Youpure | F40: External | G40: Youpure | I40: E | J40: =+K40+L40 -> 24.232 | K40: =SUM(N40:Y40) -> 24.232 | L40: =SUM(AA40:AL40) -> 0 | Q40: =24.232-10 -> 14.232 | U40: 10
E41: ARMANI | F41: External | G41: ARMANI | I41: G | J41: =+K41+L41 -> 40.875 | K41: =SUM(N41:Y41) -> 40.875 | L41: =SUM(AA41:AL41) -> 0 | T41: 40.875
E42: Shein | F42: External | G42: Shein | I42: E | J42: =+K42+L42 -> 78 | K42: =SUM(N42:Y42) -> 78 | L42: =SUM(AA42:AL42) -> 0 | T42: 78
E43: Joocyee | F43: External | G43: Joocyee | I43: E | J43: =+K43+L43 -> 50 | K43: =SUM(N43:Y43) -> 50 | L43: =SUM(AA43:AL43) -> 0 | R43: 50
J44: =+K44+L44 -> 0 | K44: =SUM(N44:Y44) -> 0 | L44: =SUM(AA44:AL44) -> 0
J45: =+K45+L45 -> 0 | K45: =SUM(N45:Y45) -> 0 | L45: =SUM(AA45:AL45) -> 0
J46: =+K46+L46 -> 0 | K46: =SUM(N46:Y46) -> 0 | L46: =SUM(AA46:AL46) -> 0
J47: =+K47+L47 -> 0 | K47: =SUM(N47:Y47) -> 0 | L47: =SUM(AA47:AL47) -> 0
J48: =+K48+L48 -> 0 | K48: =SUM(N48:Y48) -> 0 | L48: =SUM(AA48:AL48) -> 0
J49: =+K49+L49 -> 0 | K49: =SUM(N49:Y49) -> 0 | L49: =SUM(AA49:AL49) -> 0
J50: =+K50+L50 -> 0 | K50: =SUM(N50:Y50) -> 0 | L50: =SUM(AA50:AL50) -> 0
J51: =+K51+L51 -> 0 | K51: =SUM(N51:Y51) -> 0 | L51: =SUM(AA51:AL51) -> 0
J52: =+K52+L52 -> 0 | K52: =SUM(N52:Y52) -> 0 | L52: =SUM(AA52:AL52) -> 0
J53: =+K53+L53 -> 0 | K53: =SUM(N53:Y53) -> 0 | L53: =SUM(AA53:AL53) -> 0
J54: =+K54+L54 -> 0 | K54: =SUM(N54:Y54) -> 0 | L54: =SUM(AA54:AL54) -> 0
J55: =+K55+L55 -> 0 | K55: =SUM(N55:Y55) -> 0 | L55: =SUM(AA55:AL55) -> 0
... J251: =+K251+L251 -> 0 | K251: =SUM(N251:Y251) -> 0 | L251: =SUM(AA251:AL251) -> 0

Sheet W14
E2: ENTITY NAME : | G2: =+parameters!D2 -> Diam CHINA | I2: ORDER BOOK SYNTHESIS in K€
E4: WEEK : | G4: W14 | I4: Cells to be filled in
E6: MONTH : | G6: =+VLOOKUP(G4, parameters!G:H, 2, 0) -> April
E8: TURNOVER | F8: =parameters!D4 -> k€ | H8: YTD Turnover | J8: =+G6&" Turnover" -> April Turnover | L8: Last estim. for the month: | O8: Forecast 2026
H9: =+"from January 1 until end of "&G4 -> from January 1 until end of W14 | J9: =+"from "&G6&" 1 until end of "&G4 -> from April 1 until end of W14 | L9: =+G6 -> April | O9: =+G4 -> W14 | P9: =+VLOOKUP(G4, parameters!$G$9:$I$61,3,0) -> W13 | Q9: Var
E10: EXTERNAL SALES INVOICED (=outside group) | H10: =0+42.329+858.91+62.064+0+157.801+0+221.857+0+22.212+108.05+41.317+7.018+J10 -> 1521.558 | J10: =0 -> 0 | L10: =J10+Q17 -> 604.6899 | O10: =+H10+K17 -> 3670.0749 | P10: {=INDIRECT(ADDRESS(10,15,,,VLOOKUP($G$4,parameters!$G:$I,3,0)))} -> 3315.3209 | Q10: =O10-P10 -> 354.754
E11: GROUP SALES INVOICED | H11: =0+93.912+182.874+1363.965+2.405+3186.523+33+171.096+0+863.19+90.95+300.843+151.863+368.141+283.769+J11 -> 7092.531 | J11: =0 -> 0 | L11: =J11+Q18 -> 1953.495 | O11: =+H11+K18 -> 13202.626 | P11: {=INDIRECT(ADDRESS(11,15,,,VLOOKUP($G$4,parameters!$G:$I,3,0)))} -> 12238.657 | Q11: =O11-P11 -> 963.969 | S11: Definition orders : you consider the orders which are sure even if the order customers paper order is not yet received
E12: TOTAL | H12: =SUM(H10:H11) -> 8614.089 | J12: =SUM(J10:J11) -> 0 | L12: =SUM(L10:L11) -> 2558.1849 | O12: =SUM(O10:O11) -> 16872.701 | P12: =SUM(P10:P11) -> 15553.978 | Q12: =O12-P12 -> 1318.723 | S12: The quantity, value, and delivery date can be changed before final delivery
E16: ORDERBOOK | F16: =+F8 -> k€ | J16: TOTAL ORDERBOOK | K16: Total amount 2026 | L16: Total amount 2027 | N16: 46023 | O16: 46054 | P16: 46082 | Q16: 46113 | R16: 46143 | S16: 46174 | T16: 46204 | U16: 46235 | V16: 46266 | W16: 46296 | X16: 46327 | Y16: 46357 | AA16: 46388 | AB16: 46419 | AC16: 46447 | AD16: 46478 | AE16: 46508 | AF16: 46539 | AG16: 46569 | AH16: 46600 | AI16: 46631 | AJ16: 46661 | AK16: 46692 | AL16: 46722
E17: External | J17: =+SUMIF($F$24:$F$251,"External",$J$24:$J$251) -> 2148.5169 | K17: =+SUMIF($F$24:$F$251,"External",$K$24:$K$251) -> 2148.5169 | L17: =+SUMIF($F$24:$F$251,"External",$L$24:$L$251) -> 0 | N17: =+SUMIF($F$24:$F$251,"External",N$24:N$251) -> 0 | O17: =+SUMIF($F$24:$F$251,"External",O$24:O$251) -> 0 | P17: =+SUMIF($F$24:$F$251,"External",P$24:P$251) -> 0 | Q17: =+SUMIF($F$24:$F$251,"External",Q$24:Q$251) -> 604.6899 | R17: =+SUMIF($F$24:$F$251,"External",R$24:R$251) -> 653.186 | S17: =+SUMIF($F$24:$F$251,"External",S$24:S$251) -> 638.491 | T17: =+SUMIF($F$24:$F$251,"External",T$24:T$251) -> 131.875 | U17: =+SUMIF($F$24:$F$251,"External",U$24:U$251) -> 120.275 | ... Y17: =+SUMIF($F$24:$F$251,"External",Y$24:Y$251) -> 0 | AA17: =+SUMIF($F$24:$F$251,"External",AA$24:AA$251) -> 0 | AB17: =+SUMIF($F$24:$F$251,"External",AB$24:AB$251) -> 0 | AC17: =+SUMIF($F$24:$F$251,"External",AC$24:AC$251) -> 0 | AD17: =+SUMIF($F$24:$F$251,"External",AD$24:AD$251) -> 0 | AE17: =+SUMIF($F$24:$F$251,"External",AE$24:AE$251) -> 0 | AF17: =+SUMIF($F$24:$F$251,"External",AF$24:AF$251) -> 0 | AG17: =+SUMIF($F$24:$F$251,"External",AG$24:AG$251) -> 0 | AH17: =+SUMIF($F$24:$F$251,"External",AH$24:AH$251) -> 0 | ... AL17: =+SUMIF($F$24:$F$251,"External",AL$24:AL$251) -> 0
E18: Group | J18: =+SUMIF($F$24:$F$251,"Group",$J$24:$J$251) -> 6110.095 | K18: =+SUMIF($F$24:$F$251,"Group",$K$24:$K$251) -> 6110.095 | L18: =SUMIF($F$24:$F$251,"Group",$L$24:$L$251) -> 0 | N18: =+SUMIF($F$24:$F$251,"Group",N$24:N$251) -> 0 | O18: =+SUMIF($F$24:$F$251,"Group",O$24:O$251) -> 0 | P18: =+SUMIF($F$24:$F$251,"Group",P$24:P$251) -> 0 | Q18: =+SUMIF($F$24:$F$251,"Group",Q$24:Q$251) -> 1953.495 | R18: =+SUMIF($F$24:$F$251,"Group",R$24:R$251) -> 1054.5 | S18: =+SUMIF($F$24:$F$251,"Group",S$24:S$251) -> 1131.2 | T18: =+SUMIF($F$24:$F$251,"Group",T$24:T$251) -> 1367.1 | U18: =+SUMIF($F$24:$F$251,"Group",U$24:U$251) -> 603.8 | ... Y18: =+SUMIF($F$24:$F$251,"Group",Y$24:Y$251) -> 0 | AA18: =+SUMIF($F$24:$F$251,"Group",AA$24:AA$251) -> 0 | AB18: =+SUMIF($F$24:$F$251,"Group",AB$24:AB$251) -> 0 | AC18: =+SUMIF($F$24:$F$251,"Group",AC$24:AC$251) -> 0 | AD18: =+SUMIF($F$24:$F$251,"Group",AD$24:AD$251) -> 0 | AE18: =+SUMIF($F$24:$F$251,"Group",AE$24:AE$251) -> 0 | AF18: =+SUMIF($F$24:$F$251,"Group",AF$24:AF$251) -> 0 | AG18: =+SUMIF($F$24:$F$251,"Group",AG$24:AG$251) -> 0 | AH18: =+SUMIF($F$24:$F$251,"Group",AH$24:AH$251) -> 0 | ... AL18: =+SUMIF($F$24:$F$251,"Group",AL$24:AL$251) -> 0
E19: TOTAL | J19: =SUM(J17:J18) -> 8258.6119 | K19: =SUM(K17:K18) -> 8258.6119 | L19: =SUM(L17:L18) -> 0 | N19: =SUM(N17:N18) -> 0 | O19: =SUM(O17:O18) -> 0 | P19: =SUM(P17:P18) -> 0 | Q19: =SUM(Q17:Q18) -> 2558.1849 | R19: =SUM(R17:R18) -> 1707.686 | S19: =SUM(S17:S18) -> 1769.691 | T19: =SUM(T17:T18) -> 1498.975 | U19: =SUM(U17:U18) -> 724.075 | ... Y19: =SUM(Y17:Y18) -> 0 | AA19: =SUM(AA17:AA18) -> 0 | AB19: =SUM(AB17:AB18) -> 0 | AC19: =SUM(AC17:AC18) -> 0 | AD19: =SUM(AD17:AD18) -> 0 | AE19: =SUM(AE17:AE18) -> 0 | AF19: =SUM(AF17:AF18) -> 0 | AG19: =SUM(AG17:AG18) -> 0 | AH19: =SUM(AH17:AH18) -> 0 | ... AL19: =SUM(AL17:AL18) -> 0
I21: check | J21: =IF(SUM(J24:J251)=J19, "OK", "Please correct: the sum of orders below is not equal to the total calculated above. Make sure to pick External or Group for each order and don't change the formulas in columns K and L") -> OK | N21: 2026 | AA21: 2027
E23: Order (Tooling including) to be delivered | F23: External or Group | G23: Customers orders | H23: Quantity | I23: DGC | J23: TOTAL ORDERBOOK | K23: Total amount 2026 | L23: Total amount 2026 | N23: 46023 | O23: 46054 | P23: 46082 | Q23: 46113 | R23: 46143 | S23: 46174 | T23: 46204 | U23: 46235 | V23: 46266 | W23: 46296 | X23: 46327 | Y23: 46357 | AA23: 46388 | AB23: 46419 | AC23: 46447 | AD23: 46478 | AE23: 46508 | AF23: 46539 | AG23: 46569 | AH23: 46600 | AI23: 46631 | AJ23: 46661 | AK23: 46692 | AL23: 46722
D24: X | E24: DEHK | F24: Group | G24: DEHK HK | I24: G | J24: =+K24+L24 -> 5932.5 | K24: =SUM(N24:Y24) -> 5932.5 | L24: =SUM(AA24:AL24) -> 0 | Q24: 1803.9 | R24: 1032.5 | S24: 1131.2 | T24: 1367.1 | U24: 597.8
E25: DIAM Singapore | F25: Group | G25: DIAM SINGAPORE | I25: G | J25: =+K25+L25 -> 177.595 | K25: =SUM(N25:Y25) -> 177.595 | L25: =SUM(AA25:AL25) -> 0 | Q25: =77.595+83-11 -> 149.595 | R25: 22 | U25: =17+11-22 -> 6
E26: Sephora | F26: External | G26: SEPHORA | I26: E | J26: =+K26+L26 -> 652.389 | K26: =SUM(N26:Y26) -> 652.389 | L26: =SUM(AA26:AL26) -> 0 | Q26: 122.515 | R26: =145.397+62 -> 207.397 | S26: 322.477
E27: Burberry/Gucci/Lancaster | F27: External | G27: Coty | I27: E | J27: =+K27+L27 -> 324.032 | K27: =SUM(N27:Y27) -> 324.032 | L27: =SUM(AA27:AL27) -> 0 | Q27: 324.032
E28: SKII | F28: External | G28: P&G | I28: E | J28: =+K28+L28 -> 16 | K28: =SUM(N28:Y28) -> 16 | L28: =SUM(AA28:AL28) -> 0 | Q28: 16
E29: Fenty | F29: External | G29: FENTY | I29: E | J29: =+K29+L29 -> 12.91 | K29: =SUM(N29:Y29) -> 12.91 | L29: =SUM(AA29:AL29) -> 0 | Q29: 8.156 | R29: 4.754
E30: Herbeast/Komfymed/Chaling | F30: External | G30: SEPHORA-Exclusive brands | I30: E | J30: =+K30+L30 -> 39.917 | K30: =SUM(N30:Y30) -> 39.917 | L30: =SUM(AA30:AL30) -> 0 | S30: 38.014 | U30: =6-4.097 -> 1.903
E31: Benefit/Fresh/Guerlain/Kenzo/Givenchy | F31: External | G31: LVMH | I31: E | J31: =+K31+L31 -> 78.3359 | K31: =SUM(N31:Y31) -> 78.3359 | L31: =SUM(AA31:AL31) -> 0 | Q31: =16.817+14.5189+8 -> 39.3359 | R31: =31-8+16 -> 39
E32: ETERNAL( Laura Mercier) | F32: External | G32: ETERNAL | I32: E | J32: =+K32+L32 -> 9.431 | K32: =SUM(N32:Y32) -> 9.431 | L32: =SUM(AA32:AL32) -> 0 | Q32: =4.431+5-5 -> 4.431 | U32: 5
E33: Perfect Diary | F33: External | G33: Perfect Diary | I33: E | J33: =+K33+L33 -> 3.757 | K33: =SUM(N33:Y33) -> 3.757 | L33: =SUM(AA33:AL33) -> 0 | U33: 3.757
E34: Clinique/BB/MAC/Estee Lauder | F34: External | G34: Estee Lauder | I34: E | J34: =+K34+L34 -> 31.969 | K34: =SUM(N34:Y34) -> 31.969 | L34: =SUM(AA34:AL34) -> 0 | Q34: =5.89-2.921+23 -> 25.969 | U34: 6
E35: Hourglass | F35: External | G35: Hourglass | I35: E | J35: =+K35+L35 -> 611.335 | K35: =SUM(N35:Y35) -> 611.335 | L35: =SUM(AA35:AL35) -> 0 | Q35: 1.3 | R35: =341.335-1.3 -> 340.035 | S35: 270
E36: Galenic | F36: External | G36: Galenic | I36: E | J36: =+K36+L36 -> 13.67 | K36: =SUM(N36:Y36) -> 13.67 | L36: =SUM(AA36:AL36) -> 0 | Q36: =0.67+11+2 -> 13.67
E37: L‘oreal | F37: External | G37: L‘oreal(PACK) | I37: E | J37: =+K37+L37 -> 130.776 | K37: =SUM(N37:Y37) -> 130.776 | L37: =SUM(AA37:AL37) -> 0 | Q37: =7.178+2+2+19 -> 30.178 | R37: 12 | S37: 8 | T37: 13 | U37: =119.598-19-12-8-13 -> 67.598
E38: Clarins | F38: External | G38: Clarins | I38: E | J38: =+K38+L38 -> 4.871 | K38: =SUM(N38:Y38) -> 4.871 | L38: =SUM(AA38:AL38) -> 0 | Q38: 4.871
E39: Nars | F39: External | G39: Nars | I39: E | J39: =+K39+L39 -> 26.017 | K39: =SUM(N39:Y39) -> 26.017 | L39: =SUM(AA39:AL39) -> 0 | U39: 26.017
E40: Youpure | F40: External | G40: Youpure | I40: E | J40: =+K40+L40 -> 24.232 | K40: =SUM(N40:Y40) -> 24.232 | L40: =SUM(AA40:AL40) -> 0 | Q40: 14.232 | U40: 10
E41: ARMANI | F41: External | G41: ARMANI | I41: G | J41: =+K41+L41 -> 40.875 | K41: =SUM(N41:Y41) -> 40.875 | L41: =SUM(AA41:AL41) -> 0 | T41: 40.875
E42: Shein | F42: External | G42: Shein | I42: E | J42: =+K42+L42 -> 78 | K42: =SUM(N42:Y42) -> 78 | L42: =SUM(AA42:AL42) -> 0 | T42: 78
E43: Joocyee | F43: External | G43: Joocyee | I43: E | J43: =+K43+L43 -> 50 | K43: =SUM(N43:Y43) -> 50 | L43: =SUM(AA43:AL43) -> 0 | R43: 50
J44: =+K44+L44 -> 0 | K44: =SUM(N44:Y44) -> 0 | L44: =SUM(AA44:AL44) -> 0
J45: =+K45+L45 -> 0 | K45: =SUM(N45:Y45) -> 0 | L45: =SUM(AA45:AL45) -> 0
J46: =+K46+L46 -> 0 | K46: =SUM(N46:Y46) -> 0 | L46: =SUM(AA46:AL46) -> 0
J47: =+K47+L47 -> 0 | K47: =SUM(N47:Y47) -> 0 | L47: =SUM(AA47:AL47) -> 0
J48: =+K48+L48 -> 0 | K48: =SUM(N48:Y48) -> 0 | L48: =SUM(AA48:AL48) -> 0
J49: =+K49+L49 -> 0 | K49: =SUM(N49:Y49) -> 0 | L49: =SUM(AA49:AL49) -> 0
J50: =+K50+L50 -> 0 | K50: =SUM(N50:Y50) -> 0 | L50: =SUM(AA50:AL50) -> 0
J51: =+K51+L51 -> 0 | K51: =SUM(N51:Y51) -> 0 | L51: =SUM(AA51:AL51) -> 0
J52: =+K52+L52 -> 0 | K52: =SUM(N52:Y52) -> 0 | L52: =SUM(AA52:AL52) -> 0
J53: =+K53+L53 -> 0 | K53: =SUM(N53:Y53) -> 0 | L53: =SUM(AA53:AL53) -> 0
J54: =+K54+L54 -> 0 | K54: =SUM(N54:Y54) -> 0 | L54: =SUM(AA54:AL54) -> 0
J55: =+K55+L55 -> 0 | K55: =SUM(N55:Y55) -> 0 | L55: =SUM(AA55:AL55) -> 0
... J252: =+K252+L252 -> 0 | K252: =SUM(N252:Y252) -> 0 | L252: =SUM(AA252:AL252) -> 0

Sheet W15
E2: ENTITY NAME : | G2: =+parameters!D2 -> Diam CHINA | I2: ORDER BOOK SYNTHESIS in K€
E4: WEEK : | G4: W15 | I4: Cells to be filled in
E6: MONTH : | G6: =+VLOOKUP(G4, parameters!G:H, 2, 0) -> April
E8: TURNOVER | F8: =parameters!D4 -> k€ | H8: YTD Turnover | J8: =+G6&" Turnover" -> April Turnover | L8: Last estim. for the month: | O8: Forecast 2026
H9: =+"from January 1 until end of "&G4 -> from January 1 until end of W15 | J9: =+"from "&G6&" 1 until end of "&G4 -> from April 1 until end of W15 | L9: =+G6 -> April | O9: =+G4 -> W15 | P9: =+VLOOKUP(G4, parameters!$G$9:$I$61,3,0) -> W14 | Q9: Var
E10: EXTERNAL SALES INVOICED (=outside group) | H10: =0+42.329+858.91+62.064+0+157.801+0+221.857+0+22.212+108.05+41.317+7.018+J10 -> 1605.841 | J10: =0+84.283 -> 84.283 | L10: =J10+Q17 -> 572.1139 | O10: =+H10+K17 -> 3941.0749 | P10: {=INDIRECT(ADDRESS(10,15,,,VLOOKUP($G$4,parameters!$G:$I,3,0)))} -> 3670.0749 | Q10: =O10-P10 -> 271
E11: GROUP SALES INVOICED | H11: =0+93.912+182.874+1363.965+2.405+3186.523+33+171.096+0+863.19+90.95+300.843+151.863+368.141+283.769+J11 -> 7970.911 | J11: =0+878.38 -> 878.38 | L11: =J11+Q18 -> 2145.675 | O11: =+H11+K18 -> 13502.406 | P11: {=INDIRECT(ADDRESS(11,15,,,VLOOKUP($G$4,parameters!$G:$I,3,0)))} -> 13202.626 | Q11: =O11-P11 -> 299.78 | S11: Definition orders : you consider the orders which are sure even if the order customers paper order is not yet received
E12: TOTAL | H12: =SUM(H10:H11) -> 9576.752 | J12: =SUM(J10:J11) -> 962.663 | L12: =SUM(L10:L11) -> 2717.7889 | O12: =SUM(O10:O11) -> 17443.481 | P12: =SUM(P10:P11) -> 16872.701 | Q12: =O12-P12 -> 570.78 | S12: The quantity, value, and delivery date can be changed before final delivery
E16: ORDERBOOK | F16: =+F8 -> k€ | J16: TOTAL ORDERBOOK | K16: Total amount 2026 | L16: Total amount 2027 | N16: 46023 | O16: 46054 | P16: 46082 | Q16: 46113 | R16: 46143 | S16: 46174 | T16: 46204 | U16: 46235 | V16: 46266 | W16: 46296 | X16: 46327 | Y16: 46357 | AA16: 46388 | AB16: 46419 | AC16: 46447 | AD16: 46478 | AE16: 46508 | AF16: 46539 | AG16: 46569 | AH16: 46600 | AI16: 46631 | AJ16: 46661 | AK16: 46692 | AL16: 46722
E17: External | J17: =+SUMIF($F$24:$F$251,"External",$J$24:$J$251) -> 2335.2339 | K17: =+SUMIF($F$24:$F$251,"External",$K$24:$K$251) -> 2335.2339 | L17: =+SUMIF($F$24:$F$251,"External",$L$24:$L$251) -> 0 | N17: =+SUMIF($F$24:$F$251,"External",N$24:N$251) -> 0 | O17: =+SUMIF($F$24:$F$251,"External",O$24:O$251) -> 0 | P17: =+SUMIF($F$24:$F$251,"External",P$24:P$251) -> 0 | Q17: =+SUMIF($F$24:$F$251,"External",Q$24:Q$251) -> 487.8309 | R17: =+SUMIF($F$24:$F$251,"External",R$24:R$251) -> 678.418 | S17: =+SUMIF($F$24:$F$251,"External",S$24:S$251) -> 632.491 | T17: =+SUMIF($F$24:$F$251,"External",T$24:T$251) -> 139.875 | U17: =+SUMIF($F$24:$F$251,"External",U$24:U$251) -> 101.258 | ... Y17: =+SUMIF($F$24:$F$251,"External",Y$24:Y$251) -> 0 | AA17: =+SUMIF($F$24:$F$251,"External",AA$24:AA$251) -> 0 | AB17: =+SUMIF($F$24:$F$251,"External",AB$24:AB$251) -> 0 | AC17: =+SUMIF($F$24:$F$251,"External",AC$24:AC$251) -> 0 | AD17: =+SUMIF($F$24:$F$251,"External",AD$24:AD$251) -> 0 | AE17: =+SUMIF($F$24:$F$251,"External",AE$24:AE$251) -> 0 | AF17: =+SUMIF($F$24:$F$251,"External",AF$24:AF$251) -> 0 | AG17: =+SUMIF($F$24:$F$251,"External",AG$24:AG$251) -> 0 | AH17: =+SUMIF($F$24:$F$251,"External",AH$24:AH$251) -> 0 | ... AL17: =+SUMIF($F$24:$F$251,"External",AL$24:AL$251) -> 0
E18: Group | J18: =+SUMIF($F$24:$F$251,"Group",$J$24:$J$251) -> 5531.495 | K18: =+SUMIF($F$24:$F$251,"Group",$K$24:$K$251) -> 5531.495 | L18: =SUMIF($F$24:$F$251,"Group",$L$24:$L$251) -> 0 | N18: =+SUMIF($F$24:$F$251,"Group",N$24:N$251) -> 0 | O18: =+SUMIF($F$24:$F$251,"Group",O$24:O$251) -> 0 | P18: =+SUMIF($F$24:$F$251,"Group",P$24:P$251) -> 0 | Q18: =+SUMIF($F$24:$F$251,"Group",Q$24:Q$251) -> 1267.295 | R18: =+SUMIF($F$24:$F$251,"Group",R$24:R$251) -> 1155.3 | S18: =+SUMIF($F$24:$F$251,"Group",S$24:S$251) -> 720.9 | T18: =+SUMIF($F$24:$F$251,"Group",T$24:T$251) -> 1897 | U18: =+SUMIF($F$24:$F$251,"Group",U$24:U$251) -> 491 | ... Y18: =+SUMIF($F$24:$F$251,"Group",Y$24:Y$251) -> 0 | AA18: =+SUMIF($F$24:$F$251,"Group",AA$24:AA$251) -> 0 | AB18: =+SUMIF($F$24:$F$251,"Group",AB$24:AB$251) -> 0 | AC18: =+SUMIF($F$24:$F$251,"Group",AC$24:AC$251) -> 0 | AD18: =+SUMIF($F$24:$F$251,"Group",AD$24:AD$251) -> 0 | AE18: =+SUMIF($F$24:$F$251,"Group",AE$24:AE$251) -> 0 | AF18: =+SUMIF($F$24:$F$251,"Group",AF$24:AF$251) -> 0 | AG18: =+SUMIF($F$24:$F$251,"Group",AG$24:AG$251) -> 0 | AH18: =+SUMIF($F$24:$F$251,"Group",AH$24:AH$251) -> 0 | ... AL18: =+SUMIF($F$24:$F$251,"Group",AL$24:AL$251) -> 0
E19: TOTAL | J19: =SUM(J17:J18) -> 7866.7289 | K19: =SUM(K17:K18) -> 7866.7289 | L19: =SUM(L17:L18) -> 0 | N19: =SUM(N17:N18) -> 0 | O19: =SUM(O17:O18) -> 0 | P19: =SUM(P17:P18) -> 0 | Q19: =SUM(Q17:Q18) -> 1755.1259 | R19: =SUM(R17:R18) -> 1833.718 | S19: =SUM(S17:S18) -> 1353.391 | T19: =SUM(T17:T18) -> 2036.875 | U19: =SUM(U17:U18) -> 592.258 | ... Y19: =SUM(Y17:Y18) -> 0 | AA19: =SUM(AA17:AA18) -> 0 | AB19: =SUM(AB17:AB18) -> 0 | AC19: =SUM(AC17:AC18) -> 0 | AD19: =SUM(AD17:AD18) -> 0 | AE19: =SUM(AE17:AE18) -> 0 | AF19: =SUM(AF17:AF18) -> 0 | AG19: =SUM(AG17:AG18) -> 0 | AH19: =SUM(AH17:AH18) -> 0 | ... AL19: =SUM(AL17:AL18) -> 0
I21: check | J21: =IF(SUM(J24:J251)=J19, "OK", "Please correct: the sum of orders below is not equal to the total calculated above. Make sure to pick External or Group for each order and don't change the formulas in columns K and L") -> OK | N21: 2026 | AA21: 2027
E23: Order (Tooling including) to be delivered | F23: External or Group | G23: Customers orders | H23: Quantity | I23: DGC | J23: TOTAL ORDERBOOK | K23: Total amount 2026 | L23: Total amount 2026 | N23: 46023 | O23: 46054 | P23: 46082 | Q23: 46113 | R23: 46143 | S23: 46174 | T23: 46204 | U23: 46235 | V23: 46266 | W23: 46296 | X23: 46327 | Y23: 46357 | AA23: 46388 | AB23: 46419 | AC23: 46447 | AD23: 46478 | AE23: 46508 | AF23: 46539 | AG23: 46569 | AH23: 46600 | AI23: 46631 | AJ23: 46661 | AK23: 46692 | AL23: 46722
D24: X | E24: DEHK | F24: Group | G24: DEHK HK | I24: G | J24: =+K24+L24 -> 5353.9 | K24: =SUM(N24:Y24) -> 5353.9 | L24: =SUM(AA24:AL24) -> 0 | Q24: 1141.7 | R24: 1133.3 | S24: 720.9 | T24: 1897 | U24: 461
E25: DIAM Singapore | F25: Group | G25: DIAM SINGAPORE | I25: G | J25: =+K25+L25 -> 177.595 | K25: =SUM(N25:Y25) -> 177.595 | L25: =SUM(AA25:AL25) -> 0 | Q25: =149.595-24 -> 125.595 | R25: 22 | U25: =6+24 -> 30
E26: Sephora | F26: External | G26: SEPHORA | I26: E | J26: =+K26+L26 -> 573.24 | K26: =SUM(N26:Y26) -> 573.24 | L26: =SUM(AA26:AL26) -> 0 | Q26: =122.515-79.149 -> 43.366 | R26: 207.397 | S26: 322.477
E27: Burberry/Gucci/Lancaster | F27: External | G27: Coty | I27: E | J27: =+K27+L27 -> 320.554 | K27: =SUM(N27:Y27) -> 320.554 | L27: =SUM(AA27:AL27) -> 0 | Q27: =324.032-3.478 -> 320.554
E28: SKII | F28: External | G28: P&G | I28: E | J28: =+K28+L28 -> 16 | K28: =SUM(N28:Y28) -> 16 | L28: =SUM(AA28:AL28) -> 0 | Q28: 16
E29: Fenty | F29: External | G29: FENTY | I29: E | J29: =+K29+L29 -> 12.91 | K29: =SUM(N29:Y29) -> 12.91 | L29: =SUM(AA29:AL29) -> 0 | Q29: 8.156 | R29: 4.754
E30: Herbeast/Komfymed/Chaling | F30: External | G30: SEPHORA-Exclusive brands | I30: E | J30: =+K30+L30 -> 39.917 | K30: =SUM(N30:Y30) -> 39.917 | L30: =SUM(AA30:AL30) -> 0 | S30: 38.014 | U30: 1.903
E31: Benefit/Fresh/Guerlain/Kenzo/Givenchy | F31: External | G31: LVMH | I31: E | J31: =+K31+L31 -> 212.3359 | K31: =SUM(N31:Y31) -> 212.3359 | L31: =SUM(AA31:AL31) -> 0 | Q31: 39.3359 | R31: 39 | X31: 134
E32: ETERNAL( Laura Mercier) | F32: External | G32: ETERNAL | I32: E | J32: =+K32+L32 -> 9.431 | K32: =SUM(N32:Y32) -> 9.431 | L32: =SUM(AA32:AL32) -> 0 | Q32: 4.431 | U32: 5
E33: Perfect Diary | F33: External | G33: Perfect Diary | I33: E | J33: =+K33+L33 -> 3.757 | K33: =SUM(N33:Y33) -> 3.757 | L33: =SUM(AA33:AL33) -> 0 | U33: 3.757
E34: Clinique/BB/MAC/Estee Lauder | F34: External | G34: Estee Lauder | I34: E | J34: =+K34+L34 -> 31.969 | K34: =SUM(N34:Y34) -> 31.969 | L34: =SUM(AA34:AL34) -> 0 | Q34: 25.969 | U34: 6
E35: Hourglass | F35: External | G35: Hourglass | I35: E | J35: =+K35+L35 -> 611.335 | K35: =SUM(N35:Y35) -> 611.335 | L35: =SUM(AA35:AL35) -> 0 | Q35: 1.3 | R35: 340.035 | S35: 270
E36: Galenic | F36: External | G36: Galenic | I36: E | J36: =+K36+L36 -> 13.67 | K36: =SUM(N36:Y36) -> 13.67 | L36: =SUM(AA36:AL36) -> 0 | Q36: 13.67
E37: L‘oreal | F37: External | G37: L‘oreal(PACK) | I37: E | J37: =+K37+L37 -> 130.776 | K37: =SUM(N37:Y37) -> 130.776 | L37: =SUM(AA37:AL37) -> 0 | Q37: =30.178-20 -> 10.178 | R37: =12+20-9 -> 23 | S37: =8-6 -> 2 | T37: =13+8 -> 21 | U37: =67.598+7 -> 74.598
E38: Clarins | F38: External | G38: Clarins | I38: E | J38: =+K38+L38 -> 4.871 | K38: =SUM(N38:Y38) -> 4.871 | L38: =SUM(AA38:AL38) -> 0 | Q38: 4.871
E39: Nars | F39: External | G39: Nars | I39: E | J39: =+K39+L39 -> 161.361 | K39: =SUM(N39:Y39) -> 161.361 | L39: =SUM(AA39:AL39) -> 0 | W39: =26.017-1.656+137 -> 161.361
E40: Youpure | F40: External | G40: Youpure | I40: E | J40: =+K40+L40 -> 24.232 | K40: =SUM(N40:Y40) -> 24.232 | L40: =SUM(AA40:AL40) -> 0 | R40: 14.232 | U40: 10
E41: ARMANI | F41: External | G41: ARMANI | I41: G | J41: =+K41+L41 -> 40.875 | K41: =SUM(N41:Y41) -> 40.875 | L41: =SUM(AA41:AL41) -> 0 | T41: 40.875
E42: Shein | F42: External | G42: Shein | I42: E | J42: =+K42+L42 -> 78 | K42: =SUM(N42:Y42) -> 78 | L42: =SUM(AA42:AL42) -> 0 | T42: 78
E43: Joocyee | F43: External | G43: Joocyee | I43: E | J43: =+K43+L43 -> 50 | K43: =SUM(N43:Y43) -> 50 | L43: =SUM(AA43:AL43) -> 0 | R43: 50
J44: =+K44+L44 -> 0 | K44: =SUM(N44:Y44) -> 0 | L44: =SUM(AA44:AL44) -> 0
J45: =+K45+L45 -> 0 | K45: =SUM(N45:Y45) -> 0 | L45: =SUM(AA45:AL45) -> 0
J46: =+K46+L46 -> 0 | K46: =SUM(N46:Y46) -> 0 | L46: =SUM(AA46:AL46) -> 0
J47: =+K47+L47 -> 0 | K47: =SUM(N47:Y47) -> 0 | L47: =SUM(AA47:AL47) -> 0
J48: =+K48+L48 -> 0 | K48: =SUM(N48:Y48) -> 0 | L48: =SUM(AA48:AL48) -> 0
J49: =+K49+L49 -> 0 | K49: =SUM(N49:Y49) -> 0 | L49: =SUM(AA49:AL49) -> 0
J50: =+K50+L50 -> 0 | K50: =SUM(N50:Y50) -> 0 | L50: =SUM(AA50:AL50) -> 0
J51: =+K51+L51 -> 0 | K51: =SUM(N51:Y51) -> 0 | L51: =SUM(AA51:AL51) -> 0
J52: =+K52+L52 -> 0 | K52: =SUM(N52:Y52) -> 0 | L52: =SUM(AA52:AL52) -> 0
J53: =+K53+L53 -> 0 | K53: =SUM(N53:Y53) -> 0 | L53: =SUM(AA53:AL53) -> 0
J54: =+K54+L54 -> 0 | K54: =SUM(N54:Y54) -> 0 | L54: =SUM(AA54:AL54) -> 0
J55: =+K55+L55 -> 0 | K55: =SUM(N55:Y55) -> 0 | L55: =SUM(AA55:AL55) -> 0
... J252: =+K252+L252 -> 0 | K252: =SUM(N252:Y252) -> 0 | L252: =SUM(AA252:AL252) -> 0

Sheet W16
E2: ENTITY NAME : | G2: =+parameters!D2 -> Diam CHINA | I2: ORDER BOOK SYNTHESIS in K€
E4: WEEK : | G4: W16 | I4: Cells to be filled in
E6: MONTH : | G6: =+VLOOKUP(G4, parameters!G:H, 2, 0) -> April
E8: TURNOVER | F8: =parameters!D4 -> k€ | H8: YTD Turnover | J8: =+G6&" Turnover" -> April Turnover | L8: Last estim. for the month: | O8: Forecast 2026
H9: =+"from January 1 until end of "&G4 -> from January 1 until end of W16 | J9: =+"from "&G6&" 1 until end of "&G4 -> from April 1 until end of W16 | L9: =+G6 -> April | O9: =+G4 -> W16 | P9: =+VLOOKUP(G4, parameters!$G$9:$I$61,3,0) -> W15 | Q9: Var
E10: EXTERNAL SALES INVOICED (=outside group) | H10: =0+42.329+858.91+62.064+0+157.801+0+221.857+0+22.212+108.05+41.317+7.018+J10 -> 1646.141 | J10: =0+84.283+40.3 -> 124.583 | L10: =J10+Q17 -> 697.3449 | O10: =+H10+K17 -> 4410.3689 | P10: {=INDIRECT(ADDRESS(10,15,,,VLOOKUP($G$4,parameters!$G:$I,3,0)))} -> 3941.0749 | Q10: =O10-P10 -> 469.294
E11: GROUP SALES INVOICED | H11: =0+93.912+182.874+1363.965+2.405+3186.523+33+171.096+0+863.19+90.95+300.843+151.863+368.141+283.769+J11 -> 8350.988 | J11: =0+878.38+1.198+378.879 -> 1258.457 | L11: =J11+Q18 -> 2176.452 | O11: =+H11+K18 -> 13902.285 | P11: {=INDIRECT(ADDRESS(11,15,,,VLOOKUP($G$4,parameters!$G:$I,3,0)))} -> 13502.406 | Q11: =O11-P11 -> 399.879 | S11: Definition orders : you consider the orders which are sure even if the order customers paper order is not yet received
E12: TOTAL | H12: =SUM(H10:H11) -> 9997.129 | J12: =SUM(J10:J11) -> 1383.04 | L12: =SUM(L10:L11) -> 2873.7969 | O12: =SUM(O10:O11) -> 18312.654 | P12: =SUM(P10:P11) -> 17443.481 | Q12: =O12-P12 -> 869.173 | S12: The quantity, value, and delivery date can be changed before final delivery
E16: ORDERBOOK | F16: =+F8 -> k€ | J16: TOTAL ORDERBOOK | K16: Total amount 2026 | L16: Total amount 2027 | N16: 46023 | O16: 46054 | P16: 46082 | Q16: 46113 | R16: 46143 | S16: 46174 | T16: 46204 | U16: 46235 | V16: 46266 | W16: 46296 | X16: 46327 | Y16: 46357 | AA16: 46388 | AB16: 46419 | AC16: 46447 | AD16: 46478 | AE16: 46508 | AF16: 46539 | AG16: 46569 | AH16: 46600 | AI16: 46631 | AJ16: 46661 | AK16: 46692 | AL16: 46722
E17: External | J17: =+SUMIF($F$24:$F$251,"External",$J$24:$J$251) -> 2764.2279 | K17: =+SUMIF($F$24:$F$251,"External",$K$24:$K$251) -> 2764.2279 | L17: =+SUMIF($F$24:$F$251,"External",$L$24:$L$251) -> 0 | N17: =+SUMIF($F$24:$F$251,"External",N$24:N$251) -> 0 | O17: =+SUMIF($F$24:$F$251,"External",O$24:O$251) -> 0 | P17: =+SUMIF($F$24:$F$251,"External",P$24:P$251) -> 0 | Q17: =+SUMIF($F$24:$F$251,"External",Q$24:Q$251) -> 572.7619 | R17: =+SUMIF($F$24:$F$251,"External",R$24:R$251) -> 398.286 | S17: =+SUMIF($F$24:$F$251,"External",S$24:S$251) -> 909.491 | T17: =+SUMIF($F$24:$F$251,"External",T$24:T$251) -> 145.875 | U17: =+SUMIF($F$24:$F$251,"External",U$24:U$251) -> 97.418 | ... Y17: =+SUMIF($F$24:$F$251,"External",Y$24:Y$251) -> 0 | AA17: =+SUMIF($F$24:$F$251,"External",AA$24:AA$251) -> 0 | AB17: =+SUMIF($F$24:$F$251,"External",AB$24:AB$251) -> 0 | AC17: =+SUMIF($F$24:$F$251,"External",AC$24:AC$251) -> 0 | AD17: =+SUMIF($F$24:$F$251,"External",AD$24:AD$251) -> 0 | AE17: =+SUMIF($F$24:$F$251,"External",AE$24:AE$251) -> 0 | AF17: =+SUMIF($F$24:$F$251,"External",AF$24:AF$251) -> 0 | AG17: =+SUMIF($F$24:$F$251,"External",AG$24:AG$251) -> 0 | AH17: =+SUMIF($F$24:$F$251,"External",AH$24:AH$251) -> 0 | ... AL17: =+SUMIF($F$24:$F$251,"External",AL$24:AL$251) -> 0
E18: Group | J18: =+SUMIF($F$24:$F$251,"Group",$J$24:$J$251) -> 5551.297 | K18: =+SUMIF($F$24:$F$251,"Group",$K$24:$K$251) -> 5551.297 | L18: =SUMIF($F$24:$F$251,"Group",$L$24:$L$251) -> 0 | N18: =+SUMIF($F$24:$F$251,"Group",N$24:N$251) -> 0 | O18: =+SUMIF($F$24:$F$251,"Group",O$24:O$251) -> 0 | P18: =+SUMIF($F$24:$F$251,"Group",P$24:P$251) -> 0 | Q18: =+SUMIF($F$24:$F$251,"Group",Q$24:Q$251) -> 917.995 | R18: =+SUMIF($F$24:$F$251,"Group",R$24:R$251) -> 1336.9 | S18: =+SUMIF($F$24:$F$251,"Group",S$24:S$251) -> 986.3 | T18: =+SUMIF($F$24:$F$251,"Group",T$24:T$251) -> 1861.3 | U18: =+SUMIF($F$24:$F$251,"Group",U$24:U$251) -> 448.802 | ... Y18: =+SUMIF($F$24:$F$251,"Group",Y$24:Y$251) -> 0 | AA18: =+SUMIF($F$24:$F$251,"Group",AA$24:AA$251) -> 0 | AB18: =+SUMIF($F$24:$F$251,"Group",AB$24:AB$251) -> 0 | AC18: =+SUMIF($F$24:$F$251,"Group",AC$24:AC$251) -> 0 | AD18: =+SUMIF($F$24:$F$251,"Group",AD$24:AD$251) -> 0 | AE18: =+SUMIF($F$24:$F$251,"Group",AE$24:AE$251) -> 0 | AF18: =+SUMIF($F$24:$F$251,"Group",AF$24:AF$251) -> 0 | AG18: =+SUMIF($F$24:$F$251,"Group",AG$24:AG$251) -> 0 | AH18: =+SUMIF($F$24:$F$251,"Group",AH$24:AH$251) -> 0 | ... AL18: =+SUMIF($F$24:$F$251,"Group",AL$24:AL$251) -> 0
E19: TOTAL | J19: =SUM(J17:J18) -> 8315.5249 | K19: =SUM(K17:K18) -> 8315.5249 | L19: =SUM(L17:L18) -> 0 | N19: =SUM(N17:N18) -> 0 | O19: =SUM(O17:O18) -> 0 | P19: =SUM(P17:P18) -> 0 | Q19: =SUM(Q17:Q18) -> 1490.7569 | R19: =SUM(R17:R18) -> 1735.186 | S19: =SUM(S17:S18) -> 1895.791 | T19: =SUM(T17:T18) -> 2007.175 | U19: =SUM(U17:U18) -> 546.22 | ... Y19: =SUM(Y17:Y18) -> 0 | AA19: =SUM(AA17:AA18) -> 0 | AB19: =SUM(AB17:AB18) -> 0 | AC19: =SUM(AC17:AC18) -> 0 | AD19: =SUM(AD17:AD18) -> 0 | AE19: =SUM(AE17:AE18) -> 0 | AF19: =SUM(AF17:AF18) -> 0 | AG19: =SUM(AG17:AG18) -> 0 | AH19: =SUM(AH17:AH18) -> 0 | ... AL19: =SUM(AL17:AL18) -> 0
I21: check | J21: =IF(SUM(J24:J251)=J19, "OK", "Please correct: the sum of orders below is not equal to the total calculated above. Make sure to pick External or Group for each order and don't change the formulas in columns K and L") -> OK | N21: 2026 | AA21: 2027
E23: Order (Tooling including) to be delivered | F23: External or Group | G23: Customers orders | H23: Quantity | I23: DGC | J23: TOTAL ORDERBOOK | K23: Total amount 2026 | L23: Total amount 2026 | N23: 46023 | O23: 46054 | P23: 46082 | Q23: 46113 | R23: 46143 | S23: 46174 | T23: 46204 | U23: 46235 | V23: 46266 | W23: 46296 | X23: 46327 | Y23: 46357 | AA23: 46388 | AB23: 46419 | AC23: 46447 | AD23: 46478 | AE23: 46508 | AF23: 46539 | AG23: 46569 | AH23: 46600 | AI23: 46631 | AJ23: 46661 | AK23: 46692 | AL23: 46722
D24: X | E24: DEHK | F24: Group | G24: DEHK HK | I24: G | J24: =+K24+L24 -> 5374.9 | K24: =SUM(N24:Y24) -> 5374.9 | L24: =SUM(AA24:AL24) -> 0 | Q24: 800.4 | R24: 1306.9 | S24: 986.3 | T24: 1861.3 | U24: 420
E25: DIAM Singapore | F25: Group | G25: DIAM SINGAPORE | I25: G | J25: =+K25+L25 -> 176.397 | K25: =SUM(N25:Y25) -> 176.397 | L25: =SUM(AA25:AL25) -> 0 | Q25: =125.595-8 -> 117.595 | R25: =22+8 -> 30 | U25: =30-1.198 -> 28.802
E26: Sephora | F26: External | G26: SEPHORA | I26: E | J26: =+K26+L26 -> 869.717 | K26: =SUM(N26:Y26) -> 869.717 | L26: =SUM(AA26:AL26) -> 0 | Q26: =43.366-13.523+84 -> 113.843 | R26: =207.397-84+12 -> 135.397 | S26: =322.477-12+310 -> 620.477
E27: Burberry/Gucci/Lancaster | F27: External | G27: Coty | I27: E | J27: =+K27+L27 -> 328.554 | K27: =SUM(N27:Y27) -> 328.554 | L27: =SUM(AA27:AL27) -> 0 | Q27: 320.554 | S27: 8
E28: SKII | F28: External | G28: P&G | I28: E | J28: =+K28+L28 -> 0 | K28: =SUM(N28:Y28) -> 0 | L28: =SUM(AA28:AL28) -> 0
E29: Fenty | F29: External | G29: FENTY | I29: E | J29: =+K29+L29 -> 12.91 | K29: =SUM(N29:Y29) -> 12.91 | L29: =SUM(AA29:AL29) -> 0 | Q29: 8.156 | R29: 4.754
E30: Herbeast/Komfymed/Chaling | F30: External | G30: SEPHORA-Exclusive brands | I30: E | J30: =+K30+L30 -> 47.917 | K30: =SUM(N30:Y30) -> 47.917 | L30: =SUM(AA30:AL30) -> 0 | Q30: 1 | R30: =0.903+8 -> 8.903 | S30: 38.014
E31: Benefit/Fresh/Guerlain/Kenzo/Givenchy | F31: External | G31: LVMH | I31: E | J31: =+K31+L31 -> 306.6609 | K31: =SUM(N31:Y31) -> 306.6609 | L31: =SUM(AA31:AL31) -> 0 | Q31: =39.3359-0.675+29 -> 67.6609 | R31: =39-29+23+69+5 -> 107 | S31: 2 | T31: 19 | X31: =134-23 -> 111
E32: ETERNAL( Laura Mercier) | F32: External | G32: ETERNAL | I32: E | J32: =+K32+L32 -> 9.431 | K32: =SUM(N32:Y32) -> 9.431 | L32: =SUM(AA32:AL32) -> 0 | Q32: 4.431 | U32: 5
E33: Perfect Diary | F33: External | G33: Perfect Diary | I33: E | J33: =+K33+L33 -> 0 | K33: =SUM(N33:Y33) -> 0 | L33: =SUM(AA33:AL33) -> 0
E34: Clinique/BB/MAC/Estee Lauder | F34: External | G34: Estee Lauder | I34: E | J34: =+K34+L34 -> 36.969 | K34: =SUM(N34:Y34) -> 36.969 | L34: =SUM(AA34:AL34) -> 0 | Q34: =25.969-7 -> 18.969 | R34: =7+5 -> 12 | U34: 6
E35: Hourglass | F35: External | G35: Hourglass | I35: E | J35: =+K35+L35 -> 611.335 | K35: =SUM(N35:Y35) -> 611.335 | L35: =SUM(AA35:AL35) -> 0 | Q35: 1.3 | R35: 3 | S35: =270-31 -> 239 | X35: =340.035+31-3 -> 368.035
E36: Galenic | F36: External | G36: Galenic | I36: E | J36: =+K36+L36 -> 13.67 | K36: =SUM(N36:Y36) -> 13.67 | L36: =SUM(AA36:AL36) -> 0 | Q36: 13.67
E37: L‘oreal | F37: External | G37: L‘oreal(PACK) | I37: E | J37: =+K37+L37 -> 130.725 | K37: =SUM(N37:Y37) -> 130.725 | L37: =SUM(AA37:AL37) -> 0 | Q37: =10.178+13 -> 23.178 | R37: =23+3 -> 26 | S37: 2 | T37: =21-13 -> 8 | U37: =74.598-0.051-13-3+13 -> 71.547
E38: Clarins | F38: External | G38: Clarins | I38: E | J38: =+K38+L38 -> 4.871 | K38: =SUM(N38:Y38) -> 4.871 | L38: =SUM(AA38:AL38) -> 0 | U38: 4.871
E39: Nars | F39: External | G39: Nars | I39: E | J39: =+K39+L39 -> 161.361 | K39: =SUM(N39:Y39) -> 161.361 | L39: =SUM(AA39:AL39) -> 0 | W39: 161.361
E40: Youpure | F40: External | G40: Youpure | I40: E | J40: =+K40+L40 -> 24.232 | K40: =SUM(N40:Y40) -> 24.232 | L40: =SUM(AA40:AL40) -> 0 | R40: 14.232 | U40: 10
E41: ARMANI | F41: External | G41: ARMANI | I41: G | J41: =+K41+L41 -> 40.875 | K41: =SUM(N41:Y41) -> 40.875 | L41: =SUM(AA41:AL41) -> 0 | T41: 40.875
E42: Shein | F42: External | G42: Shein | I42: E | J42: =+K42+L42 -> 78 | K42: =SUM(N42:Y42) -> 78 | L42: =SUM(AA42:AL42) -> 0 | T42: 78
E43: Joocyee | F43: External | G43: Joocyee | I43: E | J43: =+K43+L43 -> 50 | K43: =SUM(N43:Y43) -> 50 | L43: =SUM(AA43:AL43) -> 0 | R43: 50
E44: Guyu | F44: External | G44: Guyu | I44: E | J44: =+K44+L44 -> 37 | K44: =SUM(N44:Y44) -> 37 | L44: =SUM(AA44:AL44) -> 0 | R44: 37
J45: =+K45+L45 -> 0 | K45: =SUM(N45:Y45) -> 0 | L45: =SUM(AA45:AL45) -> 0
J46: =+K46+L46 -> 0 | K46: =SUM(N46:Y46) -> 0 | L46: =SUM(AA46:AL46) -> 0
J47: =+K47+L47 -> 0 | K47: =SUM(N47:Y47) -> 0 | L47: =SUM(AA47:AL47) -> 0
J48: =+K48+L48 -> 0 | K48: =SUM(N48:Y48) -> 0 | L48: =SUM(AA48:AL48) -> 0
J49: =+K49+L49 -> 0 | K49: =SUM(N49:Y49) -> 0 | L49: =SUM(AA49:AL49) -> 0
J50: =+K50+L50 -> 0 | K50: =SUM(N50:Y50) -> 0 | L50: =SUM(AA50:AL50) -> 0
J51: =+K51+L51 -> 0 | K51: =SUM(N51:Y51) -> 0 | L51: =SUM(AA51:AL51) -> 0
J52: =+K52+L52 -> 0 | K52: =SUM(N52:Y52) -> 0 | L52: =SUM(AA52:AL52) -> 0
J53: =+K53+L53 -> 0 | K53: =SUM(N53:Y53) -> 0 | L53: =SUM(AA53:AL53) -> 0
J54: =+K54+L54 -> 0 | K54: =SUM(N54:Y54) -> 0 | L54: =SUM(AA54:AL54) -> 0
J55: =+K55+L55 -> 0 | K55: =SUM(N55:Y55) -> 0 | L55: =SUM(AA55:AL55) -> 0
J56: =+K56+L56 -> 0 | K56: =SUM(N56:Y56) -> 0 | L56: =SUM(AA56:AL56) -> 0
... J252: =+K252+L252 -> 0 | K252: =SUM(N252:Y252) -> 0 | L252: =SUM(AA252:AL252) -> 0

Sheet W17
E2: ENTITY NAME : | G2: =+parameters!D2 -> Diam CHINA | I2: ORDER BOOK SYNTHESIS in K€
E4: WEEK : | G4: W17 | I4: Cells to be filled in
E6: MONTH : | G6: =+VLOOKUP(G4, parameters!G:H, 2, 0) -> April
E8: TURNOVER | F8: =parameters!D4 -> k€ | H8: YTD Turnover | J8: =+G6&" Turnover" -> April Turnover | L8: Last estim. for the month: | O8: Forecast 2026
H9: =+"from January 1 until end of "&G4 -> from January 1 until end of W17 | J9: =+"from "&G6&" 1 until end of "&G4 -> from April 1 until end of W17 | L9: =+G6 -> April | O9: =+G4 -> W17 | P9: =+VLOOKUP(G4, parameters!$G$9:$I$61,3,0) -> W16 | Q9: Var
E10: EXTERNAL SALES INVOICED (=outside group) | H10: =0+42.329+858.91+62.064+0+157.801+0+221.857+0+22.212+108.05+41.317+7.018+J10 -> 1737.737 | J10: =0+84.283+40.3+91.596 -> 216.179 | L10: =J10+Q17 -> 414.0929 | O10: =+H10+K17 -> 4493.3689 | P10: =INDIRECT(ADDRESS(10,15,,,VLOOKUP($G$4,parameters!$G:$I,3,0))) -> 4410.3689 | Q10: =O10-P10 -> 83
E11: GROUP SALES INVOICED | H11: =0+93.912+182.874+1363.965+2.405+3186.523+33+171.096+0+863.19+90.95+300.843+151.863+368.141+283.769+J11 -> 9073.855 | J11: =0+878.38+1.198+378.879+722.867 -> 1981.324 | L11: =J11+Q18 -> 2384.724 | O11: =+H11+K18 -> 14635.552 | P11: {=INDIRECT(ADDRESS(11,15,,,VLOOKUP($G$4,parameters!$G:$I,3,0)))} -> 13902.285 | Q11: =O11-P11 -> 733.267 | S11: Definition orders : you consider the orders which are sure even if the order customers paper order is not yet received
E12: TOTAL | H12: =SUM(H10:H11) -> 10811.592 | J12: =SUM(J10:J11) -> 2197.503 | L12: =SUM(L10:L11) -> 2798.8169 | O12: =SUM(O10:O11) -> 19128.921 | P12: =SUM(P10:P11) -> 18312.654 | Q12: =O12-P12 -> 816.267 | S12: The quantity, value, and delivery date can be changed before final delivery
E16: ORDERBOOK | F16: =+F8 -> k€ | J16: TOTAL ORDERBOOK | K16: Total amount 2026 | L16: Total amount 2027 | N16: 46023 | O16: 46054 | P16: 46082 | Q16: 46113 | R16: 46143 | S16: 46174 | T16: 46204 | U16: 46235 | V16: 46266 | W16: 46296 | X16: 46327 | Y16: 46357 | AA16: 46388 | AB16: 46419 | AC16: 46447 | AD16: 46478 | AE16: 46508 | AF16: 46539 | AG16: 46569 | AH16: 46600 | AI16: 46631 | AJ16: 46661 | AK16: 46692 | AL16: 46722
E17: External | J17: =+SUMIF($F$24:$F$249,"External",$J$24:$J$249) -> 2755.6319 | K17: =+SUMIF($F$24:$F$249,"External",$K$24:$K$249) -> 2755.6319 | L17: =+SUMIF($F$24:$F$249,"External",$L$24:$L$249) -> 0 | N17: =+SUMIF($F$24:$F$249,"External",N$24:N$249) -> 0 | O17: =+SUMIF($F$24:$F$249,"External",O$24:O$249) -> 0 | P17: =+SUMIF($F$24:$F$249,"External",P$24:P$249) -> 0 | Q17: =+SUMIF($F$24:$F$249,"External",Q$24:Q$249) -> 197.9139 | R17: =+SUMIF($F$24:$F$249,"External",R$24:R$249) -> 674.417 | S17: =+SUMIF($F$24:$F$249,"External",S$24:S$249) -> 916.491 | T17: =+SUMIF($F$24:$F$249,"External",T$24:T$249) -> 209.875 | U17: =+SUMIF($F$24:$F$249,"External",U$24:U$249) -> 117.292 | ... Y17: =+SUMIF($F$24:$F$249,"External",Y$24:Y$249) -> 0 | AA17: =+SUMIF($F$24:$F$249,"External",AA$24:AA$249) -> 0 | AB17: =+SUMIF($F$24:$F$249,"External",AB$24:AB$249) -> 0 | AC17: =+SUMIF($F$24:$F$249,"External",AC$24:AC$249) -> 0 | AD17: =+SUMIF($F$24:$F$249,"External",AD$24:AD$249) -> 0 | AE17: =+SUMIF($F$24:$F$249,"External",AE$24:AE$249) -> 0 | AF17: =+SUMIF($F$24:$F$249,"External",AF$24:AF$249) -> 0 | AG17: =+SUMIF($F$24:$F$249,"External",AG$24:AG$249) -> 0 | AH17: =+SUMIF($F$24:$F$249,"External",AH$24:AH$249) -> 0 | ... AL17: =+SUMIF($F$24:$F$249,"External",AL$24:AL$249) -> 0
E18: Group | J18: =+SUMIF($F$24:$F$249,"Group",$J$24:$J$249) -> 5561.697 | K18: =+SUMIF($F$24:$F$249,"Group",$K$24:$K$249) -> 5561.697 | L18: =SUMIF($F$24:$F$249,"Group",$L$24:$L$249) -> 0 | N18: =+SUMIF($F$24:$F$249,"Group",N$24:N$249) -> 0 | O18: =+SUMIF($F$24:$F$249,"Group",O$24:O$249) -> 0 | P18: =+SUMIF($F$24:$F$249,"Group",P$24:P$249) -> 0 | Q18: =+SUMIF($F$24:$F$249,"Group",Q$24:Q$249) -> 403.4 | R18: =+SUMIF($F$24:$F$249,"Group",R$24:R$249) -> 1153.6 | S18: =+SUMIF($F$24:$F$249,"Group",S$24:S$249) -> 1164.8 | T18: =+SUMIF($F$24:$F$249,"Group",T$24:T$249) -> 2069.9 | U18: =+SUMIF($F$24:$F$249,"Group",U$24:U$249) -> 610.397 | ... Y18: =+SUMIF($F$24:$F$249,"Group",Y$24:Y$249) -> 0 | AA18: =+SUMIF($F$24:$F$249,"Group",AA$24:AA$249) -> 0 | AB18: =+SUMIF($F$24:$F$249,"Group",AB$24:AB$249) -> 0 | AC18: =+SUMIF($F$24:$F$249,"Group",AC$24:AC$249) -> 0 | AD18: =+SUMIF($F$24:$F$249,"Group",AD$24:AD$249) -> 0 | AE18: =+SUMIF($F$24:$F$249,"Group",AE$24:AE$249) -> 0 | AF18: =+SUMIF($F$24:$F$249,"Group",AF$24:AF$249) -> 0 | AG18: =+SUMIF($F$24:$F$249,"Group",AG$24:AG$249) -> 0 | AH18: =+SUMIF($F$24:$F$249,"Group",AH$24:AH$249) -> 0 | ... AL18: =+SUMIF($F$24:$F$249,"Group",AL$24:AL$249) -> 0
E19: TOTAL | J19: =SUM(J17:J18) -> 8317.3289 | K19: =SUM(K17:K18) -> 8317.3289 | L19: =SUM(L17:L18) -> 0 | N19: =SUM(N17:N18) -> 0 | O19: =SUM(O17:O18) -> 0 | P19: =SUM(P17:P18) -> 0 | Q19: =SUM(Q17:Q18) -> 601.3139 | R19: =SUM(R17:R18) -> 1828.017 | S19: =SUM(S17:S18) -> 2081.291 | T19: =SUM(T17:T18) -> 2279.775 | U19: =SUM(U17:U18) -> 727.689 | ... Y19: =SUM(Y17:Y18) -> 0 | AA19: =SUM(AA17:AA18) -> 0 | AB19: =SUM(AB17:AB18) -> 0 | AC19: =SUM(AC17:AC18) -> 0 | AD19: =SUM(AD17:AD18) -> 0 | AE19: =SUM(AE17:AE18) -> 0 | AF19: =SUM(AF17:AF18) -> 0 | AG19: =SUM(AG17:AG18) -> 0 | AH19: =SUM(AH17:AH18) -> 0 | ... AL19: =SUM(AL17:AL18) -> 0
I21: check | J21: =IF(SUM(J24:J249)=J19, "OK", "Please correct: the sum of orders below is not equal to the total calculated above. Make sure to pick External or Group for each order and don't change the formulas in columns K and L") -> OK | N21: 2026 | AA21: 2027
E23: Order (Tooling including) to be delivered | F23: External or Group | G23: Customers orders | H23: Quantity | I23: DGC | J23: TOTAL ORDERBOOK | K23: Total amount 2026 | L23: Total amount 2026 | N23: 46023 | O23: 46054 | P23: 46082 | Q23: 46113 | R23: 46143 | S23: 46174 | T23: 46204 | U23: 46235 | V23: 46266 | W23: 46296 | X23: 46327 | Y23: 46357 | AA23: 46388 | AB23: 46419 | AC23: 46447 | AD23: 46478 | AE23: 46508 | AF23: 46539 | AG23: 46569 | AH23: 46600 | AI23: 46631 | AJ23: 46661 | AK23: 46692 | AL23: 46722
D24: X | E24: DEHK | F24: Group | G24: DEHK HK | I24: G | J24: =+K24+L24 -> 5385.3 | K24: =SUM(N24:Y24) -> 5385.3 | L24: =SUM(AA24:AL24) -> 0 | Q24: 403.4 | R24: 1153.6 | S24: 1164.8 | T24: 2069.9 | U24: 434 | V24: 159.6
E25: DIAM Singapore | F25: Group | G25: DIAM SINGAPORE | I25: G | J25: =+K25+L25 -> 176.397 | K25: =SUM(N25:Y25) -> 176.397 | L25: =SUM(AA25:AL25) -> 0 | U25: =30-1.198+30+117.595 -> 176.397
E26: Sephora | F26: External | G26: SEPHORA | I26: E | J26: =+K26+L26 -> 868.21 | K26: =SUM(N26:Y26) -> 868.21 | L26: =SUM(AA26:AL26) -> 0 | Q26: =113.843-1.261-0.246-27 -> 85.336 | R26: =135.397+27 -> 162.397 | S26: 620.477
E27: Burberry/Gucci/Lancaster | F27: External | G27: Coty | I27: E | J27: =+K27+L27 -> 347.034 | K27: =SUM(N27:Y27) -> 347.034 | L27: =SUM(AA27:AL27) -> 0 | Q27: =320.554-54.405-2.115-233 -> 31.034 | R27: =233+16 -> 249 | T27: =8+59 -> 67
E28: Fenty | F28: External | G28: FENTY | I28: E | J28: =+K28+L28 -> 10.993 | K28: =SUM(N28:Y28) -> 10.993 | L28: =SUM(AA28:AL28) -> 0 | R28: =8.156-1.917+4.754 -> 10.993
E29: Herbeast/Komfymed/Chaling | F29: External | G29: SEPHORA-Exclusive brands | I29: E | J29: =+K29+L29 -> 48.326 | K29: =SUM(N29:Y29) -> 48.326 | L29: =SUM(AA29:AL29) -> 0 | R29: =1-0.936-0.655+8.903-1+2 -> 9.312 | S29: =38.014+1 -> 39.014
E30: Benefit/Fresh/Guerlain/Kenzo/Givenchy | F30: External | G30: LVMH | I30: E | J30: =+K30+L30 -> 289.6239 | K30: =SUM(N30:Y30) -> 289.6239 | L30: =SUM(AA30:AL30) -> 0 | Q30: =67.6609-12.322-4.715-10 -> 40.6239 | R30: =107-2 -> 105 | S30: =12+2 -> 14 | T30: 19 | X30: 111
E31: ETERNAL( Laura Mercier) | F31: External | G31: ETERNAL | I31: E | J31: =+K31+L31 -> 5.083 | K31: =SUM(N31:Y31) -> 5.083 | L31: =SUM(AA31:AL31) -> 0 | R31: 0.483 | U31: =5-0.4 -> 4.6
E32: Clinique/BB/MAC/Estee Lauder | F32: External | G32: Estee Lauder | I32: E | J32: =+K32+L32 -> 37.442 | K32: =SUM(N32:Y32) -> 37.442 | L32: =SUM(AA32:AL32) -> 0 | Q32: =18.969-5.527+6 -> 19.442 | R32: 12 | U32: 6
E33: Hourglass | F33: External | G33: Hourglass | I33: E | J33: =+K33+L33 -> 610.582 | K33: =SUM(N33:Y33) -> 610.582 | L33: =SUM(AA33:AL33) -> 0 | Q33: 1.3 | R33: 3 | S33: 239 | X33: =368.035-0.753 -> 367.282
E34: Galenic | F34: External | G34: Galenic | I34: E | J34: =+K34+L34 -> 11.274 | K34: =SUM(N34:Y34) -> 11.274 | L34: =SUM(AA34:AL34) -> 0 | U34: =13.67-2.396 -> 11.274
E35: L‘oreal | F35: External | G35: L‘oreal(PACK) | I35: E | J35: =+K35+L35 -> 130.725 | K35: =SUM(N35:Y35) -> 130.725 | L35: =SUM(AA35:AL35) -> 0 | Q35: =23.178-3 -> 20.178 | R35: =26+3-8 -> 21 | S35: =2+8-6 -> 4 | T35: =8-3 -> 5 | U35: =71.547+6+3 -> 80.547
E36: Clarins | F36: External | G36: Clarins | I36: E | J36: =+K36+L36 -> 4.871 | K36: =SUM(N36:Y36) -> 4.871 | L36: =SUM(AA36:AL36) -> 0 | U36: 4.871
